{
"type": "FeatureCollection",
"name": "chalcedondata",
"crs": { "type": "name", "properties": { "name": "urn:ogc:def:crs:OGC:1.3:CRS84" } },
"features": [
{ "type": "Feature", "properties": { "diocese": "Africa", "province": "Africa Proconsularis", "see": "Pupput", "metropolis": null, "patriarchal": null, "unlocated": null, "x": 10.55757918, "y": 36.39374449, "batlas": "32 G4 Pupput", "pleiades": "https://pleiades.stoa.org/places/315121", "notes": null, "E431": null, "A445": null, "A448": null, "C448": "Aurelius", "TB449": null, "C449": null, "E449": null, "Ch": "Aurelius", "412-35": null, "428-31": null, "431": null, "434-46": null, "445-9": null, "449-51": null, "450": null, "450+": null, "?": null, "Ch; from 457": null, "TB449; end of Ch": null, "after 451": null, "c.440": null, "early 440s": null, "from 451": null, "d. c.443": null, "c.443-7": null }, "geometry": { "type": "Point", "coordinates": [ 10.55757918, 36.39374449 ] } },
{ "type": "Feature", "properties": { "diocese": "Africa", "province": "Byzacena", "see": "Hadrumetum", "metropolis": null, "patriarchal": null, "unlocated": null, "x": 10.63414318, "y": 35.83112917, "batlas": "33 G1 Hadrumetum/Iustinianopolis", "pleiades": "https://pleiades.stoa.org/places/324716", "notes": null, "E431": null, "A445": null, "A448": null, "C448": null, "TB449": null, "C449": "Aurelius", "E449": null, "Ch": "Aurelius", "412-35": null, "428-31": null, "431": null, "434-46": null, "445-9": null, "449-51": null, "450": null, "450+": null, "?": null, "Ch; from 457": null, "TB449; end of Ch": null, "after 451": null, "c.440": null, "early 440s": null, "from 451": null, "d. c.443": null, "c.443-7": null }, "geometry": { "type": "Point", "coordinates": [ 10.63414318, 35.83112917 ] } },
{ "type": "Feature", "properties": { "diocese": "Asiana", "province": "Asia", "see": "Adramyttium", "metropolis": null, "patriarchal": null, "unlocated": null, "x": 26.93563388, "y": 39.49828223, "batlas": "56 D2 Adramyttium", "pleiades": "https://pleiades.stoa.org/places/550403", "notes": null, "E431": "Helladius", "A445": null, "A448": null, "C448": null, "TB449": null, "C449": null, "E449": "Flavian", "Ch": null, "412-35": null, "428-31": null, "431": null, "434-46": null, "445-9": null, "449-51": null, "450": null, "450+": null, "?": null, "Ch; from 457": null, "TB449; end of Ch": null, "after 451": null, "c.440": null, "early 440s": null, "from 451": null, "d. c.443": null, "c.443-7": null }, "geometry": { "type": "Point", "coordinates": [ 26.93563388, 39.49828223 ] } },
{ "type": "Feature", "properties": { "diocese": "Asiana", "province": "Asia", "see": "Aegae", "metropolis": null, "patriarchal": null, "unlocated": null, "x": 27.1917223, "y": 38.83298255, "batlas": "56 E4 Aegae", "pleiades": "https://pleiades.stoa.org/places/550404", "notes": null, "E431": null, "A445": null, "A448": null, "C448": null, "TB449": null, "C449": null, "E449": "Cyriacus", "Ch": "Cyriacus", "412-35": null, "428-31": null, "431": null, "434-46": null, "445-9": null, "449-51": null, "450": null, "450+": null, "?": null, "Ch; from 457": null, "TB449; end of Ch": null, "after 451": null, "c.440": null, "early 440s": null, "from 451": null, "d. c.443": null, "c.443-7": null }, "geometry": { "type": "Point", "coordinates": [ 27.1917223, 38.83298255 ] } },
{ "type": "Feature", "properties": { "diocese": "Asiana", "province": "Asia", "see": "Algiza", "metropolis": null, "patriarchal": null, "unlocated": null, "x": 27.40840864, "y": 39.84385901, "batlas": "56 E2 Argiza", "pleiades": "https://pleiades.stoa.org/places/550450", "notes": "Review location", "E431": null, "A445": null, "A448": null, "C448": null, "TB449": null, "C449": null, "E449": null, "Ch": "Proclus", "412-35": null, "428-31": null, "431": null, "434-46": null, "445-9": null, "449-51": null, "450": null, "450+": null, "?": null, "Ch; from 457": null, "TB449; end of Ch": null, "after 451": null, "c.440": null, "early 440s": null, "from 451": null, "d. c.443": null, "c.443-7": null }, "geometry": { "type": "Point", "coordinates": [ 27.40840864, 39.84385901 ] } },
{ "type": "Feature", "properties": { "diocese": "Asiana", "province": "Asia", "see": "Anaea", "metropolis": null, "patriarchal": null, "unlocated": null, "x": 27.29806691, "y": 37.78293803, "batlas": "61 E2 Anaia", "pleiades": "https://pleiades.stoa.org/places/599490", "notes": null, "E431": "Modestus", "A445": null, "A448": null, "C448": null, "TB449": null, "C449": null, "E449": null, "Ch": null, "412-35": null, "428-31": null, "431": null, "434-46": null, "445-9": null, "449-51": null, "450": null, "450+": null, "?": null, "Ch; from 457": null, "TB449; end of Ch": null, "after 451": null, "c.440": null, "early 440s": null, "from 451": null, "d. c.443": null, "c.443-7": null }, "geometry": { "type": "Point", "coordinates": [ 27.29806691, 37.78293803 ] } },
{ "type": "Feature", "properties": { "diocese": "Asiana", "province": "Asia", "see": "Aninetus", "metropolis": null, "patriarchal": null, "unlocated": null, "x": 28.443642, "y": 37.93269156, "batlas": "61 G2 Anineta", "pleiades": "https://pleiades.stoa.org/places/599493", "notes": null, "E431": "Theodore", "A445": null, "A448": null, "C448": null, "TB449": null, "C449": null, "E449": null, "Ch": "Mamas", "412-35": null, "428-31": null, "431": null, "434-46": null, "445-9": null, "449-51": null, "450": null, "450+": null, "?": null, "Ch; from 457": null, "TB449; end of Ch": null, "after 451": null, "c.440": null, "early 440s": null, "from 451": null, "d. c.443": null, "c.443-7": null }, "geometry": { "type": "Point", "coordinates": [ 28.443642, 37.93269156 ] } },
{ "type": "Feature", "properties": { "diocese": "Asiana", "province": "Asia", "see": "Arcadiopolis", "metropolis": null, "patriarchal": null, "unlocated": true, "x": 27.5095, "y": 38.3576, "batlas": null, "pleiades": null, "notes": null, "E431": "Alexander", "A445": null, "A448": null, "C448": null, "TB449": null, "C449": null, "E449": null, "Ch": null, "412-35": null, "428-31": null, "431": null, "434-46": null, "445-9": null, "449-51": null, "450": null, "450+": null, "?": null, "Ch; from 457": null, "TB449; end of Ch": null, "after 451": null, "c.440": null, "early 440s": null, "from 451": null, "d. c.443": null, "c.443-7": null }, "geometry": { "type": "Point", "coordinates": [ 27.5095, 38.3576 ] } },
{ "type": "Feature", "properties": { "diocese": "Asiana", "province": "Asia", "see": "Assus", "metropolis": null, "patriarchal": null, "unlocated": null, "x": 26.33658354, "y": 39.49040384, "batlas": "56 C3 Assos/Apollonia", "pleiades": "https://pleiades.stoa.org/places/550463", "notes": null, "E431": "Maximus", "A445": null, "A448": null, "C448": null, "TB449": null, "C449": null, "E449": null, "Ch": null, "412-35": null, "428-31": null, "431": null, "434-46": null, "445-9": null, "449-51": null, "450": null, "450+": null, "?": null, "Ch; from 457": null, "TB449; end of Ch": null, "after 451": null, "c.440": null, "early 440s": null, "from 451": null, "d. c.443": null, "c.443-7": null }, "geometry": { "type": "Point", "coordinates": [ 26.33658354, 39.49040384 ] } },
{ "type": "Feature", "properties": { "diocese": "Asiana", "province": "Asia", "see": "Augaza", "metropolis": null, "patriarchal": null, "unlocated": true, "x": 27.5095, "y": 38.3576, "batlas": null, "pleiades": "https://pleiades.stoa.org/places/554199", "notes": "Unlocated https://pleiades.stoa.org/places/554199", "E431": "Eutropius", "A445": null, "A448": null, "C448": null, "TB449": null, "C449": null, "E449": "Olympius", "Ch": "Olympius", "412-35": null, "428-31": null, "431": null, "434-46": null, "445-9": null, "449-51": null, "450": null, "450+": null, "?": null, "Ch; from 457": null, "TB449; end of Ch": null, "after 451": null, "c.440": null, "early 440s": null, "from 451": null, "d. c.443": null, "c.443-7": null }, "geometry": { "type": "Point", "coordinates": [ 27.5095, 38.3576 ] } },
{ "type": "Feature", "properties": { "diocese": "Asiana", "province": "Asia", "see": "Auliucome", "metropolis": null, "patriarchal": null, "unlocated": true, "x": 27.5095, "y": 38.3576, "batlas": null, "pleiades": "https://pleiades.stoa.org/places/554200", "notes": "Unlocated https://pleiades.stoa.org/places/554200", "E431": "Thomas", "A445": null, "A448": null, "C448": "Thomas", "TB449": null, "C449": null, "E449": null, "Ch": "Thomas", "412-35": null, "428-31": null, "431": null, "434-46": null, "445-9": null, "449-51": null, "450": null, "450+": null, "?": null, "Ch; from 457": null, "TB449; end of Ch": null, "after 451": null, "c.440": null, "early 440s": null, "from 451": null, "d. c.443": null, "c.443-7": null }, "geometry": { "type": "Point", "coordinates": [ 27.5095, 38.3576 ] } },
{ "type": "Feature", "properties": { "diocese": "Asiana", "province": "Asia", "see": "Briulla", "metropolis": null, "patriarchal": null, "unlocated": null, "x": 28.649583, "y": 37.961027, "batlas": "65 A2 Brioula", "pleiades": "https://pleiades.stoa.org/places/638793", "notes": null, "E431": "Timothy", "A445": null, "A448": null, "C448": null, "TB449": null, "C449": null, "E449": null, "Ch": "Rufinus", "412-35": null, "428-31": null, "431": null, "434-46": null, "445-9": null, "449-51": null, "450": null, "450+": null, "?": null, "Ch; from 457": null, "TB449; end of Ch": null, "after 451": null, "c.440": null, "early 440s": null, "from 451": null, "d. c.443": null, "c.443-7": null }, "geometry": { "type": "Point", "coordinates": [ 28.649583, 37.961027 ] } },
{ "type": "Feature", "properties": { "diocese": "Asiana", "province": "Asia", "see": "Clazomenae", "metropolis": null, "patriarchal": null, "unlocated": null, "x": 26.7705679, "y": 38.36145759, "batlas": "56 D5 Klazomenai?", "pleiades": "https://pleiades.stoa.org/places/550650", "notes": null, "E431": "Eusebius", "A445": null, "A448": null, "C448": null, "TB449": null, "C449": null, "E449": null, "Ch": "Eusebius", "412-35": null, "428-31": null, "431": null, "434-46": null, "445-9": null, "449-51": null, "450": null, "450+": null, "?": null, "Ch; from 457": null, "TB449; end of Ch": null, "after 451": null, "c.440": null, "early 440s": null, "from 451": null, "d. c.443": null, "c.443-7": null }, "geometry": { "type": "Point", "coordinates": [ 26.7705679, 38.36145759 ] } },
{ "type": "Feature", "properties": { "diocese": "Asiana", "province": "Asia", "see": "Coloe", "metropolis": null, "patriarchal": null, "unlocated": null, "x": 28.208011, "y": 38.22593, "batlas": "56 G5 Koloe", "pleiades": "https://pleiades.stoa.org/places/550659", "notes": null, "E431": "Aphobius", "A445": null, "A448": null, "C448": null, "TB449": null, "C449": null, "E449": null, "Ch": null, "412-35": null, "428-31": null, "431": null, "434-46": null, "445-9": null, "449-51": null, "450": null, "450+": null, "?": null, "Ch; from 457": null, "TB449; end of Ch": null, "after 451": null, "c.440": null, "early 440s": null, "from 451": null, "d. c.443": null, "c.443-7": null }, "geometry": { "type": "Point", "coordinates": [ 28.208011, 38.22593 ] } },
{ "type": "Feature", "properties": { "diocese": "Asiana", "province": "Asia", "see": "Colophon", "metropolis": null, "patriarchal": null, "unlocated": null, "x": 27.1483085, "y": 38.108253, "batlas": "61 E1 Colophon", "pleiades": "https://pleiades.stoa.org/places/599577", "notes": null, "E431": "Euthalius", "A445": null, "A448": null, "C448": null, "TB449": null, "C449": null, "E449": null, "Ch": null, "412-35": null, "428-31": null, "431": null, "434-46": null, "445-9": null, "449-51": null, "450": null, "450+": null, "?": null, "Ch; from 457": null, "TB449; end of Ch": null, "after 451": null, "c.440": null, "early 440s": null, "from 451": null, "d. c.443": null, "c.443-7": null }, "geometry": { "type": "Point", "coordinates": [ 27.1483085, 38.108253 ] } },
{ "type": "Feature", "properties": { "diocese": "Asiana", "province": "Asia", "see": "Cyme", "metropolis": null, "patriarchal": null, "unlocated": null, "x": 26.93831936, "y": 38.76019282, "batlas": "56 D4 Cyme", "pleiades": "https://pleiades.stoa.org/places/550506", "notes": null, "E431": "Maximus", "A445": null, "A448": null, "C448": null, "TB449": null, "C449": null, "E449": null, "Ch": null, "412-35": null, "428-31": null, "431": null, "434-46": null, "445-9": null, "449-51": null, "450": null, "450+": null, "?": null, "Ch; from 457": null, "TB449; end of Ch": null, "after 451": null, "c.440": null, "early 440s": null, "from 451": null, "d. c.443": null, "c.443-7": null }, "geometry": { "type": "Point", "coordinates": [ 26.93831936, 38.76019282 ] } },
{ "type": "Feature", "properties": { "diocese": "Asiana", "province": "Asia", "see": "Elaea", "metropolis": null, "patriarchal": null, "unlocated": null, "x": 27.055256, "y": 38.941644, "batlas": "56 E4 Elaea", "pleiades": "https://pleiades.stoa.org/places/550523", "notes": null, "E431": null, "A445": null, "A448": null, "C448": null, "TB449": null, "C449": null, "E449": null, "Ch": "Isaias", "412-35": null, "428-31": null, "431": null, "434-46": null, "445-9": null, "449-51": null, "450": null, "450+": null, "?": null, "Ch; from 457": null, "TB449; end of Ch": null, "after 451": null, "c.440": null, "early 440s": null, "from 451": null, "d. c.443": null, "c.443-7": null }, "geometry": { "type": "Point", "coordinates": [ 27.055256, 38.941644 ] } },
{ "type": "Feature", "properties": { "diocese": "Asiana", "province": "Asia", "see": "Ephesus", "metropolis": true, "patriarchal": null, "unlocated": null, "x": 27.34240298, "y": 37.94016427, "batlas": "61 E2 Ephesus/Arsinoe(ia)", "pleiades": "https://pleiades.stoa.org/places/599612", "notes": null, "E431": null, "A445": null, "A448": null, "C448": null, "TB449": null, "C449": null, "E449": "Stephen", "Ch": "Stephen", "412-35": null, "428-31": null, "431": "Memnon", "434-46": null, "445-9": null, "449-51": null, "450": null, "450+": null, "?": null, "Ch; from 457": null, "TB449; end of Ch": null, "after 451": "John", "c.440": null, "early 440s": null, "from 451": null, "d. c.443": "Basil", "c.443-7": "Bassianus" }, "geometry": { "type": "Point", "coordinates": [ 27.34240298, 37.94016427 ] } },
{ "type": "Feature", "properties": { "diocese": "Asiana", "province": "Asia", "see": "Erythrae", "metropolis": null, "patriarchal": null, "unlocated": null, "x": 26.480833, "y": 38.382778, "batlas": "56 C5 Erythrai", "pleiades": "https://pleiades.stoa.org/places/550535", "notes": null, "E431": "Tychicus", "A445": null, "A448": null, "C448": null, "TB449": null, "C449": null, "E449": null, "Ch": null, "412-35": null, "428-31": null, "431": null, "434-46": null, "445-9": null, "449-51": null, "450": null, "450+": null, "?": null, "Ch; from 457": null, "TB449; end of Ch": null, "after 451": null, "c.440": null, "early 440s": null, "from 451": null, "d. c.443": null, "c.443-7": null }, "geometry": { "type": "Point", "coordinates": [ 26.480833, 38.382778 ] } },
{ "type": "Feature", "properties": { "diocese": "Asiana", "province": "Asia", "see": "Hypaepa", "metropolis": null, "patriarchal": null, "unlocated": null, "x": 27.962914, "y": 38.248459, "batlas": "56 F5 Hypaipa", "pleiades": "https://pleiades.stoa.org/places/550585", "notes": null, "E431": "Euporus", "A445": null, "A448": null, "C448": null, "TB449": null, "C449": null, "E449": "Julian", "Ch": "Julian", "412-35": null, "428-31": null, "431": null, "434-46": null, "445-9": null, "449-51": null, "450": null, "450+": null, "?": null, "Ch; from 457": null, "TB449; end of Ch": null, "after 451": null, "c.440": null, "early 440s": null, "from 451": null, "d. c.443": null, "c.443-7": null }, "geometry": { "type": "Point", "coordinates": [ 27.962914, 38.248459 ] } },
{ "type": "Feature", "properties": { "diocese": "Asiana", "province": "Asia", "see": "Lebedus", "metropolis": null, "patriarchal": null, "unlocated": null, "x": 26.965885, "y": 38.0756465, "batlas": "61 D1 Lebedos/Ptolemais", "pleiades": "https://pleiades.stoa.org/places/599754", "notes": null, "E431": null, "A445": null, "A448": null, "C448": null, "TB449": null, "C449": null, "E449": "Cyriacus", "Ch": null, "412-35": null, "428-31": null, "431": null, "434-46": null, "445-9": null, "449-51": null, "450": null, "450+": null, "?": null, "Ch; from 457": null, "TB449; end of Ch": null, "after 451": null, "c.440": null, "early 440s": null, "from 451": null, "d. c.443": null, "c.443-7": null }, "geometry": { "type": "Point", "coordinates": [ 26.965885, 38.0756465 ] } },
{ "type": "Feature", "properties": { "diocese": "Asiana", "province": "Asia", "see": "Magnesia by Sipylus", "metropolis": null, "patriarchal": null, "unlocated": null, "x": 27.4333969, "y": 38.6125793, "batlas": "56 E4 Magnesia ad Sipylum", "pleiades": "https://pleiades.stoa.org/places/550706", "notes": null, "E431": "Eusebius", "A445": null, "A448": null, "C448": null, "TB449": null, "C449": null, "E449": null, "Ch": null, "412-35": null, "428-31": null, "431": null, "434-46": null, "445-9": null, "449-51": null, "450": null, "450+": null, "?": null, "Ch; from 457": null, "TB449; end of Ch": null, "after 451": null, "c.440": null, "early 440s": null, "from 451": null, "d. c.443": null, "c.443-7": null }, "geometry": { "type": "Point", "coordinates": [ 27.4333969, 38.6125793 ] } },
{ "type": "Feature", "properties": { "diocese": "Asiana", "province": "Asia", "see": "Magnesia on the Maeander", "metropolis": null, "patriarchal": null, "unlocated": null, "x": 27.52317844, "y": 37.84986234, "batlas": "61 F2 Magnesia ad Maeandrum/Leukophrys", "pleiades": "https://pleiades.stoa.org/places/599778", "notes": null, "E431": "Daphnus", "A445": null, "A448": null, "C448": null, "TB449": null, "C449": null, "E449": "Leontius", "Ch": "Leontius", "412-35": null, "428-31": null, "431": null, "434-46": null, "445-9": null, "449-51": null, "450": null, "450+": null, "?": null, "Ch; from 457": null, "TB449; end of Ch": null, "after 451": null, "c.440": null, "early 440s": null, "from 451": null, "d. c.443": null, "c.443-7": null }, "geometry": { "type": "Point", "coordinates": [ 27.52317844, 37.84986234 ] } },
{ "type": "Feature", "properties": { "diocese": "Asiana", "province": "Asia", "see": "Mastaura", "metropolis": null, "patriarchal": null, "unlocated": null, "x": 28.3528415, "y": 37.9504305, "batlas": "61 G2 Mastaura", "pleiades": "https://pleiades.stoa.org/places/599790", "notes": null, "E431": "Theodosius", "A445": null, "A448": null, "C448": null, "TB449": null, "C449": null, "E449": "Theodosias", "Ch": null, "412-35": null, "428-31": null, "431": null, "434-46": null, "445-9": null, "449-51": null, "450": null, "450+": null, "?": null, "Ch; from 457": null, "TB449; end of Ch": null, "after 451": null, "c.440": null, "early 440s": null, "from 451": null, "d. c.443": null, "c.443-7": null }, "geometry": { "type": "Point", "coordinates": [ 28.3528415, 37.9504305 ] } },
{ "type": "Feature", "properties": { "diocese": "Asiana", "province": "Asia", "see": "Metropolis", "metropolis": null, "patriarchal": null, "unlocated": null, "x": 27.32455014, "y": 38.1248269, "batlas": "56 E5 Metropolis", "pleiades": "https://pleiades.stoa.org/places/550741", "notes": null, "E431": null, "A445": null, "A448": null, "C448": null, "TB449": null, "C449": null, "E449": null, "Ch": "Marcellinus", "412-35": null, "428-31": null, "431": null, "434-46": null, "445-9": null, "449-51": null, "450": null, "450+": null, "?": null, "Ch; from 457": null, "TB449; end of Ch": null, "after 451": null, "c.440": null, "early 440s": null, "from 451": null, "d. c.443": null, "c.443-7": null }, "geometry": { "type": "Point", "coordinates": [ 27.32455014, 38.1248269 ] } },
{ "type": "Feature", "properties": { "diocese": "Asiana", "province": "Asia", "see": "Myrina", "metropolis": null, "patriarchal": null, "unlocated": null, "x": 26.9802024, "y": 38.8469759, "batlas": "56 D4 Myrina/Sebastopolis", "pleiades": "https://pleiades.stoa.org/places/550756", "notes": null, "E431": "Dorotheus", "A445": null, "A448": null, "C448": null, "TB449": null, "C449": null, "E449": null, "Ch": "Proterius", "412-35": null, "428-31": null, "431": null, "434-46": null, "445-9": null, "449-51": null, "450": null, "450+": null, "?": null, "Ch; from 457": null, "TB449; end of Ch": null, "after 451": null, "c.440": null, "early 440s": null, "from 451": null, "d. c.443": null, "c.443-7": null }, "geometry": { "type": "Point", "coordinates": [ 26.9802024, 38.8469759 ] } },
{ "type": "Feature", "properties": { "diocese": "Asiana", "province": "Asia", "see": "Neaule", "metropolis": null, "patriarchal": null, "unlocated": true, "x": 27.5095, "y": 38.3576, "batlas": null, "pleiades": null, "notes": null, "E431": null, "A445": null, "A448": null, "C448": null, "TB449": null, "C449": null, "E449": null, "Ch": "Philip", "412-35": null, "428-31": null, "431": null, "434-46": null, "445-9": null, "449-51": null, "450": null, "450+": null, "?": null, "Ch; from 457": null, "TB449; end of Ch": null, "after 451": null, "c.440": null, "early 440s": null, "from 451": null, "d. c.443": null, "c.443-7": null }, "geometry": { "type": "Point", "coordinates": [ 27.5095, 38.3576 ] } },
{ "type": "Feature", "properties": { "diocese": "Asiana", "province": "Asia", "see": "Nysa", "metropolis": null, "patriarchal": null, "unlocated": null, "x": 28.144999, "y": 37.903405, "batlas": "61 G2 Nysa/Athymbra", "pleiades": "https://pleiades.stoa.org/places/599832", "notes": null, "E431": "Theodotus", "A445": null, "A448": null, "C448": null, "TB449": null, "C449": null, "E449": null, "Ch": "Maeonius", "412-35": null, "428-31": null, "431": null, "434-46": null, "445-9": null, "449-51": null, "450": null, "450+": null, "?": null, "Ch; from 457": null, "TB449; end of Ch": null, "after 451": null, "c.440": null, "early 440s": null, "from 451": null, "d. c.443": null, "c.443-7": null }, "geometry": { "type": "Point", "coordinates": [ 28.144999, 37.903405 ] } },
{ "type": "Feature", "properties": { "diocese": "Asiana", "province": "Asia", "see": "Palaeopolis", "metropolis": null, "patriarchal": null, "unlocated": null, "x": 28.2170655, "y": 38.085201, "batlas": "61 G1 Palaiapolis", "pleiades": "https://pleiades.stoa.org/places/599846", "notes": null, "E431": "Rhodo", "A445": null, "A448": null, "C448": null, "TB449": null, "C449": null, "E449": null, "Ch": "Basilicus", "412-35": null, "428-31": null, "431": null, "434-46": null, "445-9": null, "449-51": null, "450": null, "450+": null, "?": null, "Ch; from 457": null, "TB449; end of Ch": null, "after 451": null, "c.440": null, "early 440s": null, "from 451": null, "d. c.443": null, "c.443-7": null }, "geometry": { "type": "Point", "coordinates": [ 28.2170655, 38.085201 ] } },
{ "type": "Feature", "properties": { "diocese": "Asiana", "province": "Asia", "see": "Pergamum", "metropolis": null, "patriarchal": null, "unlocated": null, "x": 27.184167, "y": 39.1325, "batlas": "56 E3 Pergamum", "pleiades": "https://pleiades.stoa.org/places/550812", "notes": null, "E431": "Philip", "A445": null, "A448": null, "C448": null, "TB449": null, "C449": null, "E449": "Eutropius", "Ch": null, "412-35": null, "428-31": null, "431": null, "434-46": null, "445-9": null, "449-51": null, "450": null, "450+": null, "?": null, "Ch; from 457": null, "TB449; end of Ch": null, "after 451": null, "c.440": null, "early 440s": null, "from 451": null, "d. c.443": null, "c.443-7": null }, "geometry": { "type": "Point", "coordinates": [ 27.184167, 39.1325 ] } },
{ "type": "Feature", "properties": { "diocese": "Asiana", "province": "Asia", "see": "Phocaea", "metropolis": null, "patriarchal": null, "unlocated": null, "x": 26.75656, "y": 38.6703, "batlas": "56 D4 Phocaea", "pleiades": "https://pleiades.stoa.org/places/550823", "notes": null, "E431": "Theoctistus", "A445": null, "A448": null, "C448": null, "TB449": null, "C449": null, "E449": null, "Ch": "Quintus", "412-35": null, "428-31": null, "431": null, "434-46": null, "445-9": null, "449-51": null, "450": null, "450+": null, "?": null, "Ch; from 457": null, "TB449; end of Ch": null, "after 451": null, "c.440": null, "early 440s": null, "from 451": null, "d. c.443": null, "c.443-7": null }, "geometry": { "type": "Point", "coordinates": [ 26.75656, 38.6703 ] } },
{ "type": "Feature", "properties": { "diocese": "Asiana", "province": "Asia", "see": "Pitane", "metropolis": null, "patriarchal": null, "unlocated": null, "x": 26.937453, "y": 38.928297, "batlas": "56 D4 Pitane", "pleiades": "https://pleiades.stoa.org/places/550833", "notes": null, "E431": null, "A445": null, "A448": null, "C448": null, "TB449": null, "C449": null, "E449": null, "Ch": "Hesperus", "412-35": null, "428-31": null, "431": null, "434-46": null, "445-9": null, "449-51": null, "450": null, "450+": null, "?": null, "Ch; from 457": null, "TB449; end of Ch": null, "after 451": null, "c.440": null, "early 440s": null, "from 451": null, "d. c.443": null, "c.443-7": null }, "geometry": { "type": "Point", "coordinates": [ 26.937453, 38.928297 ] } },
{ "type": "Feature", "properties": { "diocese": "Asiana", "province": "Asia", "see": "Priene", "metropolis": null, "patriarchal": null, "unlocated": null, "x": 27.29658367, "y": 37.66078028, "batlas": "61 E2 Priene/‘Lince’?", "pleiades": "https://pleiades.stoa.org/places/599905", "notes": null, "E431": "Theosebius", "A445": null, "A448": null, "C448": null, "TB449": null, "C449": null, "E449": null, "Ch": null, "412-35": null, "428-31": null, "431": null, "434-46": null, "445-9": null, "449-51": null, "450": null, "450+": null, "?": null, "Ch; from 457": null, "TB449; end of Ch": null, "after 451": null, "c.440": null, "early 440s": null, "from 451": null, "d. c.443": null, "c.443-7": null }, "geometry": { "type": "Point", "coordinates": [ 27.29658367, 37.66078028 ] } },
{ "type": "Feature", "properties": { "diocese": "Asiana", "province": "Asia", "see": "Sion", "metropolis": null, "patriarchal": null, "unlocated": true, "x": 27.5095, "y": 38.3576, "batlas": null, "pleiades": null, "notes": null, "E431": "Nestorius", "A445": null, "A448": null, "C448": null, "TB449": null, "C449": null, "E449": "Bassus", "Ch": null, "412-35": null, "428-31": null, "431": null, "434-46": null, "445-9": null, "449-51": null, "450": null, "450+": null, "?": null, "Ch; from 457": null, "TB449; end of Ch": null, "after 451": null, "c.440": null, "early 440s": null, "from 451": null, "d. c.443": null, "c.443-7": null }, "geometry": { "type": "Point", "coordinates": [ 27.5095, 38.3576 ] } },
{ "type": "Feature", "properties": { "diocese": "Asiana", "province": "Asia", "see": "Smyrna", "metropolis": null, "patriarchal": null, "unlocated": null, "x": 27.141387, "y": 38.41719605, "batlas": "56 E5 Smyrna/Eurydikeia", "pleiades": "https://pleiades.stoa.org/places/550893", "notes": null, "E431": "Idduas", "A445": null, "A448": null, "C448": "Aetherichus", "TB449": null, "C449": null, "E449": "Aetherichus", "Ch": "Aetherichus", "412-35": null, "428-31": null, "431": null, "434-46": null, "445-9": null, "449-51": null, "450": null, "450+": null, "?": null, "Ch; from 457": null, "TB449; end of Ch": null, "after 451": null, "c.440": null, "early 440s": null, "from 451": null, "d. c.443": null, "c.443-7": null }, "geometry": { "type": "Point", "coordinates": [ 27.141387, 38.41719605 ] } },
{ "type": "Feature", "properties": { "diocese": "Asiana", "province": "Asia", "see": "Teos", "metropolis": null, "patriarchal": null, "unlocated": null, "x": 26.785014, "y": 38.177262, "batlas": "56 D5 Teos", "pleiades": "https://pleiades.stoa.org/places/550913", "notes": null, "E431": "Stephen", "A445": null, "A448": null, "C448": null, "TB449": null, "C449": null, "E449": "Gennadius", "Ch": null, "412-35": null, "428-31": null, "431": null, "434-46": null, "445-9": null, "449-51": null, "450": null, "450+": null, "?": null, "Ch; from 457": null, "TB449; end of Ch": null, "after 451": null, "c.440": null, "early 440s": null, "from 451": null, "d. c.443": null, "c.443-7": null }, "geometry": { "type": "Point", "coordinates": [ 26.785014, 38.177262 ] } },
{ "type": "Feature", "properties": { "diocese": "Asiana", "province": "Asia", "see": "Theodosiopolis/Perperene", "metropolis": null, "patriarchal": null, "unlocated": null, "x": 26.962332, "y": 39.240505, "batlas": "56 D3 Perperene/Theodosiopolis", "pleiades": "https://pleiades.stoa.org/places/550814", "notes": null, "E431": "Eutychius", "A445": null, "A448": null, "C448": null, "TB449": null, "C449": null, "E449": "Paulinus", "Ch": "Paulinus", "412-35": null, "428-31": null, "431": null, "434-46": null, "445-9": null, "449-51": null, "450": null, "450+": null, "?": null, "Ch; from 457": null, "TB449; end of Ch": null, "after 451": null, "c.440": null, "early 440s": null, "from 451": null, "d. c.443": null, "c.443-7": null }, "geometry": { "type": "Point", "coordinates": [ 26.962332, 39.240505 ] } },
{ "type": "Feature", "properties": { "diocese": "Asiana", "province": "Asia", "see": "Tralles", "metropolis": null, "patriarchal": null, "unlocated": null, "x": 27.83460313, "y": 37.85983792, "batlas": "61 F2 Tralles/Dia/Seleuceia ad Maeandrum/Kaisareia", "pleiades": "https://pleiades.stoa.org/places/599987", "notes": null, "E431": "Heracleon", "A445": null, "A448": null, "C448": null, "TB449": null, "C449": null, "E449": "Maximus", "Ch": null, "412-35": null, "428-31": null, "431": null, "434-46": null, "445-9": null, "449-51": null, "450": null, "450+": null, "?": null, "Ch; from 457": null, "TB449; end of Ch": null, "after 451": null, "c.440": null, "early 440s": null, "from 451": null, "d. c.443": null, "c.443-7": null }, "geometry": { "type": "Point", "coordinates": [ 27.83460313, 37.85983792 ] } },
{ "type": "Feature", "properties": { "diocese": "Asiana", "province": "Caria", "see": "Alabanda", "metropolis": null, "patriarchal": null, "unlocated": null, "x": 27.98316533, "y": 37.59570568, "batlas": "61 F2 Alabanda/Antiocheia Chrysaoron", "pleiades": "https://pleiades.stoa.org/places/638793", "notes": null, "E431": null, "A445": null, "A448": null, "C448": null, "TB449": null, "C449": null, "E449": null, "Ch": "Theodoret", "412-35": null, "428-31": null, "431": null, "434-46": null, "445-9": null, "449-51": null, "450": null, "450+": null, "?": null, "Ch; from 457": null, "TB449; end of Ch": null, "after 451": null, "c.440": null, "early 440s": null, "from 451": null, "d. c.443": null, "c.443-7": null }, "geometry": { "type": "Point", "coordinates": [ 27.98316533, 37.59570568 ] } },
{ "type": "Feature", "properties": { "diocese": "Asiana", "province": "Caria", "see": "Alinda", "metropolis": null, "patriarchal": null, "unlocated": null, "x": 27.8264257, "y": 37.55844426, "batlas": "61 F2 Alinda/Alexandria ad Latmum", "pleiades": "https://pleiades.stoa.org/places/599480", "notes": null, "E431": "Promachius", "A445": null, "A448": null, "C448": null, "TB449": null, "C449": null, "E449": null, "Ch": "John", "412-35": null, "428-31": null, "431": null, "434-46": null, "445-9": null, "449-51": null, "450": null, "450+": null, "?": null, "Ch; from 457": null, "TB449; end of Ch": null, "after 451": null, "c.440": null, "early 440s": null, "from 451": null, "d. c.443": null, "c.443-7": null }, "geometry": { "type": "Point", "coordinates": [ 27.8264257, 37.55844426 ] } },
{ "type": "Feature", "properties": { "diocese": "Asiana", "province": "Caria", "see": "Amyzon", "metropolis": null, "patriarchal": null, "unlocated": null, "x": 27.71098891, "y": 37.60851596, "batlas": "61 F2 Amyzon/*Mydon", "pleiades": "https://pleiades.stoa.org/places/599489", "notes": null, "E431": "Philetus", "A445": null, "A448": null, "C448": null, "TB449": null, "C449": null, "E449": null, "Ch": "John", "412-35": null, "428-31": null, "431": null, "434-46": null, "445-9": null, "449-51": null, "450": null, "450+": null, "?": null, "Ch; from 457": null, "TB449; end of Ch": null, "after 451": null, "c.440": null, "early 440s": null, "from 451": null, "d. c.443": null, "c.443-7": null }, "geometry": { "type": "Point", "coordinates": [ 27.71098891, 37.60851596 ] } },
{ "type": "Feature", "properties": { "diocese": "Asiana", "province": "Caria", "see": "Antioch", "metropolis": null, "patriarchal": null, "unlocated": null, "x": 28.54766073, "y": 37.87140131, "batlas": "65 A2 Antiochia ad Maeandrum", "pleiades": "https://pleiades.stoa.org/places/638748", "notes": null, "E431": null, "A445": null, "A448": null, "C448": null, "TB449": null, "C449": null, "E449": null, "Ch": "Dionysius", "412-35": null, "428-31": null, "431": null, "434-46": null, "445-9": null, "449-51": null, "450": null, "450+": null, "?": null, "Ch; from 457": null, "TB449; end of Ch": null, "after 451": null, "c.440": null, "early 440s": null, "from 451": null, "d. c.443": null, "c.443-7": null }, "geometry": { "type": "Point", "coordinates": [ 28.54766073, 37.87140131 ] } },
{ "type": "Feature", "properties": { "diocese": "Asiana", "province": "Caria", "see": "Aphrodisias", "metropolis": true, "patriarchal": null, "unlocated": null, "x": 28.72346744, "y": 37.70877759, "batlas": "65 A2 Aphrodisias/Ninoe", "pleiades": "https://pleiades.stoa.org/places/638753", "notes": null, "E431": "Cyrus", "A445": null, "A448": null, "C448": null, "TB449": null, "C449": null, "E449": "Cyrus", "Ch": "Critonianus", "412-35": null, "428-31": null, "431": null, "434-46": null, "445-9": null, "449-51": null, "450": null, "450+": null, "?": null, "Ch; from 457": null, "TB449; end of Ch": null, "after 451": null, "c.440": null, "early 440s": null, "from 451": null, "d. c.443": null, "c.443-7": null }, "geometry": { "type": "Point", "coordinates": [ 28.72346744, 37.70877759 ] } },
{ "type": "Feature", "properties": { "diocese": "Asiana", "province": "Caria", "see": "Apollonia", "metropolis": null, "patriarchal": null, "unlocated": null, "x": 29.039064, "y": 37.51511, "batlas": "65 B2 Apollonia Salbakes", "pleiades": "https://pleiades.stoa.org/places/638757", "notes": null, "E431": null, "A445": null, "A448": null, "C448": null, "TB449": null, "C449": null, "E449": null, "Ch": "Tynchanius", "412-35": null, "428-31": null, "431": null, "434-46": null, "445-9": null, "449-51": null, "450": null, "450+": null, "?": null, "Ch; from 457": null, "TB449; end of Ch": null, "after 451": null, "c.440": null, "early 440s": null, "from 451": null, "d. c.443": null, "c.443-7": null }, "geometry": { "type": "Point", "coordinates": [ 29.039064, 37.51511 ] } },
{ "type": "Feature", "properties": { "diocese": "Asiana", "province": "Caria", "see": "Bargylia", "metropolis": null, "patriarchal": null, "unlocated": null, "x": 27.58978798, "y": 37.19472454, "batlas": "61 F3 Bargylia", "pleiades": "https://pleiades.stoa.org/places/599550", "notes": null, "E431": null, "A445": null, "A448": null, "C448": null, "TB449": null, "C449": "John", "E449": null, "Ch": "John", "412-35": null, "428-31": null, "431": null, "434-46": null, "445-9": null, "449-51": null, "450": null, "450+": null, "?": null, "Ch; from 457": null, "TB449; end of Ch": null, "after 451": null, "c.440": null, "early 440s": null, "from 451": null, "d. c.443": null, "c.443-7": null }, "geometry": { "type": "Point", "coordinates": [ 27.58978798, 37.19472454 ] } },
{ "type": "Feature", "properties": { "diocese": "Asiana", "province": "Caria", "see": "Ceramus", "metropolis": null, "patriarchal": null, "unlocated": null, "x": 27.95749263, "y": 37.04103404, "batlas": "61 F3 Keramos", "pleiades": "https://pleiades.stoa.org/places/599707", "notes": null, "E431": "Spudasius", "A445": null, "A448": null, "C448": null, "TB449": null, "C449": null, "E449": null, "Ch": null, "412-35": null, "428-31": null, "431": null, "434-46": null, "445-9": null, "449-51": null, "450": null, "450+": null, "?": null, "Ch; from 457": null, "TB449; end of Ch": null, "after 451": null, "c.440": null, "early 440s": null, "from 451": null, "d. c.443": null, "c.443-7": null }, "geometry": { "type": "Point", "coordinates": [ 27.95749263, 37.04103404 ] } },
{ "type": "Feature", "properties": { "diocese": "Asiana", "province": "Caria", "see": "Cibyra", "metropolis": null, "patriarchal": null, "unlocated": null, "x": 29.49308211, "y": 37.15943905, "batlas": "65 B3 Cibyra", "pleiades": "https://pleiades.stoa.org/places/638804", "notes": null, "E431": "Apelles", "A445": null, "A448": null, "C448": null, "TB449": null, "C449": null, "E449": null, "Ch": null, "412-35": null, "428-31": null, "431": null, "434-46": null, "445-9": null, "449-51": null, "450": null, "450+": null, "?": null, "Ch; from 457": null, "TB449; end of Ch": null, "after 451": null, "c.440": null, "early 440s": null, "from 451": null, "d. c.443": null, "c.443-7": null }, "geometry": { "type": "Point", "coordinates": [ 29.49308211, 37.15943905 ] } },
{ "type": "Feature", "properties": { "diocese": "Asiana", "province": "Caria", "see": "Cnidus", "metropolis": null, "patriarchal": null, "unlocated": null, "x": 27.6987989, "y": 36.7355044, "batlas": "61 F4 Cnidus", "pleiades": "https://pleiades.stoa.org/places/599576", "notes": null, "E431": null, "A445": null, "A448": null, "C448": null, "TB449": null, "C449": null, "E449": null, "Ch": "John", "412-35": null, "428-31": null, "431": null, "434-46": null, "445-9": null, "449-51": null, "450": null, "450+": null, "?": null, "Ch; from 457": null, "TB449; end of Ch": null, "after 451": null, "c.440": null, "early 440s": null, "from 451": null, "d. c.443": null, "c.443-7": null }, "geometry": { "type": "Point", "coordinates": [ 27.6987989, 36.7355044 ] } },
{ "type": "Feature", "properties": { "diocese": "Asiana", "province": "Caria", "see": "Eriza", "metropolis": null, "patriarchal": null, "unlocated": true, "x": 28.3273, "y": 37.4873, "batlas": null, "pleiades": null, "notes": "Unlocated", "E431": null, "A445": null, "A448": null, "C448": null, "TB449": null, "C449": null, "E449": null, "Ch": "Papias", "412-35": null, "428-31": null, "431": null, "434-46": null, "445-9": null, "449-51": null, "450": null, "450+": null, "?": null, "Ch; from 457": null, "TB449; end of Ch": null, "after 451": null, "c.440": null, "early 440s": null, "from 451": null, "d. c.443": null, "c.443-7": null }, "geometry": { "type": "Point", "coordinates": [ 28.3273, 37.4873 ] } },
{ "type": "Feature", "properties": { "diocese": "Asiana", "province": "Caria", "see": "Halicarnassus", "metropolis": null, "patriarchal": null, "unlocated": null, "x": 27.42220846, "y": 37.04035424, "batlas": "61 E3 Halicarnassus", "pleiades": "https://pleiades.stoa.org/places/599636", "notes": null, "E431": null, "A445": null, "A448": null, "C448": null, "TB449": null, "C449": null, "E449": null, "Ch": "Calandion", "412-35": null, "428-31": null, "431": null, "434-46": null, "445-9": null, "449-51": null, "450": null, "450+": null, "?": null, "Ch; from 457": null, "TB449; end of Ch": null, "after 451": null, "c.440": null, "early 440s": null, "from 451": null, "d. c.443": null, "c.443-7": null }, "geometry": { "type": "Point", "coordinates": [ 27.42220846, 37.04035424 ] } },
{ "type": "Feature", "properties": { "diocese": "Asiana", "province": "Caria", "see": "Harpasa", "metropolis": null, "patriarchal": null, "unlocated": null, "x": 28.35603508, "y": 37.80078159, "batlas": "61 G2 Harpasa", "pleiades": "https://pleiades.stoa.org/places/599637", "notes": null, "E431": "Phanias", "A445": null, "A448": null, "C448": null, "TB449": null, "C449": null, "E449": null, "Ch": "Zoticus", "412-35": null, "428-31": null, "431": null, "434-46": null, "445-9": null, "449-51": null, "450": null, "450+": null, "?": null, "Ch; from 457": null, "TB449; end of Ch": null, "after 451": null, "c.440": null, "early 440s": null, "from 451": null, "d. c.443": null, "c.443-7": null }, "geometry": { "type": "Point", "coordinates": [ 28.35603508, 37.80078159 ] } },
{ "type": "Feature", "properties": { "diocese": "Asiana", "province": "Caria", "see": "Heraclea by Latmus", "metropolis": null, "patriarchal": null, "unlocated": null, "x": 27.52477916, "y": 37.50202593, "batlas": "61 F2 Heraclea ad Latmum/Pleistarcheia", "pleiades": "https://pleiades.stoa.org/places/599640", "notes": null, "E431": "Aphthonetus", "A445": null, "A448": null, "C448": null, "TB449": null, "C449": null, "E449": null, "Ch": "Dionysius", "412-35": null, "428-31": null, "431": null, "434-46": null, "445-9": null, "449-51": null, "450": null, "450+": null, "?": null, "Ch; from 457": null, "TB449; end of Ch": null, "after 451": null, "c.440": null, "early 440s": null, "from 451": null, "d. c.443": null, "c.443-7": null }, "geometry": { "type": "Point", "coordinates": [ 27.52477916, 37.50202593 ] } },
{ "type": "Feature", "properties": { "diocese": "Asiana", "province": "Caria", "see": "Heraclea by Salbacus", "metropolis": null, "patriarchal": null, "unlocated": null, "x": 28.98571, "y": 37.62259, "batlas": "65 A2 Herakleia Salbakes", "pleiades": "https://pleiades.stoa.org/places/638857", "notes": null, "E431": null, "A445": null, "A448": null, "C448": null, "TB449": null, "C449": null, "E449": null, "Ch": "Menander", "412-35": null, "428-31": null, "431": null, "434-46": null, "445-9": null, "449-51": null, "450": null, "450+": null, "?": null, "Ch; from 457": null, "TB449; end of Ch": null, "after 451": null, "c.440": null, "early 440s": null, "from 451": null, "d. c.443": null, "c.443-7": null }, "geometry": { "type": "Point", "coordinates": [ 28.98571, 37.62259 ] } },
{ "type": "Feature", "properties": { "diocese": "Asiana", "province": "Caria", "see": "Iasus", "metropolis": null, "patriarchal": null, "unlocated": null, "x": 27.58492845, "y": 37.27924241, "batlas": "61 F3 Iasos", "pleiades": "https://pleiades.stoa.org/places/599664", "notes": null, "E431": "Themistius", "A445": null, "A448": null, "C448": null, "TB449": null, "C449": null, "E449": null, "Ch": "Flacillus", "412-35": null, "428-31": null, "431": null, "434-46": null, "445-9": null, "449-51": null, "450": null, "450+": null, "?": null, "Ch; from 457": null, "TB449; end of Ch": null, "after 451": null, "c.440": null, "early 440s": null, "from 451": null, "d. c.443": null, "c.443-7": null }, "geometry": { "type": "Point", "coordinates": [ 27.58492845, 37.27924241 ] } },
{ "type": "Feature", "properties": { "diocese": "Asiana", "province": "Caria", "see": "Myndus", "metropolis": null, "patriarchal": null, "unlocated": null, "x": 27.23569423, "y": 37.05488077, "batlas": "61 E3 Myndos", "pleiades": "https://pleiades.stoa.org/places/599811", "notes": null, "E431": null, "A445": null, "A448": null, "C448": null, "TB449": null, "C449": null, "E449": null, "Ch": "Alphius", "412-35": null, "428-31": null, "431": null, "434-46": null, "445-9": null, "449-51": null, "450": null, "450+": null, "?": null, "Ch; from 457": null, "TB449; end of Ch": null, "after 451": null, "c.440": null, "early 440s": null, "from 451": null, "d. c.443": null, "c.443-7": null }, "geometry": { "type": "Point", "coordinates": [ 27.23569423, 37.05488077 ] } },
{ "type": "Feature", "properties": { "diocese": "Asiana", "province": "Caria", "see": "Orthosia", "metropolis": null, "patriarchal": null, "unlocated": null, "x": 28.24114652, "y": 37.8306325, "batlas": "61 G2 Orthosia", "pleiades": "https://pleiades.stoa.org/places/599839", "notes": null, "E431": null, "A445": null, "A448": null, "C448": null, "TB449": null, "C449": null, "E449": null, "Ch": "Diogenes", "412-35": null, "428-31": null, "431": null, "434-46": null, "445-9": null, "449-51": null, "450": null, "450+": null, "?": null, "Ch; from 457": null, "TB449; end of Ch": null, "after 451": null, "c.440": null, "early 440s": null, "from 451": null, "d. c.443": null, "c.443-7": null }, "geometry": { "type": "Point", "coordinates": [ 28.24114652, 37.8306325 ] } },
{ "type": "Feature", "properties": { "diocese": "Asiana", "province": "Caria", "see": "Stratonicea", "metropolis": null, "patriarchal": null, "unlocated": null, "x": 28.065833, "y": 37.314722, "batlas": "56 F3 Stratoniceia", "pleiades": "https://pleiades.stoa.org/places/897849", "notes": null, "E431": null, "A445": null, "A448": null, "C448": null, "TB449": null, "C449": null, "E449": null, "Ch": "Eupithius", "412-35": null, "428-31": null, "431": null, "434-46": null, "445-9": null, "449-51": null, "450": null, "450+": null, "?": null, "Ch; from 457": null, "TB449; end of Ch": null, "after 451": null, "c.440": null, "early 440s": null, "from 451": null, "d. c.443": null, "c.443-7": null }, "geometry": { "type": "Point", "coordinates": [ 28.065833, 37.314722 ] } },
{ "type": "Feature", "properties": { "diocese": "Asiana", "province": "Hellespontus", "see": "Abydus", "metropolis": null, "patriarchal": null, "unlocated": null, "x": 26.41131276, "y": 40.19439273, "batlas": "51 G4 Abydos", "pleiades": "https://pleiades.stoa.org/places/501325", "notes": null, "E431": null, "A445": null, "A448": null, "C448": null, "TB449": null, "C449": null, "E449": null, "Ch": "Hermias", "412-35": null, "428-31": null, "431": null, "434-46": null, "445-9": null, "449-51": null, "450": null, "450+": null, "?": null, "Ch; from 457": null, "TB449; end of Ch": null, "after 451": null, "c.440": null, "early 440s": null, "from 451": null, "d. c.443": null, "c.443-7": null }, "geometry": { "type": "Point", "coordinates": [ 26.41131276, 40.19439273 ] } },
{ "type": "Feature", "properties": { "diocese": "Asiana", "province": "Hellespontus", "see": "Cyzicus", "metropolis": true, "patriarchal": null, "unlocated": null, "x": 27.883191, "y": 40.3855645, "batlas": "52 B4 Cyzicus", "pleiades": "https://pleiades.stoa.org/places/511218", "notes": null, "E431": "Dalmatius", "A445": null, "A448": null, "C448": null, "TB449": null, "C449": null, "E449": "Diogenes", "Ch": "Diogenes", "412-35": null, "428-31": null, "431": null, "434-46": null, "445-9": null, "449-51": null, "450": null, "450+": null, "?": null, "Ch; from 457": null, "TB449; end of Ch": null, "after 451": null, "c.440": null, "early 440s": null, "from 451": null, "d. c.443": null, "c.443-7": null }, "geometry": { "type": "Point", "coordinates": [ 27.883191, 40.3855645 ] } },
{ "type": "Feature", "properties": { "diocese": "Asiana", "province": "Hellespontus", "see": "Dardanus", "metropolis": null, "patriarchal": null, "unlocated": null, "x": 26.37442, "y": 40.07990439, "batlas": "51 G4 Dardanos", "pleiades": "https://pleiades.stoa.org/places/501393", "notes": null, "E431": null, "A445": null, "A448": null, "C448": null, "TB449": null, "C449": null, "E449": null, "Ch": "Peter", "412-35": null, "428-31": null, "431": null, "434-46": null, "445-9": null, "449-51": null, "450": null, "450+": null, "?": null, "Ch; from 457": null, "TB449; end of Ch": null, "after 451": null, "c.440": null, "early 440s": null, "from 451": null, "d. c.443": null, "c.443-7": null }, "geometry": { "type": "Point", "coordinates": [ 26.37442, 40.07990439 ] } },
{ "type": "Feature", "properties": { "diocese": "Asiana", "province": "Hellespontus", "see": "Germe", "metropolis": null, "patriarchal": null, "unlocated": null, "x": 27.69045116, "y": 39.36872, "batlas": "56 F3 (Hiera) Germe", "pleiades": "https://pleiades.stoa.org/places/550577", "notes": null, "E431": "Timothy", "A445": null, "A448": null, "C448": null, "TB449": null, "C449": null, "E449": null, "Ch": null, "412-35": null, "428-31": null, "431": null, "434-46": null, "445-9": null, "449-51": null, "450": null, "450+": null, "?": null, "Ch; from 457": null, "TB449; end of Ch": null, "after 451": null, "c.440": null, "early 440s": null, "from 451": null, "d. c.443": null, "c.443-7": null }, "geometry": { "type": "Point", "coordinates": [ 27.69045116, 39.36872 ] } },
{ "type": "Feature", "properties": { "diocese": "Asiana", "province": "Hellespontus", "see": "Hadrianeia", "metropolis": null, "patriarchal": null, "unlocated": null, "x": 28.63311932, "y": 39.58955201, "batlas": "62 A2 Hadrianeia", "pleiades": "https://pleiades.stoa.org/places/609395", "notes": null, "E431": null, "A445": null, "A448": null, "C448": null, "TB449": null, "C449": null, "E449": null, "Ch": "David", "412-35": null, "428-31": null, "431": null, "434-46": null, "445-9": null, "449-51": null, "450": null, "450+": null, "?": null, "Ch; from 457": null, "TB449; end of Ch": null, "after 451": null, "c.440": null, "early 440s": null, "from 451": null, "d. c.443": null, "c.443-7": null }, "geometry": { "type": "Point", "coordinates": [ 28.63311932, 39.58955201 ] } },
{ "type": "Feature", "properties": { "diocese": "Asiana", "province": "Hellespontus", "see": "Hadrianutherae", "metropolis": null, "patriarchal": null, "unlocated": null, "x": 27.89627885, "y": 39.6295795, "batlas": "56 F2 Hadrianoutherai", "pleiades": "https://pleiades.stoa.org/places/550560", "notes": null, "E431": null, "A445": null, "A448": null, "C448": null, "TB449": null, "C449": null, "E449": null, "Ch": "Patricius", "412-35": null, "428-31": null, "431": null, "434-46": null, "445-9": null, "449-51": null, "450": null, "450+": null, "?": null, "Ch; from 457": null, "TB449; end of Ch": null, "after 451": null, "c.440": null, "early 440s": null, "from 451": null, "d. c.443": null, "c.443-7": null }, "geometry": { "type": "Point", "coordinates": [ 27.89627885, 39.6295795 ] } },
{ "type": "Feature", "properties": { "diocese": "Asiana", "province": "Hellespontus", "see": "Ilium", "metropolis": null, "patriarchal": null, "unlocated": null, "x": 26.23874746, "y": 39.95761579, "batlas": "56 C2 Ilium/Troia", "pleiades": "https://pleiades.stoa.org/places/550595", "notes": null, "E431": null, "A445": null, "A448": null, "C448": null, "TB449": null, "C449": null, "E449": null, "Ch": "Theosebius", "412-35": null, "428-31": null, "431": null, "434-46": null, "445-9": null, "449-51": null, "450": null, "450+": null, "?": null, "Ch; from 457": null, "TB449; end of Ch": null, "after 451": null, "c.440": null, "early 440s": null, "from 451": null, "d. c.443": null, "c.443-7": null }, "geometry": { "type": "Point", "coordinates": [ 26.23874746, 39.95761579 ] } },
{ "type": "Feature", "properties": { "diocese": "Asiana", "province": "Hellespontus", "see": "Lampsacus", "metropolis": null, "patriarchal": null, "unlocated": null, "x": 26.69910404, "y": 40.34659665, "batlas": "51 H4 Pityoussa/Lampsacus", "pleiades": "https://pleiades.stoa.org/places/501570", "notes": null, "E431": null, "A445": null, "A448": null, "C448": null, "TB449": null, "C449": null, "E449": null, "Ch": "Daniel", "412-35": null, "428-31": null, "431": null, "434-46": null, "445-9": null, "449-51": null, "450": null, "450+": null, "?": null, "Ch; from 457": null, "TB449; end of Ch": null, "after 451": null, "c.440": null, "early 440s": null, "from 451": null, "d. c.443": null, "c.443-7": null }, "geometry": { "type": "Point", "coordinates": [ 26.69910404, 40.34659665 ] } },
{ "type": "Feature", "properties": { "diocese": "Asiana", "province": "Hellespontus", "see": "Parium", "metropolis": null, "patriarchal": null, "unlocated": null, "x": 27.07043559, "y": 40.42361011, "batlas": "52 A4 Parium/Col. Gemella Iulia *Hadriana", "pleiades": "https://pleiades.stoa.org/places/511354", "notes": null, "E431": "Hesychius", "A445": null, "A448": null, "C448": null, "TB449": null, "C449": null, "E449": null, "Ch": "Thalassius", "412-35": null, "428-31": null, "431": null, "434-46": null, "445-9": null, "449-51": null, "450": null, "450+": null, "?": null, "Ch; from 457": null, "TB449; end of Ch": null, "after 451": null, "c.440": null, "early 440s": null, "from 451": null, "d. c.443": null, "c.443-7": null }, "geometry": { "type": "Point", "coordinates": [ 27.07043559, 40.42361011 ] } },
{ "type": "Feature", "properties": { "diocese": "Asiana", "province": "Hellespontus", "see": "Pionia", "metropolis": null, "patriarchal": null, "unlocated": null, "x": 27.57962596, "y": 39.62610672, "batlas": "56 F2 Pionia(i)", "pleiades": "https://pleiades.stoa.org/places/550832", "notes": null, "E431": "Aetius", "A445": null, "A448": null, "C448": null, "TB449": null, "C449": null, "E449": null, "Ch": "Eulalius", "412-35": null, "428-31": null, "431": null, "434-46": null, "445-9": null, "449-51": null, "450": null, "450+": null, "?": null, "Ch; from 457": null, "TB449; end of Ch": null, "after 451": null, "c.440": null, "early 440s": null, "from 451": null, "d. c.443": null, "c.443-7": null }, "geometry": { "type": "Point", "coordinates": [ 27.57962596, 39.62610672 ] } },
{ "type": "Feature", "properties": { "diocese": "Asiana", "province": "Hellespontus", "see": "Poemanenum", "metropolis": null, "patriarchal": null, "unlocated": null, "x": 27.89235696, "y": 40.07897, "batlas": "52 B4 Poimanenon", "pleiades": "https://pleiades.stoa.org/places/511368", "notes": null, "E431": null, "A445": null, "A448": null, "C448": null, "TB449": null, "C449": null, "E449": null, "Ch": "Stephen", "412-35": null, "428-31": null, "431": null, "434-46": null, "445-9": null, "449-51": null, "450": null, "450+": null, "?": null, "Ch; from 457": null, "TB449; end of Ch": null, "after 451": null, "c.440": null, "early 440s": null, "from 451": null, "d. c.443": null, "c.443-7": null }, "geometry": { "type": "Point", "coordinates": [ 27.89235696, 40.07897 ] } },
{ "type": "Feature", "properties": { "diocese": "Asiana", "province": "Hellespontus", "see": "Proconnesus", "metropolis": null, "patriarchal": null, "unlocated": null, "x": 27.55660736, "y": 40.591686, "batlas": "52 B3 Proconnesus", "pleiades": "https://pleiades.stoa.org/places/511378", "notes": null, "E431": "John", "A445": null, "A448": null, "C448": null, "TB449": null, "C449": null, "E449": null, "Ch": null, "412-35": null, "428-31": null, "431": null, "434-46": null, "445-9": null, "449-51": null, "450": null, "450+": null, "?": null, "Ch; from 457": null, "TB449; end of Ch": null, "after 451": null, "c.440": null, "early 440s": null, "from 451": null, "d. c.443": null, "c.443-7": null }, "geometry": { "type": "Point", "coordinates": [ 27.55660736, 40.591686 ] } },
{ "type": "Feature", "properties": { "diocese": "Asiana", "province": "Hellespontus", "see": "Scepsis", "metropolis": null, "patriarchal": null, "unlocated": null, "x": 26.70593494, "y": 39.8072279, "batlas": "56 D2 Skepsis", "pleiades": "https://pleiades.stoa.org/places/550890", "notes": null, "E431": "Athanasius", "A445": null, "A448": null, "C448": null, "TB449": null, "C449": null, "E449": null, "Ch": null, "412-35": null, "428-31": null, "431": null, "434-46": null, "445-9": null, "449-51": null, "450": null, "450+": null, "?": null, "Ch; from 457": null, "TB449; end of Ch": null, "after 451": null, "c.440": null, "early 440s": null, "from 451": null, "d. c.443": null, "c.443-7": null }, "geometry": { "type": "Point", "coordinates": [ 26.70593494, 39.8072279 ] } },
{ "type": "Feature", "properties": { "diocese": "Asiana", "province": "Hellespontus", "see": "Troas", "metropolis": null, "patriarchal": null, "unlocated": null, "x": 26.15884284, "y": 39.75184524, "batlas": "56 C2 Antigoneia/(Col. Augusta) Alexandria Troas", "pleiades": "https://pleiades.stoa.org/places/550434", "notes": null, "E431": null, "A445": null, "A448": null, "C448": "Pionius", "TB449": null, "C449": null, "E449": null, "Ch": "Pionius", "412-35": null, "428-31": null, "431": null, "434-46": null, "445-9": null, "449-51": null, "450": null, "450+": null, "?": null, "Ch; from 457": null, "TB449; end of Ch": null, "after 451": null, "c.440": null, "early 440s": null, "from 451": null, "d. c.443": null, "c.443-7": null }, "geometry": { "type": "Point", "coordinates": [ 26.15884284, 39.75184524 ] } },
{ "type": "Feature", "properties": { "diocese": "Asiana", "province": "Lycaonia", "see": "Cana", "metropolis": null, "patriarchal": null, "unlocated": null, "x": 33.197508, "y": 37.899116, "batlas": "66 C1 Kan(n)a", "pleiades": "https://pleiades.stoa.org/places/648662", "notes": null, "E431": null, "A445": null, "A448": null, "C448": null, "TB449": null, "C449": null, "E449": null, "Ch": "Eugenius", "412-35": null, "428-31": null, "431": null, "434-46": null, "445-9": null, "449-51": null, "450": null, "450+": null, "?": null, "Ch; from 457": null, "TB449; end of Ch": null, "after 451": null, "c.440": null, "early 440s": null, "from 451": null, "d. c.443": null, "c.443-7": null }, "geometry": { "type": "Point", "coordinates": [ 33.197508, 37.899116 ] } },
{ "type": "Feature", "properties": { "diocese": "Asiana", "province": "Lycaonia", "see": "Corna", "metropolis": null, "patriarchal": null, "unlocated": null, "x": 32.467014, "y": 37.489139, "batlas": "66 A1 Korna?", "pleiades": "https://pleiades.stoa.org/places/648680", "notes": null, "E431": null, "A445": null, "A448": null, "C448": null, "TB449": null, "C449": null, "E449": null, "Ch": "Neoptolemus", "412-35": null, "428-31": null, "431": null, "434-46": null, "445-9": null, "449-51": null, "450": null, "450+": null, "?": null, "Ch; from 457": null, "TB449; end of Ch": null, "after 451": null, "c.440": null, "early 440s": null, "from 451": null, "d. c.443": null, "c.443-7": null }, "geometry": { "type": "Point", "coordinates": [ 32.467014, 37.489139 ] } },
{ "type": "Feature", "properties": { "diocese": "Asiana", "province": "Lycaonia", "see": "Derbe", "metropolis": null, "patriarchal": null, "unlocated": null, "x": 33.36189477, "y": 37.34911531, "batlas": "66 C2 Derbe/Claudioderbe", "pleiades": "https://pleiades.stoa.org/places/648620", "notes": null, "E431": "Thomas", "A445": null, "A448": null, "C448": null, "TB449": null, "C449": null, "E449": null, "Ch": "Paul", "412-35": null, "428-31": null, "431": null, "434-46": null, "445-9": null, "449-51": null, "450": null, "450+": null, "?": null, "Ch; from 457": null, "TB449; end of Ch": null, "after 451": null, "c.440": null, "early 440s": null, "from 451": null, "d. c.443": null, "c.443-7": null }, "geometry": { "type": "Point", "coordinates": [ 33.36189477, 37.34911531 ] } },
{ "type": "Feature", "properties": { "diocese": "Asiana", "province": "Lycaonia", "see": "Homanada", "metropolis": null, "patriarchal": null, "unlocated": true, "x": 32.9712, "y": 37.5961, "batlas": null, "pleiades": null, "notes": "\"Homonadeis\" is a region not a place https://pleiades.stoa.org/places/638862", "E431": null, "A445": null, "A448": null, "C448": null, "TB449": null, "C449": null, "E449": null, "Ch": "Tyrannus", "412-35": null, "428-31": null, "431": null, "434-46": null, "445-9": null, "449-51": null, "450": null, "450+": null, "?": null, "Ch; from 457": null, "TB449; end of Ch": null, "after 451": null, "c.440": null, "early 440s": null, "from 451": null, "d. c.443": null, "c.443-7": null }, "geometry": { "type": "Point", "coordinates": [ 32.9712, 37.5961 ] } },
{ "type": "Feature", "properties": { "diocese": "Asiana", "province": "Lycaonia", "see": "Hyde", "metropolis": null, "patriarchal": null, "unlocated": null, "x": 33.517464, "y": 37.43863304, "batlas": "66 D2 Hyde?", "pleiades": "https://pleiades.stoa.org/places/550867", "notes": null, "E431": null, "A445": null, "A448": null, "C448": null, "TB449": null, "C449": null, "E449": null, "Ch": "Rufus", "412-35": null, "428-31": null, "431": null, "434-46": null, "445-9": null, "449-51": null, "450": null, "450+": null, "?": null, "Ch; from 457": null, "TB449; end of Ch": null, "after 451": null, "c.440": null, "early 440s": null, "from 451": null, "d. c.443": null, "c.443-7": null }, "geometry": { "type": "Point", "coordinates": [ 33.517464, 37.43863304 ] } },
{ "type": "Feature", "properties": { "diocese": "Asiana", "province": "Lycaonia", "see": "Iconium", "metropolis": true, "patriarchal": null, "unlocated": null, "x": 32.49414974, "y": 37.87318794, "batlas": "66 B1 Iconium/Claudiconium", "pleiades": "https://pleiades.stoa.org/places/648647", "notes": null, "E431": "Valerian", "A445": null, "A448": null, "C448": null, "TB449": null, "C449": null, "E449": "Onesiphorus", "Ch": "Onesiphorus", "412-35": null, "428-31": null, "431": null, "434-46": null, "445-9": null, "449-51": null, "450": null, "450+": null, "?": null, "Ch; from 457": null, "TB449; end of Ch": null, "after 451": null, "c.440": null, "early 440s": null, "from 451": null, "d. c.443": null, "c.443-7": null }, "geometry": { "type": "Point", "coordinates": [ 32.49414974, 37.87318794 ] } },
{ "type": "Feature", "properties": { "diocese": "Asiana", "province": "Lycaonia", "see": "Ilistra", "metropolis": null, "patriarchal": null, "unlocated": null, "x": 33.02671014, "y": 37.1971865, "batlas": "66 C2 Ilistra", "pleiades": "https://pleiades.stoa.org/places/648648", "notes": null, "E431": "Martyrius", "A445": null, "A448": null, "C448": null, "TB449": null, "C449": null, "E449": null, "Ch": null, "412-35": null, "428-31": null, "431": null, "434-46": null, "445-9": null, "449-51": null, "450": null, "450+": null, "?": null, "Ch; from 457": null, "TB449; end of Ch": null, "after 451": null, "c.440": null, "early 440s": null, "from 451": null, "d. c.443": null, "c.443-7": null }, "geometry": { "type": "Point", "coordinates": [ 33.02671014, 37.1971865 ] } },
{ "type": "Feature", "properties": { "diocese": "Asiana", "province": "Lycaonia", "see": "Laranda", "metropolis": null, "patriarchal": null, "unlocated": null, "x": 33.21767423, "y": 37.1824925, "batlas": "66 C2 Laranda", "pleiades": "https://pleiades.stoa.org/places/648693", "notes": null, "E431": null, "A445": null, "A448": null, "C448": null, "TB449": null, "C449": null, "E449": null, "Ch": "Acholius", "412-35": null, "428-31": null, "431": null, "434-46": null, "445-9": null, "449-51": null, "450": null, "450+": null, "?": null, "Ch; from 457": null, "TB449; end of Ch": null, "after 451": null, "c.440": null, "early 440s": null, "from 451": null, "d. c.443": null, "c.443-7": null }, "geometry": { "type": "Point", "coordinates": [ 33.21767423, 37.1824925 ] } },
{ "type": "Feature", "properties": { "diocese": "Asiana", "province": "Lycaonia", "see": "Lystra", "metropolis": null, "patriarchal": null, "unlocated": null, "x": 32.34539986, "y": 37.58864543, "batlas": "66 A1 Lystra/Col. Iulia Felix Gemina", "pleiades": "https://pleiades.stoa.org/places/648699", "notes": null, "E431": null, "A445": null, "A448": null, "C448": null, "TB449": null, "C449": null, "E449": null, "Ch": "Plutarch", "412-35": null, "428-31": null, "431": null, "434-46": null, "445-9": null, "449-51": null, "450": null, "450+": null, "?": null, "Ch; from 457": null, "TB449; end of Ch": null, "after 451": null, "c.440": null, "early 440s": null, "from 451": null, "d. c.443": null, "c.443-7": null }, "geometry": { "type": "Point", "coordinates": [ 32.34539986, 37.58864543 ] } },
{ "type": "Feature", "properties": { "diocese": "Asiana", "province": "Lycia", "see": "Acarassus", "metropolis": null, "patriarchal": null, "unlocated": null, "x": 29.91808361, "y": 36.73760637, "batlas": "65 Akarassos", "pleiades": "https://pleiades.stoa.org/places/642508", "notes": null, "E431": null, "A445": null, "A448": null, "C448": null, "TB449": null, "C449": null, "E449": null, "Ch": "Nicholas", "412-35": null, "428-31": null, "431": null, "434-46": null, "445-9": null, "449-51": null, "450": null, "450+": null, "?": null, "Ch; from 457": null, "TB449; end of Ch": null, "after 451": null, "c.440": null, "early 440s": null, "from 451": null, "d. c.443": null, "c.443-7": null }, "geometry": { "type": "Point", "coordinates": [ 29.91808361, 36.73760637 ] } },
{ "type": "Feature", "properties": { "diocese": "Asiana", "province": "Lycia", "see": "Antiphellus", "metropolis": null, "patriarchal": null, "unlocated": null, "x": 29.63991959, "y": 36.20109551, "batlas": "65 C5 Antiphellos/Habesos", "pleiades": "https://pleiades.stoa.org/places/638749", "notes": null, "E431": null, "A445": null, "A448": null, "C448": null, "TB449": null, "C449": null, "E449": null, "Ch": "Theodore", "412-35": null, "428-31": null, "431": null, "434-46": null, "445-9": null, "449-51": null, "450": null, "450+": null, "?": null, "Ch; from 457": null, "TB449; end of Ch": null, "after 451": null, "c.440": null, "early 440s": null, "from 451": null, "d. c.443": null, "c.443-7": null }, "geometry": { "type": "Point", "coordinates": [ 29.63991959, 36.20109551 ] } },
{ "type": "Feature", "properties": { "diocese": "Asiana", "province": "Lycia", "see": "Araxa", "metropolis": null, "patriarchal": null, "unlocated": null, "x": 29.38370267, "y": 36.75140821, "batlas": "65 B4 Araxa", "pleiades": "https://pleiades.stoa.org/places/638760", "notes": null, "E431": null, "A445": null, "A448": null, "C448": null, "TB449": null, "C449": null, "E449": null, "Ch": "Leontius", "412-35": null, "428-31": null, "431": null, "434-46": null, "445-9": null, "449-51": null, "450": null, "450+": null, "?": null, "Ch; from 457": null, "TB449; end of Ch": null, "after 451": null, "c.440": null, "early 440s": null, "from 451": null, "d. c.443": null, "c.443-7": null }, "geometry": { "type": "Point", "coordinates": [ 29.38370267, 36.75140821 ] } },
{ "type": "Feature", "properties": { "diocese": "Asiana", "province": "Lycia", "see": "Balbura", "metropolis": null, "patriarchal": null, "unlocated": null, "x": 29.58254159, "y": 36.95254871, "batlas": "65 C4 Balboura", "pleiades": "https://pleiades.stoa.org/places/638789", "notes": null, "E431": null, "A445": null, "A448": null, "C448": null, "TB449": null, "C449": null, "E449": null, "Ch": "Philip", "412-35": null, "428-31": null, "431": null, "434-46": null, "445-9": null, "449-51": null, "450": null, "450+": null, "?": null, "Ch; from 457": null, "TB449; end of Ch": null, "after 451": null, "c.440": null, "early 440s": null, "from 451": null, "d. c.443": null, "c.443-7": null }, "geometry": { "type": "Point", "coordinates": [ 29.58254159, 36.95254871 ] } },
{ "type": "Feature", "properties": { "diocese": "Asiana", "province": "Lycia", "see": "Bubon", "metropolis": null, "patriarchal": null, "unlocated": null, "x": 29.407828, "y": 36.96902393, "batlas": "65 B4 Boubon", "pleiades": "https://pleiades.stoa.org/places/638792", "notes": null, "E431": null, "A445": null, "A448": null, "C448": null, "TB449": null, "C449": null, "E449": null, "Ch": "Romanus", "412-35": null, "428-31": null, "431": null, "434-46": null, "445-9": null, "449-51": null, "450": null, "450+": null, "?": null, "Ch; from 457": null, "TB449; end of Ch": null, "after 451": null, "c.440": null, "early 440s": null, "from 451": null, "d. c.443": null, "c.443-7": null }, "geometry": { "type": "Point", "coordinates": [ 29.407828, 36.96902393 ] } },
{ "type": "Feature", "properties": { "diocese": "Asiana", "province": "Lycia", "see": "Caunus", "metropolis": null, "patriarchal": null, "unlocated": null, "x": 28.60910171, "y": 36.82705086, "batlas": "65 A4 Caunus", "pleiades": "https://pleiades.stoa.org/places/638796", "notes": null, "E431": null, "A445": null, "A448": null, "C448": null, "TB449": null, "C449": null, "E449": null, "Ch": "Antipater", "412-35": null, "428-31": null, "431": null, "434-46": null, "445-9": null, "449-51": null, "450": null, "450+": null, "?": null, "Ch; from 457": null, "TB449; end of Ch": null, "after 451": null, "c.440": null, "early 440s": null, "from 451": null, "d. c.443": null, "c.443-7": null }, "geometry": { "type": "Point", "coordinates": [ 28.60910171, 36.82705086 ] } },
{ "type": "Feature", "properties": { "diocese": "Asiana", "province": "Lycia", "see": "Choma", "metropolis": null, "patriarchal": null, "unlocated": null, "x": 29.83583338, "y": 36.64217767, "batlas": "65 C4 Choma", "pleiades": "https://pleiades.stoa.org/places/638803", "notes": null, "E431": "Eudoxius", "A445": null, "A448": null, "C448": null, "TB449": null, "C449": null, "E449": null, "Ch": "Eudoxius", "412-35": null, "428-31": null, "431": null, "434-46": null, "445-9": null, "449-51": null, "450": null, "450+": null, "?": null, "Ch; from 457": null, "TB449; end of Ch": null, "after 451": null, "c.440": null, "early 440s": null, "from 451": null, "d. c.443": null, "c.443-7": null }, "geometry": { "type": "Point", "coordinates": [ 29.83583338, 36.64217767 ] } },
{ "type": "Feature", "properties": { "diocese": "Asiana", "province": "Lycia", "see": "Corydalla", "metropolis": null, "patriarchal": null, "unlocated": null, "x": 30.28614819, "y": 36.368087, "batlas": "65 D5 Korydalla", "pleiades": "https://pleiades.stoa.org/places/639078", "notes": null, "E431": null, "A445": null, "A448": null, "C448": null, "TB449": null, "C449": null, "E449": null, "Ch": "Palladius", "412-35": null, "428-31": null, "431": null, "434-46": null, "445-9": null, "449-51": null, "450": null, "450+": null, "?": null, "Ch; from 457": null, "TB449; end of Ch": null, "after 451": null, "c.440": null, "early 440s": null, "from 451": null, "d. c.443": null, "c.443-7": null }, "geometry": { "type": "Point", "coordinates": [ 30.28614819, 36.368087 ] } },
{ "type": "Feature", "properties": { "diocese": "Asiana", "province": "Lycia", "see": "Hadrianopolis", "metropolis": null, "patriarchal": null, "unlocated": null, "x": 30.07283179, "y": 37.51680473, "batlas": "65 D3 Hadrianopolis/Hadriani", "pleiades": "https://pleiades.stoa.org/places/638852", "notes": null, "E431": null, "A445": null, "A448": null, "C448": null, "TB449": null, "C449": null, "E449": "Helias", "Ch": null, "412-35": null, "428-31": null, "431": null, "434-46": null, "445-9": null, "449-51": null, "450": null, "450+": null, "?": null, "Ch; from 457": null, "TB449; end of Ch": null, "after 451": null, "c.440": null, "early 440s": null, "from 451": null, "d. c.443": null, "c.443-7": null }, "geometry": { "type": "Point", "coordinates": [ 30.07283179, 37.51680473 ] } },
{ "type": "Feature", "properties": { "diocese": "Asiana", "province": "Lycia", "see": "Limyra", "metropolis": null, "patriarchal": null, "unlocated": null, "x": 30.16229498, "y": 36.31381027, "batlas": "65 D5 Limyra", "pleiades": "https://pleiades.stoa.org/places/638961", "notes": null, "E431": null, "A445": null, "A448": null, "C448": null, "TB449": null, "C449": null, "E449": null, "Ch": "Stephen", "412-35": null, "428-31": null, "431": null, "434-46": null, "445-9": null, "449-51": null, "450": null, "450+": null, "?": null, "Ch; from 457": null, "TB449; end of Ch": null, "after 451": null, "c.440": null, "early 440s": null, "from 451": null, "d. c.443": null, "c.443-7": null }, "geometry": { "type": "Point", "coordinates": [ 30.16229498, 36.31381027 ] } },
{ "type": "Feature", "properties": { "diocese": "Asiana", "province": "Lycia", "see": "Myra", "metropolis": true, "patriarchal": null, "unlocated": null, "x": 29.9860298, "y": 36.2582785, "batlas": "65 C5 Myra", "pleiades": "https://pleiades.stoa.org/places/639005", "notes": null, "E431": "Erennianus", "A445": null, "A448": null, "C448": null, "TB449": null, "C449": null, "E449": "Romanus", "Ch": "Romanus", "412-35": null, "428-31": null, "431": null, "434-46": null, "445-9": null, "449-51": null, "450": null, "450+": null, "?": null, "Ch; from 457": null, "TB449; end of Ch": null, "after 451": null, "c.440": null, "early 440s": null, "from 451": null, "d. c.443": null, "c.443-7": null }, "geometry": { "type": "Point", "coordinates": [ 29.9860298, 36.2582785 ] } },
{ "type": "Feature", "properties": { "diocese": "Asiana", "province": "Lycia", "see": "Olympus", "metropolis": null, "patriarchal": null, "unlocated": null, "x": 30.47393801, "y": 36.39526471, "batlas": "65 D5 Olympus/Hadrianopolis", "pleiades": "https://pleiades.stoa.org/places/639017", "notes": null, "E431": "Aristocritus", "A445": null, "A448": null, "C448": null, "TB449": null, "C449": null, "E449": null, "Ch": "Aristocritus", "412-35": null, "428-31": null, "431": null, "434-46": null, "445-9": null, "449-51": null, "450": null, "450+": null, "?": null, "Ch; from 457": null, "TB449; end of Ch": null, "after 451": null, "c.440": null, "early 440s": null, "from 451": null, "d. c.443": null, "c.443-7": null }, "geometry": { "type": "Point", "coordinates": [ 30.47393801, 36.39526471 ] } },
{ "type": "Feature", "properties": { "diocese": "Asiana", "province": "Lycia", "see": "Panormus", "metropolis": null, "patriarchal": null, "unlocated": null, "x": 28.6984786, "y": 36.70541887, "batlas": "65 A4 Pisilis/Panormos?", "pleiades": "https://pleiades.stoa.org/places/639061", "notes": null, "E431": null, "A445": null, "A448": null, "C448": null, "TB449": null, "C449": null, "E449": null, "Ch": "Cratinus", "412-35": null, "428-31": null, "431": null, "434-46": null, "445-9": null, "449-51": null, "450": null, "450+": null, "?": null, "Ch; from 457": null, "TB449; end of Ch": null, "after 451": null, "c.440": null, "early 440s": null, "from 451": null, "d. c.443": null, "c.443-7": null }, "geometry": { "type": "Point", "coordinates": [ 28.6984786, 36.70541887 ] } },
{ "type": "Feature", "properties": { "diocese": "Asiana", "province": "Lycia", "see": "Patara", "metropolis": null, "patriarchal": null, "unlocated": null, "x": 29.3142112, "y": 36.26158436, "batlas": "65 B5 Patara/Arsinoe", "pleiades": "https://pleiades.stoa.org/places/639042", "notes": null, "E431": null, "A445": null, "A448": null, "C448": null, "TB449": null, "C449": null, "E449": null, "Ch": "Cyrinus", "412-35": null, "428-31": null, "431": null, "434-46": null, "445-9": null, "449-51": null, "450": null, "450+": null, "?": null, "Ch; from 457": null, "TB449; end of Ch": null, "after 451": null, "c.440": null, "early 440s": null, "from 451": null, "d. c.443": null, "c.443-7": null }, "geometry": { "type": "Point", "coordinates": [ 29.3142112, 36.26158436 ] } },
{ "type": "Feature", "properties": { "diocese": "Asiana", "province": "Lycia", "see": "Phaselis", "metropolis": null, "patriarchal": null, "unlocated": null, "x": 30.55210857, "y": 36.52339903, "batlas": "65 E4 Phaselis", "pleiades": "https://pleiades.stoa.org/places/639051", "notes": null, "E431": null, "A445": null, "A448": null, "C448": null, "TB449": null, "C449": null, "E449": null, "Ch": "Fronto", "412-35": null, "428-31": null, "431": null, "434-46": null, "445-9": null, "449-51": null, "450": null, "450+": null, "?": null, "Ch; from 457": null, "TB449; end of Ch": null, "after 451": null, "c.440": null, "early 440s": null, "from 451": null, "d. c.443": null, "c.443-7": null }, "geometry": { "type": "Point", "coordinates": [ 30.55210857, 36.52339903 ] } },
{ "type": "Feature", "properties": { "diocese": "Asiana", "province": "Lycia", "see": "Telmessus", "metropolis": null, "patriarchal": null, "unlocated": null, "x": 29.10580098, "y": 36.620899, "batlas": "65 B4 Telmessos", "pleiades": "https://pleiades.stoa.org/places/639137", "notes": null, "E431": null, "A445": null, "A448": null, "C448": null, "TB449": null, "C449": null, "E449": null, "Ch": "Zenodotus", "412-35": null, "428-31": null, "431": null, "434-46": null, "445-9": null, "449-51": null, "450": null, "450+": null, "?": null, "Ch; from 457": null, "TB449; end of Ch": null, "after 451": null, "c.440": null, "early 440s": null, "from 451": null, "d. c.443": null, "c.443-7": null }, "geometry": { "type": "Point", "coordinates": [ 29.10580098, 36.620899 ] } },
{ "type": "Feature", "properties": { "diocese": "Asiana", "province": "Lycia", "see": "Tlos", "metropolis": null, "patriarchal": null, "unlocated": null, "x": 29.41882716, "y": 36.55452059, "batlas": "65 B4 Tlos", "pleiades": "https://pleiades.stoa.org/places/639147", "notes": null, "E431": null, "A445": null, "A448": null, "C448": null, "TB449": null, "C449": null, "E449": null, "Ch": "Andrew", "412-35": null, "428-31": null, "431": null, "434-46": null, "445-9": null, "449-51": null, "450": null, "450+": null, "?": null, "Ch; from 457": null, "TB449; end of Ch": null, "after 451": null, "c.440": null, "early 440s": null, "from 451": null, "d. c.443": null, "c.443-7": null }, "geometry": { "type": "Point", "coordinates": [ 29.41882716, 36.55452059 ] } },
{ "type": "Feature", "properties": { "diocese": "Asiana", "province": "Lydia", "see": "Acrasus", "metropolis": null, "patriarchal": null, "unlocated": null, "x": 27.75, "y": 39.25, "batlas": "56 F3 *Nakrason?/Tibbai?", "pleiades": "https://pleiades.stoa.org/places/550768", "notes": "Kind of unsure", "E431": null, "A445": null, "A448": null, "C448": null, "TB449": null, "C449": null, "E449": null, "Ch": "Patricius", "412-35": null, "428-31": null, "431": null, "434-46": null, "445-9": null, "449-51": null, "450": null, "450+": null, "?": null, "Ch; from 457": null, "TB449; end of Ch": null, "after 451": null, "c.440": null, "early 440s": null, "from 451": null, "d. c.443": null, "c.443-7": null }, "geometry": { "type": "Point", "coordinates": [ 27.75, 39.25 ] } },
{ "type": "Feature", "properties": { "diocese": "Asiana", "province": "Lydia", "see": "Apollonoshieron", "metropolis": null, "patriarchal": null, "unlocated": true, "x": 28.4646, "y": 38.5725, "batlas": null, "pleiades": "https://pleiades.stoa.org/places/614605", "notes": null, "E431": null, "A445": null, "A448": null, "C448": null, "TB449": null, "C449": null, "E449": null, "Ch": "Leucius", "412-35": null, "428-31": null, "431": null, "434-46": null, "445-9": null, "449-51": null, "450": null, "450+": null, "?": null, "Ch; from 457": null, "TB449; end of Ch": null, "after 451": null, "c.440": null, "early 440s": null, "from 451": null, "d. c.443": null, "c.443-7": null }, "geometry": { "type": "Point", "coordinates": [ 28.4646, 38.5725 ] } },
{ "type": "Feature", "properties": { "diocese": "Asiana", "province": "Lydia", "see": "Attaleia", "metropolis": null, "patriarchal": null, "unlocated": null, "x": 27.89127484, "y": 39.07122231, "batlas": "56 F3 Attaleia", "pleiades": "https://pleiades.stoa.org/places/550472", "notes": null, "E431": null, "A445": null, "A448": null, "C448": null, "TB449": null, "C449": null, "E449": null, "Ch": "Dionysius", "412-35": null, "428-31": null, "431": null, "434-46": null, "445-9": null, "449-51": null, "450": null, "450+": null, "?": null, "Ch; from 457": null, "TB449; end of Ch": null, "after 451": null, "c.440": null, "early 440s": null, "from 451": null, "d. c.443": null, "c.443-7": null }, "geometry": { "type": "Point", "coordinates": [ 27.89127484, 39.07122231 ] } },
{ "type": "Feature", "properties": { "diocese": "Asiana", "province": "Lydia", "see": "Aureliopolis", "metropolis": null, "patriarchal": null, "unlocated": null, "x": 27.86844539, "y": 38.48041539, "batlas": "56 F4 Tmolos/Aureliopolis", "pleiades": "https://pleiades.stoa.org/places/550936", "notes": null, "E431": "John", "A445": null, "A448": null, "C448": null, "TB449": null, "C449": null, "E449": null, "Ch": null, "412-35": null, "428-31": null, "431": null, "434-46": null, "445-9": null, "449-51": null, "450": null, "450+": null, "?": null, "Ch; from 457": null, "TB449; end of Ch": null, "after 451": null, "c.440": null, "early 440s": null, "from 451": null, "d. c.443": null, "c.443-7": null }, "geometry": { "type": "Point", "coordinates": [ 27.86844539, 38.48041539 ] } },
{ "type": "Feature", "properties": { "diocese": "Asiana", "province": "Lydia", "see": "Bagis", "metropolis": null, "patriarchal": null, "unlocated": null, "x": 29.16217944, "y": 38.65033587, "batlas": "62 B4 Bagis", "pleiades": "https://pleiades.stoa.org/places/609336", "notes": null, "E431": null, "A445": null, "A448": null, "C448": null, "TB449": null, "C449": null, "E449": "Chrysanthius", "Ch": null, "412-35": null, "428-31": null, "431": null, "434-46": null, "445-9": null, "449-51": null, "450": null, "450+": null, "?": null, "Ch; from 457": null, "TB449; end of Ch": null, "after 451": null, "c.440": null, "early 440s": null, "from 451": null, "d. c.443": null, "c.443-7": null }, "geometry": { "type": "Point", "coordinates": [ 29.16217944, 38.65033587 ] } },
{ "type": "Feature", "properties": { "diocese": "Asiana", "province": "Lydia", "see": "Blaundus", "metropolis": null, "patriarchal": null, "unlocated": null, "x": 29.20894794, "y": 38.3575842, "batlas": "62 B5 Blaundos", "pleiades": "https://pleiades.stoa.org/places/609344", "notes": null, "E431": null, "A445": null, "A448": null, "C448": null, "TB449": null, "C449": null, "E449": null, "Ch": "Helias", "412-35": null, "428-31": null, "431": null, "434-46": null, "445-9": null, "449-51": null, "450": null, "450+": null, "?": null, "Ch; from 457": null, "TB449; end of Ch": null, "after 451": null, "c.440": null, "early 440s": null, "from 451": null, "d. c.443": null, "c.443-7": null }, "geometry": { "type": "Point", "coordinates": [ 29.20894794, 38.3575842 ] } },
{ "type": "Feature", "properties": { "diocese": "Asiana", "province": "Lydia", "see": "Ceraseis", "metropolis": null, "patriarchal": null, "unlocated": true, "x": 28.4646, "y": 38.5725, "batlas": null, "pleiades": null, "notes": "Found in The Acts … but not in Pleiades or Batlas.", "E431": null, "A445": null, "A448": null, "C448": null, "TB449": null, "C449": null, "E449": "Philetus", "Ch": "Menecrates", "412-35": null, "428-31": null, "431": null, "434-46": null, "445-9": null, "449-51": null, "450": null, "450+": null, "?": null, "Ch; from 457": null, "TB449; end of Ch": null, "after 451": null, "c.440": null, "early 440s": null, "from 451": null, "d. c.443": null, "c.443-7": null }, "geometry": { "type": "Point", "coordinates": [ 28.4646, 38.5725 ] } },
{ "type": "Feature", "properties": { "diocese": "Asiana", "province": "Lydia", "see": "Daldis", "metropolis": null, "patriarchal": null, "unlocated": null, "x": 28.142602, "y": 38.668404, "batlas": "56 G4 Daldis (*Phlabiokaisareia)", "pleiades": "https://pleiades.stoa.org/places/550508", "notes": null, "E431": "Paul", "A445": null, "A448": null, "C448": null, "TB449": null, "C449": null, "E449": null, "Ch": null, "412-35": null, "428-31": null, "431": null, "434-46": null, "445-9": null, "449-51": null, "450": null, "450+": null, "?": null, "Ch; from 457": null, "TB449; end of Ch": null, "after 451": null, "c.440": null, "early 440s": null, "from 451": null, "d. c.443": null, "c.443-7": null }, "geometry": { "type": "Point", "coordinates": [ 28.142602, 38.668404 ] } },
{ "type": "Feature", "properties": { "diocese": "Asiana", "province": "Lydia", "see": "Hierocaesarea", "metropolis": null, "patriarchal": null, "unlocated": true, "x": 28.4646, "y": 38.5725, "batlas": null, "pleiades": null, "notes": null, "E431": null, "A445": null, "A448": null, "C448": "Cossinius", "TB449": null, "C449": null, "E449": null, "Ch": "Cossinius", "412-35": null, "428-31": null, "431": null, "434-46": null, "445-9": null, "449-51": null, "450": null, "450+": null, "?": null, "Ch; from 457": null, "TB449; end of Ch": null, "after 451": null, "c.440": null, "early 440s": null, "from 451": null, "d. c.443": null, "c.443-7": null }, "geometry": { "type": "Point", "coordinates": [ 28.4646, 38.5725 ] } },
{ "type": "Feature", "properties": { "diocese": "Asiana", "province": "Lydia", "see": "Hyrcanis", "metropolis": null, "patriarchal": null, "unlocated": null, "x": 27.66657736, "y": 38.66794629, "batlas": "56 F4 Hyrkanis", "pleiades": "https://pleiades.stoa.org/places/550588", "notes": null, "E431": null, "A445": null, "A448": null, "C448": "John", "TB449": null, "C449": null, "E449": null, "Ch": null, "412-35": null, "428-31": null, "431": null, "434-46": null, "445-9": null, "449-51": null, "450": null, "450+": null, "?": null, "Ch; from 457": null, "TB449; end of Ch": null, "after 451": null, "c.440": null, "early 440s": null, "from 451": null, "d. c.443": null, "c.443-7": null }, "geometry": { "type": "Point", "coordinates": [ 27.66657736, 38.66794629 ] } },
{ "type": "Feature", "properties": { "diocese": "Asiana", "province": "Lydia", "see": "Mostene", "metropolis": null, "patriarchal": null, "unlocated": null, "x": 27.54732935, "y": 38.53706565, "batlas": "56 F5 Mostene", "pleiades": "https://pleiades.stoa.org/places/550587", "notes": null, "E431": null, "A445": null, "A448": null, "C448": "Julian", "TB449": null, "C449": null, "E449": null, "Ch": null, "412-35": null, "428-31": null, "431": null, "434-46": null, "445-9": null, "449-51": null, "450": null, "450+": null, "?": null, "Ch; from 457": null, "TB449; end of Ch": null, "after 451": null, "c.440": null, "early 440s": null, "from 451": null, "d. c.443": null, "c.443-7": null }, "geometry": { "type": "Point", "coordinates": [ 27.54732935, 38.53706565 ] } },
{ "type": "Feature", "properties": { "diocese": "Asiana", "province": "Lydia", "see": "Saittae", "metropolis": null, "patriarchal": null, "unlocated": null, "x": 28.62817314, "y": 38.703021, "batlas": "62 A4 Saittai", "pleiades": "https://pleiades.stoa.org/places/609517", "notes": null, "E431": "Limenius", "A445": null, "A448": null, "C448": null, "TB449": null, "C449": null, "E449": null, "Ch": "Amachius", "412-35": null, "428-31": null, "431": null, "434-46": null, "445-9": null, "449-51": null, "450": null, "450+": null, "?": null, "Ch; from 457": null, "TB449; end of Ch": null, "after 451": null, "c.440": null, "early 440s": null, "from 451": null, "d. c.443": null, "c.443-7": null }, "geometry": { "type": "Point", "coordinates": [ 28.62817314, 38.703021 ] } },
{ "type": "Feature", "properties": { "diocese": "Asiana", "province": "Lydia", "see": "Sardis", "metropolis": true, "patriarchal": null, "unlocated": null, "x": 28.0415169, "y": 38.48835852, "batlas": "56 G5 Sardis/Hyde?", "pleiades": "https://pleiades.stoa.org/places/550867", "notes": null, "E431": "Maeonius", "A445": null, "A448": null, "C448": null, "TB449": null, "C449": null, "E449": "Florentius", "Ch": "Florentius", "412-35": null, "428-31": null, "431": null, "434-46": null, "445-9": null, "449-51": null, "450": null, "450+": null, "?": null, "Ch; from 457": null, "TB449; end of Ch": null, "after 451": "Eutherius", "c.440": null, "early 440s": null, "from 451": null, "d. c.443": null, "c.443-7": null }, "geometry": { "type": "Point", "coordinates": [ 28.0415169, 38.48835852 ] } },
{ "type": "Feature", "properties": { "diocese": "Asiana", "province": "Lydia", "see": "Satala", "metropolis": null, "patriarchal": null, "unlocated": null, "x": 28.2675046, "y": 38.5792, "batlas": "56 G4 Satala", "pleiades": "https://pleiades.stoa.org/places/550869", "notes": null, "E431": null, "A445": null, "A448": null, "C448": null, "TB449": null, "C449": null, "E449": null, "Ch": "Andrew", "412-35": null, "428-31": null, "431": null, "434-46": null, "445-9": null, "449-51": null, "450": null, "450+": null, "?": null, "Ch; from 457": null, "TB449; end of Ch": null, "after 451": null, "c.440": null, "early 440s": null, "from 451": null, "d. c.443": null, "c.443-7": null }, "geometry": { "type": "Point", "coordinates": [ 28.2675046, 38.5792 ] } },
{ "type": "Feature", "properties": { "diocese": "Asiana", "province": "Lydia", "see": "Silandus", "metropolis": null, "patriarchal": null, "unlocated": null, "x": 28.8260582, "y": 38.75187331, "batlas": "62 A4 Silandos", "pleiades": "https://pleiades.stoa.org/places/609528", "notes": null, "E431": null, "A445": null, "A448": null, "C448": null, "TB449": null, "C449": null, "E449": null, "Ch": "Alcimedes", "412-35": null, "428-31": null, "431": null, "434-46": null, "445-9": null, "449-51": null, "450": null, "450+": null, "?": null, "Ch; from 457": null, "TB449; end of Ch": null, "after 451": null, "c.440": null, "early 440s": null, "from 451": null, "d. c.443": null, "c.443-7": null }, "geometry": { "type": "Point", "coordinates": [ 28.8260582, 38.75187331 ] } },
{ "type": "Feature", "properties": { "diocese": "Asiana", "province": "Lydia", "see": "Stratonicea", "metropolis": null, "patriarchal": null, "unlocated": null, "x": 27.801765, "y": 39.142114, "batlas": "56 F3 Stratonicaea/Hadrianopolis", "pleiades": "https://pleiades.stoa.org/places/897849", "notes": null, "E431": "Eutherius", "A445": null, "A448": null, "C448": null, "TB449": null, "C449": null, "E449": null, "Ch": "Gemellus", "412-35": null, "428-31": null, "431": null, "434-46": null, "445-9": null, "449-51": null, "450": null, "450+": null, "?": null, "Ch; from 457": null, "TB449; end of Ch": null, "after 451": null, "c.440": null, "early 440s": null, "from 451": null, "d. c.443": null, "c.443-7": null }, "geometry": { "type": "Point", "coordinates": [ 27.801765, 39.142114 ] } },
{ "type": "Feature", "properties": { "diocese": "Asiana", "province": "Lydia", "see": "Tabala", "metropolis": null, "patriarchal": null, "unlocated": null, "x": 28.8033404, "y": 38.61219348, "batlas": "62 A4 Tabala", "pleiades": "https://pleiades.stoa.org/places/609540", "notes": null, "E431": null, "A445": null, "A448": null, "C448": null, "TB449": null, "C449": null, "E449": "Polycarp", "Ch": "Polycarp", "412-35": null, "428-31": null, "431": null, "434-46": null, "445-9": null, "449-51": null, "450": null, "450+": null, "?": null, "Ch; from 457": null, "TB449; end of Ch": null, "after 451": null, "c.440": null, "early 440s": null, "from 451": null, "d. c.443": null, "c.443-7": null }, "geometry": { "type": "Point", "coordinates": [ 28.8033404, 38.61219348 ] } },
{ "type": "Feature", "properties": { "diocese": "Asiana", "province": "Lydia", "see": "Thyateira", "metropolis": null, "patriarchal": null, "unlocated": null, "x": 27.83624167, "y": 38.92002443, "batlas": "56 F4 Thyateira", "pleiades": "https://pleiades.stoa.org/places/550924", "notes": null, "E431": "Phoscus", "A445": null, "A448": null, "C448": null, "TB449": null, "C449": null, "E449": null, "Ch": null, "412-35": null, "428-31": null, "431": null, "434-46": null, "445-9": null, "449-51": null, "450": null, "450+": null, "?": null, "Ch; from 457": null, "TB449; end of Ch": null, "after 451": null, "c.440": null, "early 440s": null, "from 451": null, "d. c.443": null, "c.443-7": null }, "geometry": { "type": "Point", "coordinates": [ 27.83624167, 38.92002443 ] } },
{ "type": "Feature", "properties": { "diocese": "Asiana", "province": "Lydia", "see": "Tripolis", "metropolis": null, "patriarchal": null, "unlocated": null, "x": 28.9669732, "y": 38.04734176, "batlas": "65 A1 Tripolis ad Maeandrum/Apollonia ad Maeandrum/Antoniopolis", "pleiades": "https://pleiades.stoa.org/places/639152", "notes": null, "E431": "Commodus", "A445": null, "A448": null, "C448": null, "TB449": null, "C449": null, "E449": "Paul", "Ch": "Paul", "412-35": null, "428-31": null, "431": null, "434-46": null, "445-9": null, "449-51": null, "450": null, "450+": null, "?": null, "Ch; from 457": null, "TB449; end of Ch": null, "after 451": null, "c.440": null, "early 440s": null, "from 451": null, "d. c.443": null, "c.443-7": null }, "geometry": { "type": "Point", "coordinates": [ 28.9669732, 38.04734176 ] } },
{ "type": "Feature", "properties": { "diocese": "Asiana", "province": "Pamphylia I", "see": "Ariassus", "metropolis": null, "patriarchal": null, "unlocated": null, "x": 30.4711135, "y": 37.18092245, "batlas": "65 D3 Ariassos", "pleiades": "https://pleiades.stoa.org/places/638761", "notes": null, "E431": null, "A445": null, "A448": null, "C448": null, "TB449": null, "C449": null, "E449": null, "Ch": "Theophilus", "412-35": null, "428-31": null, "431": null, "434-46": null, "445-9": null, "449-51": null, "450": null, "450+": null, "?": null, "Ch; from 457": null, "TB449; end of Ch": null, "after 451": null, "c.440": null, "early 440s": null, "from 451": null, "d. c.443": null, "c.443-7": null }, "geometry": { "type": "Point", "coordinates": [ 30.4711135, 37.18092245 ] } },
{ "type": "Feature", "properties": { "diocese": "Asiana", "province": "Pamphylia I", "see": "Attaleia", "metropolis": null, "patriarchal": null, "unlocated": null, "x": 30.7000006, "y": 36.8903095, "batlas": "65 E4 Attalea", "pleiades": "https://pleiades.stoa.org/places/550472", "notes": null, "E431": "Theodore", "A445": null, "A448": null, "C448": null, "TB449": null, "C449": null, "E449": null, "Ch": null, "412-35": null, "428-31": null, "431": null, "434-46": null, "445-9": null, "449-51": null, "450": null, "450+": null, "?": null, "Ch; from 457": null, "TB449; end of Ch": null, "after 451": null, "c.440": null, "early 440s": null, "from 451": null, "d. c.443": null, "c.443-7": null }, "geometry": { "type": "Point", "coordinates": [ 30.7000006, 36.8903095 ] } },
{ "type": "Feature", "properties": { "diocese": "Asiana", "province": "Pamphylia I", "see": "Codrula", "metropolis": null, "patriarchal": null, "unlocated": null, "x": 30.351609, "y": 37.4363537, "batlas": "65 D3 Kodroula", "pleiades": "https://pleiades.stoa.org/places/638928", "notes": null, "E431": null, "A445": null, "A448": null, "C448": null, "TB449": null, "C449": null, "E449": null, "Ch": "Maras", "412-35": null, "428-31": null, "431": null, "434-46": null, "445-9": null, "449-51": null, "450": null, "450+": null, "?": null, "Ch; from 457": null, "TB449; end of Ch": null, "after 451": null, "c.440": null, "early 440s": null, "from 451": null, "d. c.443": null, "c.443-7": null }, "geometry": { "type": "Point", "coordinates": [ 30.351609, 37.4363537 ] } },
{ "type": "Feature", "properties": { "diocese": "Asiana", "province": "Pamphylia I", "see": "Isinda", "metropolis": null, "patriarchal": null, "unlocated": null, "x": 30.16733541, "y": 37.08074696, "batlas": "63 D3 Isinda", "pleiades": "https://pleiades.stoa.org/places/638872", "notes": null, "E431": "Aedesius", "A445": null, "A448": null, "C448": null, "TB449": null, "C449": null, "E449": null, "Ch": "Marcellinus", "412-35": null, "428-31": null, "431": null, "434-46": null, "445-9": null, "449-51": null, "450": null, "450+": null, "?": null, "Ch; from 457": null, "TB449; end of Ch": null, "after 451": null, "c.440": null, "early 440s": null, "from 451": null, "d. c.443": null, "c.443-7": null }, "geometry": { "type": "Point", "coordinates": [ 30.16733541, 37.08074696 ] } },
{ "type": "Feature", "properties": { "diocese": "Asiana", "province": "Pamphylia I", "see": "Lysinia", "metropolis": null, "patriarchal": null, "unlocated": null, "x": 30.08530775, "y": 37.7060928, "batlas": "65 D2 Lysinoe", "pleiades": "https://pleiades.stoa.org/places/638973", "notes": null, "E431": null, "A445": null, "A448": null, "C448": null, "TB449": null, "C449": null, "E449": null, "Ch": "Diodotus", "412-35": null, "428-31": null, "431": null, "434-46": null, "445-9": null, "449-51": null, "450": null, "450+": null, "?": null, "Ch; from 457": null, "TB449; end of Ch": null, "after 451": null, "c.440": null, "early 440s": null, "from 451": null, "d. c.443": null, "c.443-7": null }, "geometry": { "type": "Point", "coordinates": [ 30.08530775, 37.7060928 ] } },
{ "type": "Feature", "properties": { "diocese": "Asiana", "province": "Pamphylia I", "see": "Magydus", "metropolis": null, "patriarchal": null, "unlocated": null, "x": 30.793665, "y": 36.85307306, "batlas": "65 E4 Magydos", "pleiades": "https://pleiades.stoa.org/places/638980", "notes": null, "E431": null, "A445": null, "A448": null, "C448": null, "TB449": null, "C449": null, "E449": null, "Ch": "Macedon", "412-35": null, "428-31": null, "431": null, "434-46": null, "445-9": null, "449-51": null, "450": null, "450+": null, "?": null, "Ch; from 457": null, "TB449; end of Ch": null, "after 451": null, "c.440": null, "early 440s": null, "from 451": null, "d. c.443": null, "c.443-7": null }, "geometry": { "type": "Point", "coordinates": [ 30.793665, 36.85307306 ] } },
{ "type": "Feature", "properties": { "diocese": "Asiana", "province": "Pamphylia I", "see": "Palaeopolis", "metropolis": null, "patriarchal": null, "unlocated": null, "x": 30.11966432, "y": 37.50544795, "batlas": "65 D3 Kormasa?", "pleiades": "https://pleiades.stoa.org/places/638936", "notes": null, "E431": "Libanius", "A445": null, "A448": null, "C448": null, "TB449": null, "C449": null, "E449": null, "Ch": null, "412-35": null, "428-31": null, "431": null, "434-46": null, "445-9": null, "449-51": null, "450": null, "450+": null, "?": null, "Ch; from 457": null, "TB449; end of Ch": null, "after 451": null, "c.440": null, "early 440s": null, "from 451": null, "d. c.443": null, "c.443-7": null }, "geometry": { "type": "Point", "coordinates": [ 30.11966432, 37.50544795 ] } },
{ "type": "Feature", "properties": { "diocese": "Asiana", "province": "Pamphylia I", "see": "Perge", "metropolis": true, "patriarchal": null, "unlocated": null, "x": 30.85338901, "y": 36.96425721, "batlas": "65 E4 Perge", "pleiades": "https://pleiades.stoa.org/places/639048", "notes": null, "E431": "Verinianus", "A445": null, "A448": null, "C448": null, "TB449": null, "C449": null, "E449": "Epiphanius", "Ch": "Epiphanius", "412-35": null, "428-31": null, "431": null, "434-46": null, "445-9": null, "449-51": null, "450": null, "450+": null, "?": null, "Ch; from 457": null, "TB449; end of Ch": null, "after 451": null, "c.440": null, "early 440s": null, "from 451": null, "d. c.443": null, "c.443-7": null }, "geometry": { "type": "Point", "coordinates": [ 30.85338901, 36.96425721 ] } },
{ "type": "Feature", "properties": { "diocese": "Asiana", "province": "Pamphylia I", "see": "Pogla", "metropolis": null, "patriarchal": null, "unlocated": null, "x": 30.24599856, "y": 37.28849018, "batlas": "65 D3 Pogla", "pleiades": "https://pleiades.stoa.org/places/639066", "notes": null, "E431": null, "A445": null, "A448": null, "C448": null, "TB449": null, "C449": null, "E449": null, "Ch": "Paul", "412-35": null, "428-31": null, "431": null, "434-46": null, "445-9": null, "449-51": null, "450": null, "450+": null, "?": null, "Ch; from 457": null, "TB449; end of Ch": null, "after 451": null, "c.440": null, "early 440s": null, "from 451": null, "d. c.443": null, "c.443-7": null }, "geometry": { "type": "Point", "coordinates": [ 30.24599856, 37.28849018 ] } },
{ "type": "Feature", "properties": { "diocese": "Asiana", "province": "Pamphylia I", "see": "Sillyum", "metropolis": null, "patriarchal": null, "unlocated": null, "x": 30.98775128, "y": 36.99152892, "batlas": "65 E4 Sillyon", "pleiades": "https://pleiades.stoa.org/places/639109", "notes": null, "E431": null, "A445": null, "A448": null, "C448": null, "TB449": null, "C449": null, "E449": null, "Ch": "Neon", "412-35": null, "428-31": null, "431": null, "434-46": null, "445-9": null, "449-51": null, "450": null, "450+": null, "?": null, "Ch; from 457": null, "TB449; end of Ch": null, "after 451": null, "c.440": null, "early 440s": null, "from 451": null, "d. c.443": null, "c.443-7": null }, "geometry": { "type": "Point", "coordinates": [ 30.98775128, 36.99152892 ] } },
{ "type": "Feature", "properties": { "diocese": "Asiana", "province": "Pamphylia I", "see": "Termessus", "metropolis": null, "patriarchal": null, "unlocated": null, "x": 30.46485241, "y": 36.98239583, "batlas": "65 D4 Termessos", "pleiades": "https://pleiades.stoa.org/places/639139", "notes": null, "E431": "Timothy", "A445": null, "A448": null, "C448": "Sabinianus", "TB449": null, "C449": null, "E449": null, "Ch": null, "412-35": null, "428-31": null, "431": null, "434-46": null, "445-9": null, "449-51": null, "450": null, "450+": null, "?": null, "Ch; from 457": null, "TB449; end of Ch": null, "after 451": null, "c.440": null, "early 440s": null, "from 451": null, "d. c.443": null, "c.443-7": null }, "geometry": { "type": "Point", "coordinates": [ 30.46485241, 36.98239583 ] } },
{ "type": "Feature", "properties": { "diocese": "Asiana", "province": "Pamphylia II", "see": "'Apollo'", "metropolis": null, "patriarchal": null, "unlocated": true, "x": 31.6483, "y": 36.897, "batlas": null, "pleiades": null, "notes": "No idea", "E431": "Paviscus", "A445": null, "A448": null, "C448": null, "TB449": null, "C449": null, "E449": null, "Ch": null, "412-35": null, "428-31": null, "431": null, "434-46": null, "445-9": null, "449-51": null, "450": null, "450+": null, "?": null, "Ch; from 457": null, "TB449; end of Ch": null, "after 451": null, "c.440": null, "early 440s": null, "from 451": null, "d. c.443": null, "c.443-7": null }, "geometry": { "type": "Point", "coordinates": [ 31.6483, 36.897 ] } },
{ "type": "Feature", "properties": { "diocese": "Asiana", "province": "Pamphylia II", "see": "Carallia", "metropolis": null, "patriarchal": null, "unlocated": null, "x": 31.88571259, "y": 36.68368587, "batlas": "65 G4 Karallia", "pleiades": "https://pleiades.stoa.org/places/638898", "notes": null, "E431": "Solon", "A445": null, "A448": null, "C448": null, "TB449": null, "C449": null, "E449": null, "Ch": "Marcellinus", "412-35": null, "428-31": null, "431": null, "434-46": null, "445-9": null, "449-51": null, "450": null, "450+": null, "?": null, "Ch; from 457": null, "TB449; end of Ch": null, "after 451": null, "c.440": null, "early 440s": null, "from 451": null, "d. c.443": null, "c.443-7": null }, "geometry": { "type": "Point", "coordinates": [ 31.88571259, 36.68368587 ] } },
{ "type": "Feature", "properties": { "diocese": "Asiana", "province": "Pamphylia II", "see": "Casae and Sennea", "metropolis": null, "patriarchal": null, "unlocated": null, "x": 31.7652579, "y": 36.8235343, "batlas": "65 G4 *Sennea?", "pleiades": "https://pleiades.stoa.org/places/639101", "notes": null, "E431": "Nectarius", "A445": null, "A448": null, "C448": null, "TB449": null, "C449": null, "E449": null, "Ch": null, "412-35": null, "428-31": null, "431": null, "434-46": null, "445-9": null, "449-51": null, "450": null, "450+": null, "?": null, "Ch; from 457": null, "TB449; end of Ch": null, "after 451": null, "c.440": null, "early 440s": null, "from 451": null, "d. c.443": null, "c.443-7": null }, "geometry": { "type": "Point", "coordinates": [ 31.7652579, 36.8235343 ] } },
{ "type": "Feature", "properties": { "diocese": "Asiana", "province": "Pamphylia II", "see": "Colybrassus", "metropolis": null, "patriarchal": null, "unlocated": null, "x": 31.95813854, "y": 36.73242413, "batlas": "65 G4 Kolybrassos", "pleiades": "https://pleiades.stoa.org/places/638931", "notes": null, "E431": "Nesius", "A445": null, "A448": null, "C448": null, "TB449": null, "C449": null, "E449": null, "Ch": null, "412-35": null, "428-31": null, "431": null, "434-46": null, "445-9": null, "449-51": null, "450": null, "450+": null, "?": null, "Ch; from 457": null, "TB449; end of Ch": null, "after 451": null, "c.440": null, "early 440s": null, "from 451": null, "d. c.443": null, "c.443-7": null }, "geometry": { "type": "Point", "coordinates": [ 31.95813854, 36.73242413 ] } },
{ "type": "Feature", "properties": { "diocese": "Asiana", "province": "Pamphylia II", "see": "Coracesium", "metropolis": null, "patriarchal": null, "unlocated": null, "x": 31.99981592, "y": 36.54263801, "batlas": "65 G4 Korakesion", "pleiades": "https://pleiades.stoa.org/places/638933", "notes": null, "E431": "Matidianus", "A445": null, "A448": null, "C448": null, "TB449": null, "C449": null, "E449": null, "Ch": "Obrimus", "412-35": null, "428-31": null, "431": null, "434-46": null, "445-9": null, "449-51": null, "450": null, "450+": null, "?": null, "Ch; from 457": null, "TB449; end of Ch": null, "after 451": null, "c.440": null, "early 440s": null, "from 451": null, "d. c.443": null, "c.443-7": null }, "geometry": { "type": "Point", "coordinates": [ 31.99981592, 36.54263801 ] } },
{ "type": "Feature", "properties": { "diocese": "Asiana", "province": "Pamphylia II", "see": "Cotenna", "metropolis": null, "patriarchal": null, "unlocated": null, "x": 31.647894, "y": 37.02411694, "batlas": "65 G3 Kotenna", "pleiades": "https://pleiades.stoa.org/places/638940", "notes": null, "E431": "Acacius", "A445": null, "A448": null, "C448": null, "TB449": null, "C449": null, "E449": null, "Ch": "Eugenius", "412-35": null, "428-31": null, "431": null, "434-46": null, "445-9": null, "449-51": null, "450": null, "450+": null, "?": null, "Ch; from 457": null, "TB449; end of Ch": null, "after 451": null, "c.440": null, "early 440s": null, "from 451": null, "d. c.443": null, "c.443-7": null }, "geometry": { "type": "Point", "coordinates": [ 31.647894, 37.02411694 ] } },
{ "type": "Feature", "properties": { "diocese": "Asiana", "province": "Pamphylia II", "see": "Erymna", "metropolis": null, "patriarchal": null, "unlocated": null, "x": 31.58389838, "y": 37.07344852, "batlas": "65 G3 Erymna", "pleiades": "https://pleiades.stoa.org/places/638831", "notes": null, "E431": "Paul", "A445": null, "A448": null, "C448": null, "TB449": null, "C449": null, "E449": null, "Ch": null, "412-35": null, "428-31": null, "431": null, "434-46": null, "445-9": null, "449-51": null, "450": null, "450+": null, "?": null, "Ch; from 457": null, "TB449; end of Ch": null, "after 451": null, "c.440": null, "early 440s": null, "from 451": null, "d. c.443": null, "c.443-7": null }, "geometry": { "type": "Point", "coordinates": [ 31.58389838, 37.07344852 ] } },
{ "type": "Feature", "properties": { "diocese": "Asiana", "province": "Pamphylia II", "see": "Etenna", "metropolis": null, "patriarchal": null, "unlocated": null, "x": 31.44418452, "y": 36.99397149, "batlas": "65 F3 Etenna", "pleiades": "https://pleiades.stoa.org/places/638832", "notes": null, "E431": "Eutropius", "A445": null, "A448": null, "C448": null, "TB449": null, "C449": null, "E449": null, "Ch": "Eudoxius", "412-35": null, "428-31": null, "431": null, "434-46": null, "445-9": null, "449-51": null, "450": null, "450+": null, "?": null, "Ch; from 457": null, "TB449; end of Ch": null, "after 451": null, "c.440": null, "early 440s": null, "from 451": null, "d. c.443": null, "c.443-7": null }, "geometry": { "type": "Point", "coordinates": [ 31.44418452, 36.99397149 ] } },
{ "type": "Feature", "properties": { "diocese": "Asiana", "province": "Pamphylia II", "see": "Lyrbe", "metropolis": null, "patriarchal": null, "unlocated": null, "x": 31.475921, "y": 36.87388368, "batlas": "65 F4 Lyrbe?", "pleiades": "https://pleiades.stoa.org/places/638970", "notes": null, "E431": "Tarianus", "A445": null, "A448": null, "C448": null, "TB449": null, "C449": null, "E449": null, "Ch": null, "412-35": null, "428-31": null, "431": null, "434-46": null, "445-9": null, "449-51": null, "450": null, "450+": null, "?": null, "Ch; from 457": null, "TB449; end of Ch": null, "after 451": null, "c.440": null, "early 440s": null, "from 451": null, "d. c.443": null, "c.443-7": null }, "geometry": { "type": "Point", "coordinates": [ 31.475921, 36.87388368 ] } },
{ "type": "Feature", "properties": { "diocese": "Asiana", "province": "Pamphylia II", "see": "Primupolis", "metropolis": null, "patriarchal": null, "unlocated": null, "x": 31.16963781, "y": 36.94037234, "batlas": "65 F4 Aspendos/Primoupolis", "pleiades": "https://pleiades.stoa.org/places/638776", "notes": null, "E431": "Tribunianus", "A445": null, "A448": null, "C448": "Timothy", "TB449": null, "C449": "Timothy", "E449": "Timothy", "Ch": null, "412-35": null, "428-31": null, "431": null, "434-46": null, "445-9": null, "449-51": null, "450": null, "450+": null, "?": null, "Ch; from 457": null, "TB449; end of Ch": null, "after 451": null, "c.440": null, "early 440s": null, "from 451": null, "d. c.443": null, "c.443-7": null }, "geometry": { "type": "Point", "coordinates": [ 31.16963781, 36.94037234 ] } },
{ "type": "Feature", "properties": { "diocese": "Asiana", "province": "Pamphylia II", "see": "Selge", "metropolis": null, "patriarchal": null, "unlocated": null, "x": 31.12624979, "y": 37.22525524, "batlas": "65 F3 Selge", "pleiades": "https://pleiades.stoa.org/places/639100", "notes": null, "E431": "Nunechius", "A445": null, "A448": null, "C448": null, "TB449": null, "C449": null, "E449": null, "Ch": null, "412-35": null, "428-31": null, "431": null, "434-46": null, "445-9": null, "449-51": null, "450": null, "450+": null, "?": null, "Ch; from 457": null, "TB449; end of Ch": null, "after 451": null, "c.440": null, "early 440s": null, "from 451": null, "d. c.443": null, "c.443-7": null }, "geometry": { "type": "Point", "coordinates": [ 31.12624979, 37.22525524 ] } },
{ "type": "Feature", "properties": { "diocese": "Asiana", "province": "Pamphylia II", "see": "Side", "metropolis": true, "patriarchal": null, "unlocated": null, "x": 31.38965253, "y": 36.76676824, "batlas": "65 F4 Side", "pleiades": "https://pleiades.stoa.org/places/639105", "notes": null, "E431": "Amphilochius", "A445": null, "A448": null, "C448": null, "TB449": null, "C449": null, "E449": null, "Ch": "Amphilochius", "412-35": null, "428-31": null, "431": null, "434-46": null, "445-9": null, "449-51": null, "450": null, "450+": null, "?": null, "Ch; from 457": null, "TB449; end of Ch": null, "after 451": null, "c.440": null, "early 440s": null, "from 451": null, "d. c.443": null, "c.443-7": null }, "geometry": { "type": "Point", "coordinates": [ 31.38965253, 36.76676824 ] } },
{ "type": "Feature", "properties": { "diocese": "Asiana", "province": "Pamphylia II", "see": "Syedra", "metropolis": null, "patriarchal": null, "unlocated": null, "x": 32.14768517, "y": 36.4459147, "batlas": "66 A4 Syedra", "pleiades": "https://pleiades.stoa.org/places/648783", "notes": null, "E431": null, "A445": null, "A448": null, "C448": null, "TB449": null, "C449": null, "E449": null, "Ch": "Gaius", "412-35": null, "428-31": null, "431": null, "434-46": null, "445-9": null, "449-51": null, "450": null, "450+": null, "?": null, "Ch; from 457": null, "TB449; end of Ch": null, "after 451": null, "c.440": null, "early 440s": null, "from 451": null, "d. c.443": null, "c.443-7": null }, "geometry": { "type": "Point", "coordinates": [ 32.14768517, 36.4459147 ] } },
{ "type": "Feature", "properties": { "diocese": "Asiana", "province": "Phrygia Pacatiana", "see": "Acmoneia", "metropolis": null, "patriarchal": null, "unlocated": null, "x": 29.77405177, "y": 38.65967287, "batlas": "62 C4 Akmonia", "pleiades": "https://pleiades.stoa.org/places/609293", "notes": null, "E431": null, "A445": null, "A448": null, "C448": null, "TB449": null, "C449": null, "E449": null, "Ch": "Gennadius", "412-35": null, "428-31": null, "431": null, "434-46": null, "445-9": null, "449-51": null, "450": null, "450+": null, "?": null, "Ch; from 457": null, "TB449; end of Ch": null, "after 451": null, "c.440": null, "early 440s": null, "from 451": null, "d. c.443": null, "c.443-7": null }, "geometry": { "type": "Point", "coordinates": [ 29.77405177, 38.65967287 ] } },
{ "type": "Feature", "properties": { "diocese": "Asiana", "province": "Phrygia Pacatiana", "see": "Aristium", "metropolis": null, "patriarchal": null, "unlocated": null, "x": 28.835122, "y": 39.448726, "batlas": "62 A3 Ariste?", "pleiades": "https://pleiades.stoa.org/places/609322", "notes": "Also unlocated \"Aristion\" https://pleiades.stoa.org/places/614608", "E431": null, "A445": null, "A448": null, "C448": null, "TB449": null, "C449": null, "E449": null, "Ch": "Paul", "412-35": null, "428-31": null, "431": null, "434-46": null, "445-9": null, "449-51": null, "450": null, "450+": null, "?": null, "Ch; from 457": null, "TB449; end of Ch": null, "after 451": null, "c.440": null, "early 440s": null, "from 451": null, "d. c.443": null, "c.443-7": null }, "geometry": { "type": "Point", "coordinates": [ 28.835122, 39.448726 ] } },
{ "type": "Feature", "properties": { "diocese": "Asiana", "province": "Phrygia Pacatiana", "see": "Attuda", "metropolis": null, "patriarchal": null, "unlocated": null, "x": 28.8122546, "y": 37.83719625, "batlas": "65 A2 Attouda", "pleiades": "https://pleiades.stoa.org/places/638779", "notes": null, "E431": "Hermolaus", "A445": null, "A448": null, "C448": null, "TB449": null, "C449": null, "E449": "Symmachius", "Ch": null, "412-35": null, "428-31": null, "431": null, "434-46": null, "445-9": null, "449-51": null, "450": null, "450+": null, "?": null, "Ch; from 457": null, "TB449; end of Ch": null, "after 451": null, "c.440": null, "early 440s": null, "from 451": null, "d. c.443": null, "c.443-7": null }, "geometry": { "type": "Point", "coordinates": [ 28.8122546, 37.83719625 ] } },
{ "type": "Feature", "properties": { "diocese": "Asiana", "province": "Phrygia Pacatiana", "see": "Cadi", "metropolis": null, "patriarchal": null, "unlocated": null, "x": 29.39200662, "y": 38.99077366, "batlas": "62 B3 Kadoi", "pleiades": "https://pleiades.stoa.org/places/609420", "notes": null, "E431": null, "A445": null, "A448": null, "C448": null, "TB449": null, "C449": "Daniel", "E449": "Daniel", "Ch": "Daniel", "412-35": null, "428-31": null, "431": null, "434-46": null, "445-9": null, "449-51": null, "450": null, "450+": null, "?": null, "Ch; from 457": null, "TB449; end of Ch": null, "after 451": null, "c.440": null, "early 440s": null, "from 451": null, "d. c.443": null, "c.443-7": null }, "geometry": { "type": "Point", "coordinates": [ 29.39200662, 38.99077366 ] } },
{ "type": "Feature", "properties": { "diocese": "Asiana", "province": "Phrygia Pacatiana", "see": "Ceretapa", "metropolis": null, "patriarchal": null, "unlocated": null, "x": 29.91520692, "y": 37.50191532, "batlas": "65 C2 Keretapa?/Diokaisareia?", "pleiades": "https://pleiades.stoa.org/places/638914", "notes": null, "E431": "Silvanus", "A445": null, "A448": null, "C448": null, "TB449": null, "C449": null, "E449": null, "Ch": null, "412-35": null, "428-31": null, "431": null, "434-46": null, "445-9": null, "449-51": null, "450": null, "450+": null, "?": null, "Ch; from 457": null, "TB449; end of Ch": null, "after 451": null, "c.440": null, "early 440s": null, "from 451": null, "d. c.443": null, "c.443-7": null }, "geometry": { "type": "Point", "coordinates": [ 29.91520692, 37.50191532 ] } },
{ "type": "Feature", "properties": { "diocese": "Asiana", "province": "Phrygia Pacatiana", "see": "Diocleia", "metropolis": null, "patriarchal": null, "unlocated": null, "x": 29.8881726, "y": 38.66385241, "batlas": "62 C4 Diokleia", "pleiades": "https://pleiades.stoa.org/places/609362", "notes": null, "E431": "Constantius", "A445": null, "A448": null, "C448": null, "TB449": null, "C449": null, "E449": null, "Ch": "Evander", "412-35": null, "428-31": null, "431": null, "434-46": null, "445-9": null, "449-51": null, "450": null, "450+": null, "?": null, "Ch; from 457": null, "TB449; end of Ch": null, "after 451": null, "c.440": null, "early 440s": null, "from 451": null, "d. c.443": null, "c.443-7": null }, "geometry": { "type": "Point", "coordinates": [ 29.8881726, 38.66385241 ] } },
{ "type": "Feature", "properties": { "diocese": "Asiana", "province": "Phrygia Pacatiana", "see": "Dionysopolis", "metropolis": null, "patriarchal": null, "unlocated": null, "x": 29.411864, "y": 38.15220441, "batlas": "62 B5 Dionysoupolis", "pleiades": "https://pleiades.stoa.org/places/609363", "notes": null, "E431": null, "A445": null, "A448": null, "C448": null, "TB449": null, "C449": null, "E449": null, "Ch": "Chares", "412-35": null, "428-31": null, "431": null, "434-46": null, "445-9": null, "449-51": null, "450": null, "450+": null, "?": null, "Ch; from 457": null, "TB449; end of Ch": null, "after 451": null, "c.440": null, "early 440s": null, "from 451": null, "d. c.443": null, "c.443-7": null }, "geometry": { "type": "Point", "coordinates": [ 29.411864, 38.15220441 ] } },
{ "type": "Feature", "properties": { "diocese": "Asiana", "province": "Phrygia Salutaris", "see": "Hierapolis", "metropolis": null, "patriarchal": null, "unlocated": null, "x": 30.19701434, "y": 38.46120537, "batlas": "62 D5 Hierapolis", "pleiades": "https://pleiades.stoa.org/places/609403", "notes": null, "E431": "Venantius", "A445": null, "A448": null, "C448": null, "TB449": null, "C449": null, "E449": null, "Ch": null, "412-35": null, "428-31": null, "431": null, "434-46": null, "445-9": null, "449-51": null, "450": null, "450+": null, "?": null, "Ch; from 457": null, "TB449; end of Ch": null, "after 451": null, "c.440": null, "early 440s": null, "from 451": null, "d. c.443": null, "c.443-7": null }, "geometry": { "type": "Point", "coordinates": [ 30.19701434, 38.46120537 ] } },
{ "type": "Feature", "properties": { "diocese": "Asiana", "province": "Phrygia Pacatiana", "see": "Laodicea", "metropolis": true, "patriarchal": null, "unlocated": null, "x": 29.10774741, "y": 37.83588783, "batlas": "65 B2 Laodicea ad Lycum/Diospolis/Roas", "pleiades": "https://pleiades.stoa.org/places/638955", "notes": null, "E431": "Aristonicus", "A445": null, "A448": null, "C448": null, "TB449": null, "C449": null, "E449": "Nunechius", "Ch": "Nunechius", "412-35": null, "428-31": null, "431": null, "434-46": null, "445-9": null, "449-51": null, "450": null, "450+": null, "?": null, "Ch; from 457": null, "TB449; end of Ch": null, "after 451": null, "c.440": null, "early 440s": null, "from 451": null, "d. c.443": null, "c.443-7": null }, "geometry": { "type": "Point", "coordinates": [ 29.10774741, 37.83588783 ] } },
{ "type": "Feature", "properties": { "diocese": "Asiana", "province": "Phrygia Pacatiana", "see": "Mossyna", "metropolis": null, "patriarchal": null, "unlocated": null, "x": 29.29069476, "y": 38.0896075, "batlas": "62 B5 Mossyna", "pleiades": "https://pleiades.stoa.org/places/609476", "notes": null, "E431": null, "A445": null, "A448": null, "C448": null, "TB449": null, "C449": null, "E449": null, "Ch": "Gennadius", "412-35": null, "428-31": null, "431": null, "434-46": null, "445-9": null, "449-51": null, "450": null, "450+": null, "?": null, "Ch; from 457": null, "TB449; end of Ch": null, "after 451": null, "c.440": null, "early 440s": null, "from 451": null, "d. c.443": null, "c.443-7": null }, "geometry": { "type": "Point", "coordinates": [ 29.29069476, 38.0896075 ] } },
{ "type": "Feature", "properties": { "diocese": "Asiana", "province": "Phrygia Pacatiana", "see": "Sebaste", "metropolis": null, "patriarchal": null, "unlocated": null, "x": 29.65534037, "y": 38.49552763, "batlas": "62 C5 Sebaste", "pleiades": "https://pleiades.stoa.org/places/609521", "notes": null, "E431": null, "A445": null, "A448": null, "C448": null, "TB449": null, "C449": null, "E449": null, "Ch": "Modestus", "412-35": null, "428-31": null, "431": null, "434-46": null, "445-9": null, "449-51": null, "450": null, "450+": null, "?": null, "Ch; from 457": null, "TB449; end of Ch": null, "after 451": null, "c.440": null, "early 440s": null, "from 451": null, "d. c.443": null, "c.443-7": null }, "geometry": { "type": "Point", "coordinates": [ 29.65534037, 38.49552763 ] } },
{ "type": "Feature", "properties": { "diocese": "Asiana", "province": "Phrygia Pacatiana", "see": "Siblia", "metropolis": null, "patriarchal": null, "unlocated": true, "x": 29.6502, "y": 38.3748, "batlas": null, "pleiades": "https://pleiades.stoa.org/places/614833", "notes": null, "E431": null, "A445": null, "A448": null, "C448": null, "TB449": null, "C449": null, "E449": null, "Ch": "Eulalius", "412-35": null, "428-31": null, "431": null, "434-46": null, "445-9": null, "449-51": null, "450": null, "450+": null, "?": null, "Ch; from 457": null, "TB449; end of Ch": null, "after 451": null, "c.440": null, "early 440s": null, "from 451": null, "d. c.443": null, "c.443-7": null }, "geometry": { "type": "Point", "coordinates": [ 29.6502, 38.3748 ] } },
{ "type": "Feature", "properties": { "diocese": "Asiana", "province": "Phrygia Pacatiana", "see": "Theodosiana", "metropolis": null, "patriarchal": null, "unlocated": true, "x": 29.6502, "y": 38.3748, "batlas": null, "pleiades": "https://pleiades.stoa.org/places/614855", "notes": "Unlocated", "E431": null, "A445": null, "A448": null, "C448": null, "TB449": null, "C449": "Thomas", "E449": null, "Ch": "Thomas", "412-35": null, "428-31": null, "431": null, "434-46": null, "445-9": null, "449-51": null, "450": null, "450+": null, "?": null, "Ch; from 457": null, "TB449; end of Ch": null, "after 451": null, "c.440": null, "early 440s": null, "from 451": null, "d. c.443": null, "c.443-7": null }, "geometry": { "type": "Point", "coordinates": [ 29.6502, 38.3748 ] } },
{ "type": "Feature", "properties": { "diocese": "Asiana", "province": "Phrygia Pacatiana", "see": "Trajanopolis", "metropolis": null, "patriarchal": null, "unlocated": null, "x": 29.54708521, "y": 38.68619059, "batlas": "66 A4 Selinous/Traianopolis", "pleiades": "https://pleiades.stoa.org/places/609559", "notes": null, "E431": "Philadelphus", "A445": null, "A448": null, "C448": null, "TB449": null, "C449": null, "E449": null, "Ch": null, "412-35": null, "428-31": null, "431": null, "434-46": null, "445-9": null, "449-51": null, "450": null, "450+": null, "?": null, "Ch; from 457": null, "TB449; end of Ch": null, "after 451": null, "c.440": null, "early 440s": null, "from 451": null, "d. c.443": null, "c.443-7": null }, "geometry": { "type": "Point", "coordinates": [ 29.54708521, 38.68619059 ] } },
{ "type": "Feature", "properties": { "diocese": "Asiana", "province": "Phrygia Pacatiana", "see": "Trapezopolis", "metropolis": null, "patriarchal": null, "unlocated": null, "x": 28.9291176, "y": 37.85441456, "batlas": "65 A2 Trapezopolis", "pleiades": "https://pleiades.stoa.org/places/639149", "notes": null, "E431": "Asclepiades", "A445": null, "A448": null, "C448": null, "TB449": null, "C449": null, "E449": null, "Ch": "John", "412-35": null, "428-31": null, "431": null, "434-46": null, "445-9": null, "449-51": null, "450": null, "450+": null, "?": null, "Ch; from 457": null, "TB449; end of Ch": null, "after 451": null, "c.440": null, "early 440s": null, "from 451": null, "d. c.443": null, "c.443-7": null }, "geometry": { "type": "Point", "coordinates": [ 28.9291176, 37.85441456 ] } },
{ "type": "Feature", "properties": { "diocese": "Asiana", "province": "Phrygia Salutaris", "see": "Aurocra", "metropolis": null, "patriarchal": null, "unlocated": null, "x": 31.21642544, "y": 38.53933971, "batlas": "62 F4 Aurokra", "pleiades": "https://pleiades.stoa.org/places/609332", "notes": null, "E431": null, "A445": null, "A448": null, "C448": null, "TB449": null, "C449": "Aquila", "E449": null, "Ch": "Aquila", "412-35": null, "428-31": null, "431": null, "434-46": null, "445-9": null, "449-51": null, "450": null, "450+": null, "?": null, "Ch; from 457": null, "TB449; end of Ch": null, "after 451": null, "c.440": null, "early 440s": null, "from 451": null, "d. c.443": null, "c.443-7": null }, "geometry": { "type": "Point", "coordinates": [ 31.21642544, 38.53933971 ] } },
{ "type": "Feature", "properties": { "diocese": "Asiana", "province": "Phrygia Salutaris", "see": "Cotiaeum", "metropolis": null, "patriarchal": null, "unlocated": null, "x": 29.98425033, "y": 39.41834934, "batlas": "62 C3 Kotiaeion", "pleiades": "https://pleiades.stoa.org/places/609444", "notes": null, "E431": "Domninus", "A445": null, "A448": null, "C448": null, "TB449": null, "C449": null, "E449": null, "Ch": null, "412-35": null, "428-31": null, "431": null, "434-46": null, "445-9": null, "449-51": null, "450": null, "450+": null, "?": null, "Ch; from 457": null, "TB449; end of Ch": null, "after 451": null, "c.440": null, "early 440s": null, "from 451": null, "d. c.443": null, "c.443-7": null }, "geometry": { "type": "Point", "coordinates": [ 29.98425033, 39.41834934 ] } },
{ "type": "Feature", "properties": { "diocese": "Asiana", "province": "Phrygia Salutaris", "see": "Docimium", "metropolis": null, "patriarchal": null, "unlocated": null, "x": 30.75217788, "y": 38.86234153, "batlas": "62 E4 Dokimeion", "pleiades": "https://pleiades.stoa.org/places/609366", "notes": null, "E431": "Eustathius", "A445": null, "A448": null, "C448": "Eustochius", "TB449": null, "C449": "Eustochius", "E449": null, "Ch": "Eustochius", "412-35": null, "428-31": null, "431": null, "434-46": null, "445-9": null, "449-51": null, "450": null, "450+": null, "?": null, "Ch; from 457": null, "TB449; end of Ch": null, "after 451": null, "c.440": null, "early 440s": null, "from 451": null, "d. c.443": null, "c.443-7": null }, "geometry": { "type": "Point", "coordinates": [ 30.75217788, 38.86234153 ] } },
{ "type": "Feature", "properties": { "diocese": "Asiana", "province": "Phrygia Salutaris", "see": "Dorylaeum", "metropolis": null, "patriarchal": null, "unlocated": null, "x": 30.51366755, "y": 39.78233083, "batlas": "62 E2 Dorylaion", "pleiades": "https://pleiades.stoa.org/places/609367", "notes": null, "E431": null, "A445": null, "A448": null, "C448": "Eusebius", "TB449": null, "C449": "Eusebius", "E449": null, "Ch": "Eusebius", "412-35": null, "428-31": null, "431": null, "434-46": null, "445-9": null, "449-51": null, "450": null, "450+": null, "?": null, "Ch; from 457": null, "TB449; end of Ch": null, "after 451": null, "c.440": null, "early 440s": null, "from 451": null, "d. c.443": null, "c.443-7": null }, "geometry": { "type": "Point", "coordinates": [ 30.51366755, 39.78233083 ] } },
{ "type": "Feature", "properties": { "diocese": "Asiana", "province": "Phrygia Salutaris", "see": "Eucarpia", "metropolis": null, "patriarchal": null, "unlocated": null, "x": 30.10815041, "y": 38.47583604, "batlas": "62 D5 Eukarpia", "pleiades": "https://pleiades.stoa.org/places/609378", "notes": null, "E431": null, "A445": null, "A448": null, "C448": null, "TB449": null, "C449": null, "E449": null, "Ch": "Cyriacus", "412-35": null, "428-31": null, "431": null, "434-46": null, "445-9": null, "449-51": null, "450": null, "450+": null, "?": null, "Ch; from 457": null, "TB449; end of Ch": null, "after 451": null, "c.440": null, "early 440s": null, "from 451": null, "d. c.443": null, "c.443-7": null }, "geometry": { "type": "Point", "coordinates": [ 30.10815041, 38.47583604 ] } },
{ "type": "Feature", "properties": { "diocese": "Asiana", "province": "Phrygia Salutaris", "see": "Eulandra", "metropolis": null, "patriarchal": null, "unlocated": true, "x": 30.6054, "y": 39.0942, "batlas": null, "pleiades": null, "notes": "Unlocated. Chance it is Sülümenli https://pleiades.stoa.org/places/609536", "E431": null, "A445": null, "A448": null, "C448": null, "TB449": null, "C449": null, "E449": null, "Ch": "Mirus", "412-35": null, "428-31": null, "431": null, "434-46": null, "445-9": null, "449-51": null, "450": null, "450+": null, "?": null, "Ch; from 457": null, "TB449; end of Ch": null, "after 451": null, "c.440": null, "early 440s": null, "from 451": null, "d. c.443": null, "c.443-7": null }, "geometry": { "type": "Point", "coordinates": [ 30.6054, 39.0942 ] } },
{ "type": "Feature", "properties": { "diocese": "Asiana", "province": "Phrygia Pacatiana", "see": "Hieropolis", "metropolis": null, "patriarchal": null, "unlocated": null, "x": 29.127859, "y": 37.926925, "batlas": "65 B2 Hierapolis", "pleiades": "https://pleiades.stoa.org/places/638860", "notes": null, "E431": null, "A445": null, "A448": null, "C448": null, "TB449": null, "C449": null, "E449": null, "Ch": "Abercius", "412-35": null, "428-31": null, "431": null, "434-46": null, "445-9": null, "449-51": null, "450": null, "450+": null, "?": null, "Ch; from 457": null, "TB449; end of Ch": null, "after 451": null, "c.440": null, "early 440s": null, "from 451": null, "d. c.443": null, "c.443-7": null }, "geometry": { "type": "Point", "coordinates": [ 29.127859, 37.926925 ] } },
{ "type": "Feature", "properties": { "diocese": "Asiana", "province": "Phrygia Salutaris", "see": "Ipsus", "metropolis": null, "patriarchal": null, "unlocated": null, "x": 30.54711943, "y": 38.85355255, "batlas": "62 E4 Ipsos", "pleiades": "https://pleiades.stoa.org/places/609415", "notes": null, "E431": null, "A445": null, "A448": null, "C448": null, "TB449": null, "C449": null, "E449": null, "Ch": "Lucian", "412-35": null, "428-31": null, "431": null, "434-46": null, "445-9": null, "449-51": null, "450": null, "450+": null, "?": null, "Ch; from 457": null, "TB449; end of Ch": null, "after 451": null, "c.440": null, "early 440s": null, "from 451": null, "d. c.443": null, "c.443-7": null }, "geometry": { "type": "Point", "coordinates": [ 30.54711943, 38.85355255 ] } },
{ "type": "Feature", "properties": { "diocese": "Asiana", "province": "Phrygia Salutaris", "see": "Lysias", "metropolis": null, "patriarchal": null, "unlocated": true, "x": 30.6054, "y": 39.0942, "batlas": null, "pleiades": null, "notes": "Unlocated https://pleiades.stoa.org/places/614738", "E431": null, "A445": null, "A448": null, "C448": null, "TB449": null, "C449": null, "E449": null, "Ch": "Philip", "412-35": null, "428-31": null, "431": null, "434-46": null, "445-9": null, "449-51": null, "450": null, "450+": null, "?": null, "Ch; from 457": null, "TB449; end of Ch": null, "after 451": null, "c.440": null, "early 440s": null, "from 451": null, "d. c.443": null, "c.443-7": null }, "geometry": { "type": "Point", "coordinates": [ 30.6054, 39.0942 ] } },
{ "type": "Feature", "properties": { "diocese": "Asiana", "province": "Phrygia Salutaris", "see": "Midaeum", "metropolis": null, "patriarchal": null, "unlocated": null, "x": 30.84492103, "y": 39.80017454, "batlas": "62 E2 Midaion", "pleiades": "https://pleiades.stoa.org/places/609473", "notes": null, "E431": null, "A445": null, "A448": null, "C448": null, "TB449": null, "C449": null, "E449": null, "Ch": "Epiphanius", "412-35": null, "428-31": null, "431": null, "434-46": null, "445-9": null, "449-51": null, "450": null, "450+": null, "?": null, "Ch; from 457": null, "TB449; end of Ch": null, "after 451": null, "c.440": null, "early 440s": null, "from 451": null, "d. c.443": null, "c.443-7": null }, "geometry": { "type": "Point", "coordinates": [ 30.84492103, 39.80017454 ] } },
{ "type": "Feature", "properties": { "diocese": "Asiana", "province": "Phrygia Salutaris", "see": "Nacoleia", "metropolis": null, "patriarchal": null, "unlocated": null, "x": 30.69601142, "y": 39.449698, "batlas": "62 E3 Nakoleia", "pleiades": "https://pleiades.stoa.org/places/609484", "notes": null, "E431": null, "A445": null, "A448": null, "C448": null, "TB449": null, "C449": null, "E449": null, "Ch": "Basil", "412-35": null, "428-31": null, "431": null, "434-46": null, "445-9": null, "449-51": null, "450": null, "450+": null, "?": null, "Ch; from 457": null, "TB449; end of Ch": null, "after 451": null, "c.440": null, "early 440s": null, "from 451": null, "d. c.443": null, "c.443-7": null }, "geometry": { "type": "Point", "coordinates": [ 30.69601142, 39.449698 ] } },
{ "type": "Feature", "properties": { "diocese": "Asiana", "province": "Phrygia Salutaris", "see": "Polybotus", "metropolis": null, "patriarchal": null, "unlocated": null, "x": 31.04892523, "y": 38.71274376, "batlas": "62 F4 Polybotos", "pleiades": "https://pleiades.stoa.org/places/609506", "notes": null, "E431": null, "A445": null, "A448": null, "C448": null, "TB449": null, "C449": null, "E449": null, "Ch": "Strategius", "412-35": null, "428-31": null, "431": null, "434-46": null, "445-9": null, "449-51": null, "450": null, "450+": null, "?": null, "Ch; from 457": null, "TB449; end of Ch": null, "after 451": null, "c.440": null, "early 440s": null, "from 451": null, "d. c.443": null, "c.443-7": null }, "geometry": { "type": "Point", "coordinates": [ 31.04892523, 38.71274376 ] } },
{ "type": "Feature", "properties": { "diocese": "Asiana", "province": "Phrygia Salutaris", "see": "Synnada", "metropolis": true, "patriarchal": null, "unlocated": null, "x": 30.5461288, "y": 38.53385919, "batlas": "62 E4 Synnada", "pleiades": "https://pleiades.stoa.org/places/609538", "notes": null, "E431": "Severus", "A445": null, "A448": null, "C448": null, "TB449": null, "C449": "Marinianus", "E449": "Marinianus", "Ch": "Marinianus", "412-35": null, "428-31": null, "431": null, "434-46": null, "445-9": null, "449-51": null, "450": null, "450+": null, "?": null, "Ch; from 457": null, "TB449; end of Ch": null, "after 451": null, "c.440": null, "early 440s": null, "from 451": null, "d. c.443": null, "c.443-7": null }, "geometry": { "type": "Point", "coordinates": [ 30.5461288, 38.53385919 ] } },
{ "type": "Feature", "properties": { "diocese": "Asiana", "province": "Pisidia", "see": "Adada", "metropolis": null, "patriarchal": null, "unlocated": null, "x": 30.98356141, "y": 37.57788155, "batlas": "65 E2 Adada", "pleiades": "https://pleiades.stoa.org/places/638733", "notes": null, "E431": null, "A445": null, "A448": null, "C448": null, "TB449": null, "C449": null, "E449": null, "Ch": "Eutropius", "412-35": null, "428-31": null, "431": null, "434-46": null, "445-9": null, "449-51": null, "450": null, "450+": null, "?": null, "Ch; from 457": null, "TB449; end of Ch": null, "after 451": null, "c.440": null, "early 440s": null, "from 451": null, "d. c.443": null, "c.443-7": null }, "geometry": { "type": "Point", "coordinates": [ 30.98356141, 37.57788155 ] } },
{ "type": "Feature", "properties": { "diocese": "Asiana", "province": "Pisidia", "see": "Antioch", "metropolis": true, "patriarchal": null, "unlocated": null, "x": 31.18034997, "y": 38.29995003, "batlas": "62 F5 Antiochia/Col. Caesarea", "pleiades": "https://pleiades.stoa.org/places/609307", "notes": null, "E431": null, "A445": null, "A448": null, "C448": null, "TB449": null, "C449": "Candidianus", "E449": "Candidianus", "Ch": "Pergamius", "412-35": null, "428-31": null, "431": null, "434-46": null, "445-9": null, "449-51": null, "450": null, "450+": null, "?": null, "Ch; from 457": null, "TB449; end of Ch": null, "after 451": null, "c.440": null, "early 440s": null, "from 451": null, "d. c.443": null, "c.443-7": null }, "geometry": { "type": "Point", "coordinates": [ 31.18034997, 38.29995003 ] } },
{ "type": "Feature", "properties": { "diocese": "Asiana", "province": "Pisidia", "see": "Apamea", "metropolis": null, "patriarchal": null, "unlocated": null, "x": 30.16275345, "y": 38.06617412, "batlas": "65 D1 Apamea/Kelainai/Kibotos", "pleiades": "https://pleiades.stoa.org/places/638751", "notes": null, "E431": null, "A445": null, "A448": null, "C448": null, "TB449": null, "C449": null, "E449": null, "Ch": "Paulinus", "412-35": null, "428-31": null, "431": null, "434-46": null, "445-9": null, "449-51": null, "450": null, "450+": null, "?": null, "Ch; from 457": null, "TB449; end of Ch": null, "after 451": null, "c.440": null, "early 440s": null, "from 451": null, "d. c.443": null, "c.443-7": null }, "geometry": { "type": "Point", "coordinates": [ 30.16275345, 38.06617412 ] } },
{ "type": "Feature", "properties": { "diocese": "Asiana", "province": "Pisidia", "see": "Hadrianopolis", "metropolis": null, "patriarchal": null, "unlocated": null, "x": 31.6396155, "y": 38.226166, "batlas": "62 G5 Hadrianoupolis", "pleiades": "https://pleiades.stoa.org/places/609397", "notes": "https://pleiades.stoa.org/places/609397", "E431": null, "A445": null, "A448": null, "C448": null, "TB449": null, "C449": null, "E449": null, "Ch": "Florentius", "412-35": null, "428-31": null, "431": null, "434-46": null, "445-9": null, "449-51": null, "450": null, "450+": null, "?": null, "Ch; from 457": null, "TB449; end of Ch": null, "after 451": null, "c.440": null, "early 440s": null, "from 451": null, "d. c.443": null, "c.443-7": null }, "geometry": { "type": "Point", "coordinates": [ 31.6396155, 38.226166 ] } },
{ "type": "Feature", "properties": { "diocese": "Asiana", "province": "Pisidia", "see": "Laodicea", "metropolis": null, "patriarchal": null, "unlocated": null, "x": 32.37614496, "y": 38.18930113, "batlas": "63 A4 Laodikeia (Katakekaumene)/Claudiolaodicea", "pleiades": "https://pleiades.stoa.org/places/619197", "notes": null, "E431": null, "A445": null, "A448": null, "C448": null, "TB449": null, "C449": null, "E449": null, "Ch": "Messalinus", "412-35": null, "428-31": null, "431": null, "434-46": null, "445-9": null, "449-51": null, "450": null, "450+": null, "?": null, "Ch; from 457": null, "TB449; end of Ch": null, "after 451": null, "c.440": null, "early 440s": null, "from 451": null, "d. c.443": null, "c.443-7": null }, "geometry": { "type": "Point", "coordinates": [ 32.37614496, 38.18930113 ] } },
{ "type": "Feature", "properties": { "diocese": "Asiana", "province": "Pisidia", "see": "Limenae", "metropolis": null, "patriarchal": null, "unlocated": null, "x": 30.88508059, "y": 38.23328656, "batlas": "62 E5 Ghaziri", "pleiades": null, "notes": "Uncited. Ghaziri is where it should be though https://pleiades.stoa.org/places/609389", "E431": null, "A445": null, "A448": null, "C448": null, "TB449": null, "C449": null, "E449": null, "Ch": "Movianus", "412-35": null, "428-31": null, "431": null, "434-46": null, "445-9": null, "449-51": null, "450": null, "450+": null, "?": null, "Ch; from 457": null, "TB449; end of Ch": null, "after 451": null, "c.440": null, "early 440s": null, "from 451": null, "d. c.443": null, "c.443-7": null }, "geometry": { "type": "Point", "coordinates": [ 30.88508059, 38.23328656 ] } },
{ "type": "Feature", "properties": { "diocese": "Asiana", "province": "Pisidia", "see": "Metropolis", "metropolis": null, "patriarchal": null, "unlocated": null, "x": 30.49112064, "y": 38.24170613, "batlas": "62 E5 Metropolis", "pleiades": "https://pleiades.stoa.org/places/609471", "notes": null, "E431": null, "A445": null, "A448": null, "C448": null, "TB449": null, "C449": null, "E449": null, "Ch": "Heorticius", "412-35": null, "428-31": null, "431": null, "434-46": null, "445-9": null, "449-51": null, "450": null, "450+": null, "?": null, "Ch; from 457": null, "TB449; end of Ch": null, "after 451": null, "c.440": null, "early 440s": null, "from 451": null, "d. c.443": null, "c.443-7": null }, "geometry": { "type": "Point", "coordinates": [ 30.49112064, 38.24170613 ] } },
{ "type": "Feature", "properties": { "diocese": "Asiana", "province": "Pisidia", "see": "Neapolis", "metropolis": null, "patriarchal": null, "unlocated": null, "x": 31.48145341, "y": 37.96860681, "batlas": "65 F2 Neapolis", "pleiades": "https://pleiades.stoa.org/places/639008", "notes": null, "E431": null, "A445": null, "A448": null, "C448": null, "TB449": null, "C449": null, "E449": null, "Ch": "Bassonas", "412-35": null, "428-31": null, "431": null, "434-46": null, "445-9": null, "449-51": null, "450": null, "450+": null, "?": null, "Ch; from 457": null, "TB449; end of Ch": null, "after 451": null, "c.440": null, "early 440s": null, "from 451": null, "d. c.443": null, "c.443-7": null }, "geometry": { "type": "Point", "coordinates": [ 31.48145341, 37.96860681 ] } },
{ "type": "Feature", "properties": { "diocese": "Asiana", "province": "Pisidia", "see": "Parlais", "metropolis": null, "patriarchal": null, "unlocated": null, "x": 30.78811432, "y": 38.0148725, "batlas": "65 E1 Parlais/Col. Iulia Augusta Hadriana", "pleiades": "https://pleiades.stoa.org/places/639039", "notes": null, "E431": null, "A445": null, "A448": null, "C448": null, "TB449": null, "C449": null, "E449": null, "Ch": "Libanius", "412-35": null, "428-31": null, "431": null, "434-46": null, "445-9": null, "449-51": null, "450": null, "450+": null, "?": null, "Ch; from 457": null, "TB449; end of Ch": null, "after 451": null, "c.440": null, "early 440s": null, "from 451": null, "d. c.443": null, "c.443-7": null }, "geometry": { "type": "Point", "coordinates": [ 30.78811432, 38.0148725 ] } },
{ "type": "Feature", "properties": { "diocese": "Asiana", "province": "Pisidia", "see": "Philomelium", "metropolis": null, "patriarchal": null, "unlocated": null, "x": 31.41704105, "y": 38.35760226, "batlas": "62 F5 Philomelion", "pleiades": "https://pleiades.stoa.org/places/609501", "notes": null, "E431": null, "A445": null, "A448": null, "C448": null, "TB449": null, "C449": null, "E449": null, "Ch": "Paul", "412-35": null, "428-31": null, "431": null, "434-46": null, "445-9": null, "449-51": null, "450": null, "450+": null, "?": null, "Ch; from 457": null, "TB449; end of Ch": null, "after 451": null, "c.440": null, "early 440s": null, "from 451": null, "d. c.443": null, "c.443-7": null }, "geometry": { "type": "Point", "coordinates": [ 31.41704105, 38.35760226 ] } },
{ "type": "Feature", "properties": { "diocese": "Asiana", "province": "Pisidia", "see": "Sagalassus", "metropolis": null, "patriarchal": null, "unlocated": null, "x": 30.51455223, "y": 37.67309364, "batlas": "65 E2 Sagalassos", "pleiades": "https://pleiades.stoa.org/places/639087", "notes": null, "E431": null, "A445": null, "A448": null, "C448": null, "TB449": null, "C449": null, "E449": null, "Ch": "Fontianus", "412-35": null, "428-31": null, "431": null, "434-46": null, "445-9": null, "449-51": null, "450": null, "450+": null, "?": null, "Ch; from 457": null, "TB449; end of Ch": null, "after 451": null, "c.440": null, "early 440s": null, "from 451": null, "d. c.443": null, "c.443-7": null }, "geometry": { "type": "Point", "coordinates": [ 30.51455223, 37.67309364 ] } },
{ "type": "Feature", "properties": { "diocese": "Asiana", "province": "Pisidia", "see": "Seleucia", "metropolis": null, "patriarchal": null, "unlocated": null, "x": 30.62141674, "y": 37.89611485, "batlas": "65 E2 Seleucia/Claudioseleucia/Seleucia Sidera", "pleiades": "https://pleiades.stoa.org/places/639098", "notes": null, "E431": null, "A445": null, "A448": null, "C448": null, "TB449": null, "C449": null, "E449": null, "Ch": "Alexander", "412-35": null, "428-31": null, "431": null, "434-46": null, "445-9": null, "449-51": null, "450": null, "450+": null, "?": null, "Ch; from 457": null, "TB449; end of Ch": null, "after 451": null, "c.440": null, "early 440s": null, "from 451": null, "d. c.443": null, "c.443-7": null }, "geometry": { "type": "Point", "coordinates": [ 30.62141674, 37.89611485 ] } },
{ "type": "Feature", "properties": { "diocese": "Asiana", "province": "Pisidia", "see": "Sinethandus", "metropolis": null, "patriarchal": null, "unlocated": true, "x": 31.1104, "y": 37.9778, "batlas": null, "pleiades": null, "notes": "Unlocated https://pleiades.stoa.org/places/642560", "E431": null, "A445": null, "A448": null, "C448": null, "TB449": null, "C449": null, "E449": null, "Ch": "Cyrus", "412-35": null, "428-31": null, "431": null, "434-46": null, "445-9": null, "449-51": null, "450": null, "450+": null, "?": null, "Ch; from 457": null, "TB449; end of Ch": null, "after 451": null, "c.440": null, "early 440s": null, "from 451": null, "d. c.443": null, "c.443-7": null }, "geometry": { "type": "Point", "coordinates": [ 31.1104, 37.9778 ] } },
{ "type": "Feature", "properties": { "diocese": "Asiana", "province": "Pisidia", "see": "Sozopolis", "metropolis": null, "patriarchal": null, "unlocated": null, "x": 30.46397041, "y": 38.0757215, "batlas": "65 D1 Apollonia/Mordiaion/Sozopolis", "pleiades": "https://pleiades.stoa.org/places/638758", "notes": null, "E431": "Severus", "A445": null, "A448": null, "C448": null, "TB449": null, "C449": null, "E449": "Olympius", "Ch": "Olympius", "412-35": null, "428-31": null, "431": null, "434-46": null, "445-9": null, "449-51": null, "450": null, "450+": null, "?": null, "Ch; from 457": null, "TB449; end of Ch": null, "after 451": null, "c.440": null, "early 440s": null, "from 451": null, "d. c.443": null, "c.443-7": null }, "geometry": { "type": "Point", "coordinates": [ 30.46397041, 38.0757215 ] } },
{ "type": "Feature", "properties": { "diocese": "Asiana", "province": "Pisidia", "see": "Tymandus", "metropolis": null, "patriarchal": null, "unlocated": null, "x": 30.607024, "y": 38.10431338, "batlas": "62 E5 Tymandos", "pleiades": "https://pleiades.stoa.org/places/609563", "notes": null, "E431": null, "A445": null, "A448": null, "C448": null, "TB449": null, "C449": "Longinus", "E449": null, "Ch": null, "412-35": null, "428-31": null, "431": null, "434-46": null, "445-9": null, "449-51": null, "450": null, "450+": null, "?": null, "Ch; from 457": null, "TB449; end of Ch": null, "after 451": null, "c.440": null, "early 440s": null, "from 451": null, "d. c.443": null, "c.443-7": null }, "geometry": { "type": "Point", "coordinates": [ 30.607024, 38.10431338 ] } },
{ "type": "Feature", "properties": { "diocese": "Asiana", "province": "Pisidia", "see": "Tyriaeum", "metropolis": null, "patriarchal": null, "unlocated": true, "x": 31.1104, "y": 37.9778, "batlas": "65 C4 Tyriaion", "pleiades": "https://pleiades.stoa.org/places/639160", "notes": "Different Places Between The Acts… and Data", "E431": null, "A445": null, "A448": null, "C448": null, "TB449": null, "C449": null, "E449": null, "Ch": "Theotecnus", "412-35": null, "428-31": null, "431": null, "434-46": null, "445-9": null, "449-51": null, "450": null, "450+": null, "?": null, "Ch; from 457": null, "TB449; end of Ch": null, "after 451": null, "c.440": null, "early 440s": null, "from 451": null, "d. c.443": null, "c.443-7": null }, "geometry": { "type": "Point", "coordinates": [ 31.1104, 37.9778 ] } },
{ "type": "Feature", "properties": { "diocese": "Asiana", "province": "The Islands", "see": "Chios", "metropolis": null, "patriarchal": null, "unlocated": null, "x": 26.13323982, "y": 38.37203422, "batlas": "56 C5 Chios", "pleiades": "https://pleiades.stoa.org/places/550497", "notes": "0", "E431": null, "A445": null, "A448": null, "C448": "Trypho", "TB449": null, "C449": "Trypho", "E449": null, "Ch": "Trypho", "412-35": null, "428-31": null, "431": null, "434-46": null, "445-9": null, "449-51": null, "450": null, "450+": null, "?": null, "Ch; from 457": null, "TB449; end of Ch": null, "after 451": null, "c.440": null, "early 440s": null, "from 451": null, "d. c.443": null, "c.443-7": null }, "geometry": { "type": "Point", "coordinates": [ 26.13323982, 38.37203422 ] } },
{ "type": "Feature", "properties": { "diocese": "Asiana", "province": "The Islands", "see": "Cos", "metropolis": null, "patriarchal": null, "unlocated": null, "x": 27.13660031, "y": 36.82237345, "batlas": "61 E4 Cos Ins.", "pleiades": "https://pleiades.stoa.org/places/599581", "notes": null, "E431": null, "A445": null, "A448": null, "C448": "Julian", "TB449": null, "C449": "Julian", "E449": null, "Ch": "Julian", "412-35": null, "428-31": null, "431": null, "434-46": null, "445-9": null, "449-51": null, "450": null, "450+": null, "?": null, "Ch; from 457": null, "TB449; end of Ch": null, "after 451": null, "c.440": null, "early 440s": null, "from 451": null, "d. c.443": null, "c.443-7": null }, "geometry": { "type": "Point", "coordinates": [ 27.13660031, 36.82237345 ] } },
{ "type": "Feature", "properties": { "diocese": "Asiana", "province": "The Islands", "see": "Lesbos", "metropolis": null, "patriarchal": null, "unlocated": null, "x": 26.31389619, "y": 39.21232561, "batlas": "56 C3 Lesbos Ins.", "pleiades": "https://pleiades.stoa.org/places/550696", "notes": null, "E431": "John", "A445": null, "A448": null, "C448": null, "TB449": null, "C449": null, "E449": null, "Ch": null, "412-35": null, "428-31": null, "431": null, "434-46": null, "445-9": null, "449-51": null, "450": null, "450+": null, "?": null, "Ch; from 457": null, "TB449; end of Ch": null, "after 451": null, "c.440": null, "early 440s": null, "from 451": null, "d. c.443": null, "c.443-7": null }, "geometry": { "type": "Point", "coordinates": [ 26.31389619, 39.21232561 ] } },
{ "type": "Feature", "properties": { "diocese": "Asiana", "province": "The Islands", "see": "Naxos", "metropolis": null, "patriarchal": null, "unlocated": null, "x": 25.46157947, "y": 37.07869685, "batlas": "61 A3 Naxos", "pleiades": "https://pleiades.stoa.org/places/599822", "notes": null, "E431": null, "A445": null, "A448": null, "C448": null, "TB449": null, "C449": null, "E449": null, "Ch": "Barachius", "412-35": null, "428-31": null, "431": null, "434-46": null, "445-9": null, "449-51": null, "450": null, "450+": null, "?": null, "Ch; from 457": null, "TB449; end of Ch": null, "after 451": null, "c.440": null, "early 440s": null, "from 451": null, "d. c.443": null, "c.443-7": null }, "geometry": { "type": "Point", "coordinates": [ 25.46157947, 37.07869685 ] } },
{ "type": "Feature", "properties": { "diocese": "Asiana", "province": "The Islands", "see": "Paros", "metropolis": null, "patriarchal": null, "unlocated": null, "x": 25.19760691, "y": 37.0630957, "batlas": "61 A3 Paros Ins.", "pleiades": "https://pleiades.stoa.org/places/599868", "notes": null, "E431": "Athanasius", "A445": null, "A448": null, "C448": null, "TB449": null, "C449": null, "E449": null, "Ch": null, "412-35": null, "428-31": null, "431": null, "434-46": null, "445-9": null, "449-51": null, "450": null, "450+": null, "?": null, "Ch; from 457": null, "TB449; end of Ch": null, "after 451": null, "c.440": null, "early 440s": null, "from 451": null, "d. c.443": null, "c.443-7": null }, "geometry": { "type": "Point", "coordinates": [ 25.19760691, 37.0630957 ] } },
{ "type": "Feature", "properties": { "diocese": "Asiana", "province": "The Islands", "see": "Rhodes", "metropolis": true, "patriarchal": null, "unlocated": null, "x": 27.97285873, "y": 36.17932097, "batlas": "60 F3 Rhodos Ins.", "pleiades": "https://pleiades.stoa.org/places/590031", "notes": null, "E431": "Hellanicus", "A445": null, "A448": null, "C448": null, "TB449": null, "C449": null, "E449": "John", "Ch": "John", "412-35": null, "428-31": null, "431": null, "434-46": null, "445-9": null, "449-51": null, "450": null, "450+": null, "?": null, "Ch; from 457": null, "TB449; end of Ch": null, "after 451": null, "c.440": null, "early 440s": null, "from 451": null, "d. c.443": null, "c.443-7": null }, "geometry": { "type": "Point", "coordinates": [ 27.97285873, 36.17932097 ] } },
{ "type": "Feature", "properties": { "diocese": "Asiana", "province": "The Islands", "see": "Tenedos and Lesbos", "metropolis": null, "patriarchal": null, "unlocated": null, "x": 26.03532135, "y": 39.82038489, "batlas": "56 C2 Tenedos Ins.", "pleiades": "https://pleiades.stoa.org/places/639138", "notes": null, "E431": null, "A445": null, "A448": null, "C448": null, "TB449": null, "C449": null, "E449": "Florentius", "Ch": "Florentius", "412-35": null, "428-31": null, "431": null, "434-46": null, "445-9": null, "449-51": null, "450": null, "450+": null, "?": null, "Ch; from 457": null, "TB449; end of Ch": null, "after 451": null, "c.440": null, "early 440s": null, "from 451": null, "d. c.443": null, "c.443-7": null }, "geometry": { "type": "Point", "coordinates": [ 26.03532135, 39.82038489 ] } },
{ "type": "Feature", "properties": { "diocese": "Client Territory", "province": "Armenia Magna", "see": "Theodosiopolis", "metropolis": null, "patriarchal": null, "unlocated": null, "x": 41.27626546, "y": 39.90739844, "batlas": "89 D1 Autisparate/Theodosiopolis", "pleiades": "https://pleiades.stoa.org/places/874373", "notes": null, "E431": null, "A445": null, "A448": null, "C448": null, "TB449": null, "C449": "Peter", "E449": null, "Ch": "Manasses", "412-35": null, "428-31": null, "431": null, "434-46": null, "445-9": null, "449-51": null, "450": null, "450+": null, "?": null, "Ch; from 457": null, "TB449; end of Ch": null, "after 451": null, "c.440": null, "early 440s": null, "from 451": null, "d. c.443": null, "c.443-7": null }, "geometry": { "type": "Point", "coordinates": [ 41.27626546, 39.90739844 ] } },
{ "type": "Feature", "properties": { "diocese": "Dacia", "province": "Dacia Mediterranea", "see": "Remesiana", "metropolis": null, "patriarchal": null, "unlocated": null, "x": 22.293498, "y": 43.21487917, "batlas": "21 E6 Remesiana", "pleiades": "https://pleiades.stoa.org/places/207382", "notes": null, "E431": null, "A445": null, "A448": null, "C448": null, "TB449": null, "C449": null, "E449": "Diogenianus", "Ch": null, "412-35": null, "428-31": null, "431": null, "434-46": null, "445-9": null, "449-51": null, "450": null, "450+": null, "?": null, "Ch; from 457": null, "TB449; end of Ch": null, "after 451": null, "c.440": null, "early 440s": null, "from 451": null, "d. c.443": null, "c.443-7": null }, "geometry": { "type": "Point", "coordinates": [ 22.293498, 43.21487917 ] } },
{ "type": "Feature", "properties": { "diocese": "Dacia", "province": "Praevalitana", "see": "Scodra", "metropolis": true, "patriarchal": null, "unlocated": null, "x": 19.51340464, "y": 42.06042564, "batlas": "49 B1 Scodra", "pleiades": "https://pleiades.stoa.org/places/481986", "notes": null, "E431": "Senecio", "A445": null, "A448": null, "C448": null, "TB449": null, "C449": null, "E449": null, "Ch": null, "412-35": null, "428-31": null, "431": null, "434-46": null, "445-9": null, "449-51": null, "450": null, "450+": null, "?": null, "Ch; from 457": null, "TB449; end of Ch": null, "after 451": null, "c.440": null, "early 440s": null, "from 451": null, "d. c.443": null, "c.443-7": null }, "geometry": { "type": "Point", "coordinates": [ 19.51340464, 42.06042564 ] } },
{ "type": "Feature", "properties": { "diocese": "Egypt", "province": "Aegyptus", "see": "Alexandria", "metropolis": null, "patriarchal": true, "unlocated": null, "x": 29.90925136, "y": 31.20031952, "batlas": "74 B2 Alexandria", "pleiades": "https://pleiades.stoa.org/places/727070", "notes": null, "E431": "Cyril", "A445": null, "A448": null, "C448": null, "TB449": null, "C449": null, "E449": "Dioscorus", "Ch": "Dioscorus", "412-35": null, "428-31": null, "431": null, "434-46": null, "445-9": null, "449-51": null, "450": null, "450+": null, "?": null, "Ch; from 457": null, "TB449; end of Ch": null, "after 451": null, "c.440": null, "early 440s": null, "from 451": null, "d. c.443": null, "c.443-7": null }, "geometry": { "type": "Point", "coordinates": [ 29.90925136, 31.20031952 ] } },
{ "type": "Feature", "properties": { "diocese": "Egypt", "province": "Aegyptus", "see": "Busiris", "metropolis": null, "patriarchal": null, "unlocated": null, "x": 31.2387955, "y": 30.913368, "batlas": "74 E3 Bousiris", "pleiades": "https://pleiades.stoa.org/places/727090", "notes": null, "E431": null, "A445": null, "A448": null, "C448": null, "TB449": null, "C449": null, "E449": "Athanasius", "Ch": "Athanasius", "412-35": null, "428-31": null, "431": null, "434-46": null, "445-9": null, "449-51": null, "450": null, "450+": null, "?": null, "Ch; from 457": null, "TB449; end of Ch": null, "after 451": null, "c.440": null, "early 440s": null, "from 451": null, "d. c.443": null, "c.443-7": null }, "geometry": { "type": "Point", "coordinates": [ 31.2387955, 30.913368 ] } },
{ "type": "Feature", "properties": { "diocese": "Egypt", "province": "Aegyptus", "see": "Buto", "metropolis": null, "patriarchal": null, "unlocated": null, "x": 30.74550446, "y": 31.19683521, "batlas": "74 D2 Bouto", "pleiades": "https://pleiades.stoa.org/places/727094", "notes": null, "E431": "Ammon", "A445": null, "A448": null, "C448": null, "TB449": null, "C449": null, "E449": null, "Ch": null, "412-35": null, "428-31": null, "431": null, "434-46": null, "445-9": null, "449-51": null, "450": null, "450+": null, "?": null, "Ch; from 457": null, "TB449; end of Ch": null, "after 451": null, "c.440": null, "early 440s": null, "from 451": null, "d. c.443": null, "c.443-7": null }, "geometry": { "type": "Point", "coordinates": [ 30.74550446, 31.19683521 ] } },
{ "type": "Feature", "properties": { "diocese": "Egypt", "province": "Aegyptus", "see": "Cabasa", "metropolis": null, "patriarchal": null, "unlocated": null, "x": 30.74459, "y": 31.090569, "batlas": "74 D2 Kabasa", "pleiades": "https://pleiades.stoa.org/places/727133", "notes": null, "E431": "Theopemptus", "A445": null, "A448": null, "C448": null, "TB449": null, "C449": null, "E449": "Theopemptus", "Ch": "Macarius", "412-35": null, "428-31": null, "431": null, "434-46": null, "445-9": null, "449-51": null, "450": null, "450+": null, "?": null, "Ch; from 457": null, "TB449; end of Ch": null, "after 451": null, "c.440": null, "early 440s": null, "from 451": null, "d. c.443": null, "c.443-7": null }, "geometry": { "type": "Point", "coordinates": [ 30.74459, 31.090569 ] } },
{ "type": "Feature", "properties": { "diocese": "Egypt", "province": "Aegyptus", "see": "Cleopatris", "metropolis": null, "patriarchal": null, "unlocated": true, "x": 30.8771, "y": 31.0453, "batlas": null, "pleiades": "https://pleiades.stoa.org/places/730118", "notes": "May be modern location of Clysma.", "E431": "Alexander", "A445": null, "A448": null, "C448": null, "TB449": null, "C449": null, "E449": "Theophilus", "Ch": "Theophilus", "412-35": null, "428-31": null, "431": null, "434-46": null, "445-9": null, "449-51": null, "450": null, "450+": null, "?": null, "Ch; from 457": null, "TB449; end of Ch": null, "after 451": null, "c.440": null, "early 440s": null, "from 451": null, "d. c.443": null, "c.443-7": null }, "geometry": { "type": "Point", "coordinates": [ 30.8771, 31.0453 ] } },
{ "type": "Feature", "properties": { "diocese": "Egypt", "province": "Aegyptus", "see": "Coprithis", "metropolis": null, "patriarchal": null, "unlocated": true, "x": 30.8771, "y": 31.0453, "batlas": null, "pleiades": null, "notes": "Unlocated.", "E431": "Silvanus", "A445": null, "A448": null, "C448": null, "TB449": null, "C449": null, "E449": null, "Ch": null, "412-35": null, "428-31": null, "431": null, "434-46": null, "445-9": null, "449-51": null, "450": null, "450+": null, "?": null, "Ch; from 457": null, "TB449; end of Ch": null, "after 451": null, "c.440": null, "early 440s": null, "from 451": null, "d. c.443": null, "c.443-7": null }, "geometry": { "type": "Point", "coordinates": [ 30.8771, 31.0453 ] } },
{ "type": "Feature", "properties": { "diocese": "Egypt", "province": "Aegyptus", "see": "Helearchia", "metropolis": null, "patriarchal": null, "unlocated": true, "x": 30.8771, "y": 31.0453, "batlas": null, "pleiades": null, "notes": "Not found in The Acts …, Batlas, Pleiades, and Wikipedia.", "E431": "Isaac", "A445": null, "A448": null, "C448": null, "TB449": null, "C449": null, "E449": "Isaac", "Ch": null, "412-35": null, "428-31": null, "431": null, "434-46": null, "445-9": null, "449-51": null, "450": null, "450+": null, "?": null, "Ch; from 457": null, "TB449; end of Ch": null, "after 451": null, "c.440": null, "early 440s": null, "from 451": null, "d. c.443": null, "c.443-7": null }, "geometry": { "type": "Point", "coordinates": [ 30.8771, 31.0453 ] } },
{ "type": "Feature", "properties": { "diocese": "Egypt", "province": "Aegyptus", "see": "Hermopolis Minor", "metropolis": null, "patriarchal": null, "unlocated": null, "x": 31.416667, "y": 30.95178946, "batlas": "74 C2 Hermopolis Mikra", "pleiades": "https://pleiades.stoa.org/places/727123", "notes": null, "E431": null, "A445": null, "A448": null, "C448": null, "TB449": null, "C449": null, "E449": "Isaias", "Ch": "Isaias", "412-35": null, "428-31": null, "431": null, "434-46": null, "445-9": null, "449-51": null, "450": null, "450+": null, "?": null, "Ch; from 457": null, "TB449; end of Ch": null, "after 451": null, "c.440": null, "early 440s": null, "from 451": null, "d. c.443": null, "c.443-7": null }, "geometry": { "type": "Point", "coordinates": [ 31.416667, 30.95178946 ] } },
{ "type": "Feature", "properties": { "diocese": "Egypt", "province": "Aegyptus", "see": "Metelis", "metropolis": null, "patriarchal": null, "unlocated": null, "x": 30.37958414, "y": 31.12217626, "batlas": "74 C2 Metelis", "pleiades": "https://pleiades.stoa.org/places/727163", "notes": null, "E431": "Macarius", "A445": null, "A448": null, "C448": null, "TB449": null, "C449": null, "E449": null, "Ch": null, "412-35": null, "428-31": null, "431": null, "434-46": null, "445-9": null, "449-51": null, "450": null, "450+": null, "?": null, "Ch; from 457": null, "TB449; end of Ch": null, "after 451": null, "c.440": null, "early 440s": null, "from 451": null, "d. c.443": null, "c.443-7": null }, "geometry": { "type": "Point", "coordinates": [ 30.37958414, 31.12217626 ] } },
{ "type": "Feature", "properties": { "diocese": "Egypt", "province": "Aegyptus", "see": "Onuphris", "metropolis": null, "patriarchal": null, "unlocated": null, "x": 30.877265, "y": 30.927702, "batlas": "74 D3 Onouphis Kato", "pleiades": "https://pleiades.stoa.org/places/727180", "notes": "Located under Onouphis Kato.", "E431": "Adelphius", "A445": null, "A448": null, "C448": null, "TB449": null, "C449": null, "E449": null, "Ch": null, "412-35": null, "428-31": null, "431": null, "434-46": null, "445-9": null, "449-51": null, "450": null, "450+": null, "?": null, "Ch; from 457": null, "TB449; end of Ch": null, "after 451": null, "c.440": null, "early 440s": null, "from 451": null, "d. c.443": null, "c.443-7": null }, "geometry": { "type": "Point", "coordinates": [ 30.877265, 30.927702 ] } },
{ "type": "Feature", "properties": { "diocese": "Egypt", "province": "Aegyptus", "see": "Paralus", "metropolis": null, "patriarchal": null, "unlocated": true, "x": 30.8771, "y": 31.0453, "batlas": null, "pleiades": null, "notes": "Has been covered with water.", "E431": "Athanasius", "A445": null, "A448": null, "C448": null, "TB449": null, "C449": null, "E449": "Pasmius", "Ch": "Pasmius", "412-35": null, "428-31": null, "431": null, "434-46": null, "445-9": null, "449-51": null, "450": null, "450+": null, "?": null, "Ch; from 457": null, "TB449; end of Ch": null, "after 451": null, "c.440": null, "early 440s": null, "from 451": null, "d. c.443": null, "c.443-7": null }, "geometry": { "type": "Point", "coordinates": [ 30.8771, 31.0453 ] } },
{ "type": "Feature", "properties": { "diocese": "Egypt", "province": "Aegyptus", "see": "Phlabonis", "metropolis": null, "patriarchal": null, "unlocated": null, "x": 30.934522, "y": 31.247944, "batlas": "74 D2 Phragonis", "pleiades": "https://pleiades.stoa.org/places/727201", "notes": "Found in The Acts … but not in Pleiades or Batlas.", "E431": "Paul", "A445": null, "A448": null, "C448": null, "TB449": null, "C449": null, "E449": null, "Ch": "Nestorius", "412-35": null, "428-31": null, "431": null, "434-46": null, "445-9": null, "449-51": null, "450": null, "450+": null, "?": null, "Ch; from 457": null, "TB449; end of Ch": null, "after 451": null, "c.440": null, "early 440s": null, "from 451": null, "d. c.443": null, "c.443-7": null }, "geometry": { "type": "Point", "coordinates": [ 30.934522, 31.247944 ] } },
{ "type": "Feature", "properties": { "diocese": "Egypt", "province": "Aegyptus", "see": "Sais", "metropolis": null, "patriarchal": null, "unlocated": null, "x": 30.77332371, "y": 30.96804457, "batlas": "74 D3 Sais", "pleiades": "https://pleiades.stoa.org/places/727217", "notes": null, "E431": "Adelphius", "A445": null, "A448": null, "C448": null, "TB449": null, "C449": null, "E449": null, "Ch": null, "412-35": null, "428-31": null, "431": null, "434-46": null, "445-9": null, "449-51": null, "450": null, "450+": null, "?": null, "Ch; from 457": null, "TB449; end of Ch": null, "after 451": null, "c.440": null, "early 440s": null, "from 451": null, "d. c.443": null, "c.443-7": null }, "geometry": { "type": "Point", "coordinates": [ 30.77332371, 30.96804457 ] } },
{ "type": "Feature", "properties": { "diocese": "Egypt", "province": "Aegyptus", "see": "Sebennytus", "metropolis": null, "patriarchal": null, "unlocated": null, "x": 31.25208657, "y": 30.966667, "batlas": "74 E3 Sebennytos", "pleiades": "https://pleiades.stoa.org/places/727227", "notes": null, "E431": null, "A445": null, "A448": null, "C448": null, "TB449": null, "C449": null, "E449": "Auxonius", "Ch": "Auxonius", "412-35": null, "428-31": null, "431": null, "434-46": null, "445-9": null, "449-51": null, "450": null, "450+": null, "?": null, "Ch; from 457": null, "TB449; end of Ch": null, "after 451": null, "c.440": null, "early 440s": null, "from 451": null, "d. c.443": null, "c.443-7": null }, "geometry": { "type": "Point", "coordinates": [ 31.25208657, 30.966667 ] } },
{ "type": "Feature", "properties": { "diocese": "Egypt", "province": "Aegyptus", "see": "Taua", "metropolis": null, "patriarchal": null, "unlocated": null, "x": 31.004611, "y": 30.7709265, "batlas": "74 E3 Taya", "pleiades": "https://pleiades.stoa.org/places/727243", "notes": null, "E431": "Isaac", "A445": null, "A448": null, "C448": null, "TB449": null, "C449": null, "E449": "Isaac", "Ch": "Isaac", "412-35": null, "428-31": null, "431": null, "434-46": null, "445-9": null, "449-51": null, "450": null, "450+": null, "?": null, "Ch; from 457": null, "TB449; end of Ch": null, "after 451": null, "c.440": null, "early 440s": null, "from 451": null, "d. c.443": null, "c.443-7": null }, "geometry": { "type": "Point", "coordinates": [ 31.004611, 30.7709265 ] } },
{ "type": "Feature", "properties": { "diocese": "Egypt", "province": "Aegyptus", "see": "Terenuthis", "metropolis": null, "patriarchal": null, "unlocated": null, "x": 30.83669836, "y": 30.43562976, "batlas": "74 D4 Terenouthis", "pleiades": "https://pleiades.stoa.org/places/727244", "notes": null, "E431": "Eulogius", "A445": null, "A448": null, "C448": null, "TB449": null, "C449": null, "E449": null, "Ch": null, "412-35": null, "428-31": null, "431": null, "434-46": null, "445-9": null, "449-51": null, "450": null, "450+": null, "?": null, "Ch; from 457": null, "TB449; end of Ch": null, "after 451": null, "c.440": null, "early 440s": null, "from 451": null, "d. c.443": null, "c.443-7": null }, "geometry": { "type": "Point", "coordinates": [ 30.83669836, 30.43562976 ] } },
{ "type": "Feature", "properties": { "diocese": "Egypt", "province": "Aegyptus", "see": "Xois", "metropolis": null, "patriarchal": null, "unlocated": null, "x": 30.93675836, "y": 31.10985424, "batlas": "74 D2 Xois", "pleiades": "https://pleiades.stoa.org/places/727256", "notes": null, "E431": "Macedonius", "A445": null, "A448": null, "C448": null, "TB449": null, "C449": null, "E449": null, "Ch": null, "412-35": null, "428-31": null, "431": null, "434-46": null, "445-9": null, "449-51": null, "450": null, "450+": null, "?": null, "Ch; from 457": null, "TB449; end of Ch": null, "after 451": null, "c.440": null, "early 440s": null, "from 451": null, "d. c.443": null, "c.443-7": null }, "geometry": { "type": "Point", "coordinates": [ 30.93675836, 31.10985424 ] } },
{ "type": "Feature", "properties": { "diocese": "Egypt", "province": "Arcadia", "see": "Aphroditopolis", "metropolis": null, "patriarchal": null, "unlocated": null, "x": 31.25167, "y": 29.408419, "batlas": "75 E2 Aphrodito(polis)", "pleiades": "https://pleiades.stoa.org/places/736889", "notes": null, "E431": "Chrysaorius", "A445": null, "A448": null, "C448": null, "TB449": null, "C449": null, "E449": null, "Ch": null, "412-35": null, "428-31": null, "431": null, "434-46": null, "445-9": null, "449-51": null, "450": null, "450+": null, "?": null, "Ch; from 457": null, "TB449; end of Ch": null, "after 451": null, "c.440": null, "early 440s": null, "from 451": null, "d. c.443": null, "c.443-7": null }, "geometry": { "type": "Point", "coordinates": [ 31.25167, 29.408419 ] } },
{ "type": "Feature", "properties": { "diocese": "Egypt", "province": "Arcadia", "see": "Arsinoites", "metropolis": null, "patriarchal": null, "unlocated": null, "x": 30.84073896, "y": 29.31428123, "batlas": "75 D2 Krokodilopolis/Ptolemais Euergetis", "pleiades": "https://pleiades.stoa.org/places/736948", "notes": null, "E431": null, "A445": null, "A448": null, "C448": null, "TB449": null, "C449": null, "E449": "Calosirius", "Ch": null, "412-35": null, "428-31": null, "431": null, "434-46": null, "445-9": null, "449-51": null, "450": null, "450+": null, "?": null, "Ch; from 457": null, "TB449; end of Ch": null, "after 451": null, "c.440": null, "early 440s": null, "from 451": null, "d. c.443": null, "c.443-7": null }, "geometry": { "type": "Point", "coordinates": [ 30.84073896, 29.31428123 ] } },
{ "type": "Feature", "properties": { "diocese": "Egypt", "province": "Arcadia", "see": "Heracleopolis Magna", "metropolis": null, "patriarchal": null, "unlocated": null, "x": 30.93770489, "y": 29.08447911, "batlas": "75 D2 Herakleopolis", "pleiades": "https://pleiades.stoa.org/places/736920", "notes": "0", "E431": "Heraclides", "A445": null, "A448": null, "C448": null, "TB449": null, "C449": null, "E449": "Heraclides", "Ch": null, "412-35": null, "428-31": null, "431": null, "434-46": null, "445-9": null, "449-51": null, "450": null, "450+": null, "?": null, "Ch; from 457": null, "TB449; end of Ch": null, "after 451": null, "c.440": null, "early 440s": null, "from 451": null, "d. c.443": null, "c.443-7": null }, "geometry": { "type": "Point", "coordinates": [ 30.93770489, 29.08447911 ] } },
{ "type": "Feature", "properties": { "diocese": "Egypt", "province": "Arcadia", "see": "Nilopolis", "metropolis": null, "patriarchal": null, "unlocated": null, "x": 31.134181, "y": 29.185767, "batlas": "75 E2 Tilothis/Neiloupolis", "pleiades": "https://pleiades.stoa.org/places/737089", "notes": null, "E431": "Eusebius", "A445": null, "A448": null, "C448": null, "TB449": null, "C449": null, "E449": null, "Ch": null, "412-35": null, "428-31": null, "431": null, "434-46": null, "445-9": null, "449-51": null, "450": null, "450+": null, "?": null, "Ch; from 457": null, "TB449; end of Ch": null, "after 451": null, "c.440": null, "early 440s": null, "from 451": null, "d. c.443": null, "c.443-7": null }, "geometry": { "type": "Point", "coordinates": [ 31.134181, 29.185767 ] } },
{ "type": "Feature", "properties": { "diocese": "Egypt", "province": "Arcadia", "see": "Oxyrhynchus", "metropolis": null, "patriarchal": null, "unlocated": null, "x": 30.65172, "y": 28.54223032, "batlas": "75 D3 Oxyrhynchus/Pemje", "pleiades": "https://pleiades.stoa.org/places/736983", "notes": null, "E431": "Peter", "A445": null, "A448": null, "C448": null, "TB449": null, "C449": null, "E449": null, "Ch": null, "412-35": null, "428-31": null, "431": null, "434-46": null, "445-9": null, "449-51": null, "450": null, "450+": null, "?": null, "Ch; from 457": null, "TB449; end of Ch": null, "after 451": null, "c.440": null, "early 440s": null, "from 451": null, "d. c.443": null, "c.443-7": null }, "geometry": { "type": "Point", "coordinates": [ 30.65172, 28.54223032 ] } },
{ "type": "Feature", "properties": { "diocese": "Egypt", "province": "Augustamnica I", "see": "Achaea", "metropolis": null, "patriarchal": null, "unlocated": true, "x": 32.463, "y": 31.041, "batlas": null, "pleiades": null, "notes": "Not found in The Acts …, Batlas, Pleiades, and Wikipedia.", "E431": "Cyrus", "A445": null, "A448": null, "C448": null, "TB449": null, "C449": null, "E449": null, "Ch": null, "412-35": null, "428-31": null, "431": null, "434-46": null, "445-9": null, "449-51": null, "450": null, "450+": null, "?": null, "Ch; from 457": null, "TB449; end of Ch": null, "after 451": null, "c.440": null, "early 440s": null, "from 451": null, "d. c.443": null, "c.443-7": null }, "geometry": { "type": "Point", "coordinates": [ 32.463, 31.041 ] } },
{ "type": "Feature", "properties": { "diocese": "Egypt", "province": "Augustamnica I", "see": "Aphnaeum", "metropolis": null, "patriarchal": null, "unlocated": true, "x": 32.463, "y": 31.041, "batlas": "N/A", "pleiades": null, "notes": "Found in The Acts … but not in Pleiades or Batlas.", "E431": "Hieracis", "A445": null, "A448": null, "C448": null, "TB449": null, "C449": null, "E449": null, "Ch": "Hieracis", "412-35": null, "428-31": null, "431": null, "434-46": null, "445-9": null, "449-51": null, "450": null, "450+": null, "?": null, "Ch; from 457": null, "TB449; end of Ch": null, "after 451": null, "c.440": null, "early 440s": null, "from 451": null, "d. c.443": null, "c.443-7": null }, "geometry": { "type": "Point", "coordinates": [ 32.463, 31.041 ] } },
{ "type": "Feature", "properties": { "diocese": "Egypt", "province": "Augustamnica I", "see": "Casium", "metropolis": null, "patriarchal": null, "unlocated": null, "x": 33.07633507, "y": 31.2116, "batlas": "70 C3 Casius Mons", "pleiades": "https://pleiades.stoa.org/places/687872", "notes": null, "E431": "Lampetius", "A445": null, "A448": null, "C448": null, "TB449": null, "C449": null, "E449": null, "Ch": null, "412-35": null, "428-31": null, "431": null, "434-46": null, "445-9": null, "449-51": null, "450": null, "450+": null, "?": null, "Ch; from 457": null, "TB449; end of Ch": null, "after 451": null, "c.440": null, "early 440s": null, "from 451": null, "d. c.443": null, "c.443-7": null }, "geometry": { "type": "Point", "coordinates": [ 33.07633507, 31.2116 ] } },
{ "type": "Feature", "properties": { "diocese": "Egypt", "province": "Augustamnica I", "see": "Gerae", "metropolis": null, "patriarchal": null, "unlocated": null, "x": 32.665525, "y": 31.047307, "batlas": "70 B3 Gerra", "pleiades": "https://pleiades.stoa.org/places/687909", "notes": null, "E431": null, "A445": null, "A448": null, "C448": null, "TB449": null, "C449": null, "E449": null, "Ch": "Stephen", "412-35": null, "428-31": null, "431": null, "434-46": null, "445-9": null, "449-51": null, "450": null, "450+": null, "?": null, "Ch; from 457": null, "TB449; end of Ch": null, "after 451": null, "c.440": null, "early 440s": null, "from 451": null, "d. c.443": null, "c.443-7": null }, "geometry": { "type": "Point", "coordinates": [ 32.665525, 31.047307 ] } },
{ "type": "Feature", "properties": { "diocese": "Egypt", "province": "Augustamnica I", "see": "Hephaestus", "metropolis": null, "patriarchal": null, "unlocated": null, "x": 31.850314, "y": 31.20924956, "batlas": "74 G2 Hephaistos", "pleiades": "https://pleiades.stoa.org/places/727119", "notes": null, "E431": "John", "A445": null, "A448": null, "C448": null, "TB449": null, "C449": null, "E449": "John", "Ch": null, "412-35": null, "428-31": null, "431": null, "434-46": null, "445-9": null, "449-51": null, "450": null, "450+": null, "?": null, "Ch; from 457": null, "TB449; end of Ch": null, "after 451": null, "c.440": null, "early 440s": null, "from 451": null, "d. c.443": null, "c.443-7": null }, "geometry": { "type": "Point", "coordinates": [ 31.850314, 31.20924956 ] } },
{ "type": "Feature", "properties": { "diocese": "Egypt", "province": "Augustamnica I", "see": "Ostracine", "metropolis": null, "patriarchal": null, "unlocated": null, "x": 33.43044038, "y": 31.11626494, "batlas": "70 C3 Ostrakine", "pleiades": "https://pleiades.stoa.org/places/687993", "notes": null, "E431": "Abraham", "A445": null, "A448": null, "C448": null, "TB449": null, "C449": null, "E449": null, "Ch": null, "412-35": null, "428-31": null, "431": null, "434-46": null, "445-9": null, "449-51": null, "450": null, "450+": null, "?": null, "Ch; from 457": null, "TB449; end of Ch": null, "after 451": null, "c.440": null, "early 440s": null, "from 451": null, "d. c.443": null, "c.443-7": null }, "geometry": { "type": "Point", "coordinates": [ 33.43044038, 31.11626494 ] } },
{ "type": "Feature", "properties": { "diocese": "Egypt", "province": "Augustamnica I", "see": "Panephysis", "metropolis": null, "patriarchal": null, "unlocated": null, "x": 31.936, "y": 31.1579046, "batlas": "74 F2 Panephysis", "pleiades": "https://pleiades.stoa.org/places/727184", "notes": null, "E431": "Ammonius", "A445": null, "A448": null, "C448": null, "TB449": null, "C449": null, "E449": null, "Ch": null, "412-35": null, "428-31": null, "431": null, "434-46": null, "445-9": null, "449-51": null, "450": null, "450+": null, "?": null, "Ch; from 457": null, "TB449; end of Ch": null, "after 451": null, "c.440": null, "early 440s": null, "from 451": null, "d. c.443": null, "c.443-7": null }, "geometry": { "type": "Point", "coordinates": [ 31.936, 31.1579046 ] } },
{ "type": "Feature", "properties": { "diocese": "Egypt", "province": "Augustamnica I", "see": "Pelusium", "metropolis": null, "patriarchal": null, "unlocated": null, "x": 32.5473404, "y": 31.0429263, "batlas": "74 H2 Pelusium", "pleiades": "https://pleiades.stoa.org/places/727192", "notes": null, "E431": "Eusebius", "A445": null, "A448": null, "C448": null, "TB449": null, "C449": null, "E449": null, "Ch": null, "412-35": null, "428-31": null, "431": null, "434-46": null, "445-9": null, "449-51": null, "450": null, "450+": null, "?": null, "Ch; from 457": null, "TB449; end of Ch": null, "after 451": null, "c.440": null, "early 440s": null, "from 451": null, "d. c.443": null, "c.443-7": null }, "geometry": { "type": "Point", "coordinates": [ 32.5473404, 31.0429263 ] } },
{ "type": "Feature", "properties": { "diocese": "Egypt", "province": "Augustamnica I", "see": "Rhinocolura", "metropolis": null, "patriarchal": null, "unlocated": null, "x": 33.796926, "y": 31.11225744, "batlas": "70 D3 Rhinocolura", "pleiades": "https://pleiades.stoa.org/places/688016", "notes": null, "E431": "Hermogenes", "A445": null, "A448": null, "C448": null, "TB449": null, "C449": null, "E449": "Zeno", "Ch": null, "412-35": null, "428-31": null, "431": null, "434-46": null, "445-9": null, "449-51": null, "450": null, "450+": null, "?": null, "Ch; from 457": null, "TB449; end of Ch": null, "after 451": null, "c.440": null, "early 440s": null, "from 451": null, "d. c.443": null, "c.443-7": null }, "geometry": { "type": "Point", "coordinates": [ 33.796926, 31.11225744 ] } },
{ "type": "Feature", "properties": { "diocese": "Egypt", "province": "Augustamnica I", "see": "Sele", "metropolis": null, "patriarchal": null, "unlocated": true, "x": 32.463, "y": 31.041, "batlas": null, "pleiades": null, "notes": "Found in Pleiades but location found is much more south and west. Thus, it is still unlocated.", "E431": "Alypius", "A445": null, "A448": null, "C448": null, "TB449": null, "C449": null, "E449": null, "Ch": null, "412-35": null, "428-31": null, "431": null, "434-46": null, "445-9": null, "449-51": null, "450": null, "450+": null, "?": null, "Ch; from 457": null, "TB449; end of Ch": null, "after 451": null, "c.440": null, "early 440s": null, "from 451": null, "d. c.443": null, "c.443-7": null }, "geometry": { "type": "Point", "coordinates": [ 32.463, 31.041 ] } },
{ "type": "Feature", "properties": { "diocese": "Egypt", "province": "Augustamnica I", "see": "Sethroites", "metropolis": null, "patriarchal": null, "unlocated": null, "x": 32.167572, "y": 30.982139, "batlas": "74 G2 Herakleopolis Mikra/Sethroe", "pleiades": "https://pleiades.stoa.org/places/727121", "notes": null, "E431": "Theon", "A445": null, "A448": null, "C448": null, "TB449": null, "C449": null, "E449": null, "Ch": "Isidore", "412-35": null, "428-31": null, "431": null, "434-46": null, "445-9": null, "449-51": null, "450": null, "450+": null, "?": null, "Ch; from 457": null, "TB449; end of Ch": null, "after 451": null, "c.440": null, "early 440s": null, "from 451": null, "d. c.443": null, "c.443-7": null }, "geometry": { "type": "Point", "coordinates": [ 32.167572, 30.982139 ] } },
{ "type": "Feature", "properties": { "diocese": "Egypt", "province": "Augustamnica I", "see": "Tamiathis", "metropolis": null, "patriarchal": null, "unlocated": null, "x": 31.812588, "y": 31.417068, "batlas": "74 F2 Tamiathis", "pleiades": "https://pleiades.stoa.org/places/727235", "notes": null, "E431": "Heraclius", "A445": null, "A448": null, "C448": null, "TB449": null, "C449": null, "E449": null, "Ch": null, "412-35": null, "428-31": null, "431": null, "434-46": null, "445-9": null, "449-51": null, "450": null, "450+": null, "?": null, "Ch; from 457": null, "TB449; end of Ch": null, "after 451": null, "c.440": null, "early 440s": null, "from 451": null, "d. c.443": null, "c.443-7": null }, "geometry": { "type": "Point", "coordinates": [ 31.812588, 31.417068 ] } },
{ "type": "Feature", "properties": { "diocese": "Egypt", "province": "Augustamnica I", "see": "Tanis", "metropolis": null, "patriarchal": null, "unlocated": null, "x": 31.88342395, "y": 30.97545284, "batlas": "74 F2 Tanis", "pleiades": "https://pleiades.stoa.org/places/727236", "notes": null, "E431": null, "A445": null, "A448": null, "C448": null, "TB449": null, "C449": null, "E449": "Apollonius", "Ch": "Apollonius", "412-35": null, "428-31": null, "431": null, "434-46": null, "445-9": null, "449-51": null, "450": null, "450+": null, "?": null, "Ch; from 457": null, "TB449; end of Ch": null, "after 451": null, "c.440": null, "early 440s": null, "from 451": null, "d. c.443": null, "c.443-7": null }, "geometry": { "type": "Point", "coordinates": [ 31.88342395, 30.97545284 ] } },
{ "type": "Feature", "properties": { "diocese": "Egypt", "province": "Augustamnica I", "see": "Thennesus", "metropolis": null, "patriarchal": null, "unlocated": null, "x": 32.292698, "y": 31.255258, "batlas": "74 G2 Thenessos", "pleiades": "https://pleiades.stoa.org/places/727247", "notes": null, "E431": null, "A445": null, "A448": null, "C448": null, "TB449": null, "C449": null, "E449": null, "Ch": "Hero", "412-35": null, "428-31": null, "431": null, "434-46": null, "445-9": null, "449-51": null, "450": null, "450+": null, "?": null, "Ch; from 457": null, "TB449; end of Ch": null, "after 451": null, "c.440": null, "early 440s": null, "from 451": null, "d. c.443": null, "c.443-7": null }, "geometry": { "type": "Point", "coordinates": [ 32.292698, 31.255258 ] } },
{ "type": "Feature", "properties": { "diocese": "Egypt", "province": "Augustamnica I", "see": "Thmuis", "metropolis": null, "patriarchal": null, "unlocated": null, "x": 31.516389, "y": 30.938611, "batlas": "74 F3 Thmouis", "pleiades": "https://pleiades.stoa.org/places/727249", "notes": null, "E431": "Aristobulus", "A445": null, "A448": null, "C448": null, "TB449": null, "C449": null, "E449": null, "Ch": null, "412-35": null, "428-31": null, "431": null, "434-46": null, "445-9": null, "449-51": null, "450": null, "450+": null, "?": null, "Ch; from 457": null, "TB449; end of Ch": null, "after 451": null, "c.440": null, "early 440s": null, "from 451": null, "d. c.443": null, "c.443-7": null }, "geometry": { "type": "Point", "coordinates": [ 31.516389, 30.938611 ] } },
{ "type": "Feature", "properties": { "diocese": "Egypt", "province": "Augustamnica II", "see": "Athribis", "metropolis": null, "patriarchal": null, "unlocated": null, "x": 31.18438617, "y": 30.47105359, "batlas": "74 E4 Athribis", "pleiades": "https://pleiades.stoa.org/places/727078", "notes": null, "E431": "Strategius", "A445": null, "A448": null, "C448": null, "TB449": null, "C449": null, "E449": null, "Ch": "Eulogius", "412-35": null, "428-31": null, "431": null, "434-46": null, "445-9": null, "449-51": null, "450": null, "450+": null, "?": null, "Ch; from 457": null, "TB449; end of Ch": null, "after 451": null, "c.440": null, "early 440s": null, "from 451": null, "d. c.443": null, "c.443-7": null }, "geometry": { "type": "Point", "coordinates": [ 31.18438617, 30.47105359 ] } },
{ "type": "Feature", "properties": { "diocese": "Egypt", "province": "Augustamnica II", "see": "Babylon", "metropolis": null, "patriarchal": null, "unlocated": null, "x": 31.23037984, "y": 30.00554716, "batlas": "74 E4 Babylon", "pleiades": "https://pleiades.stoa.org/places/727082", "notes": null, "E431": null, "A445": null, "A448": null, "C448": null, "TB449": null, "C449": null, "E449": "Cyrus", "Ch": null, "412-35": null, "428-31": null, "431": null, "434-46": null, "445-9": null, "449-51": null, "450": null, "450+": null, "?": null, "Ch; from 457": null, "TB449; end of Ch": null, "after 451": null, "c.440": null, "early 440s": null, "from 451": null, "d. c.443": null, "c.443-7": null }, "geometry": { "type": "Point", "coordinates": [ 31.23037984, 30.00554716 ] } },
{ "type": "Feature", "properties": { "diocese": "Egypt", "province": "Augustamnica II", "see": "Heliopolis", "metropolis": null, "patriarchal": null, "unlocated": null, "x": 31.3074812, "y": 30.1284614, "batlas": "74 E4 Heliopolis", "pleiades": "https://pleiades.stoa.org/places/727117", "notes": null, "E431": "Marinus", "A445": null, "A448": null, "C448": null, "TB449": null, "C449": null, "E449": null, "Ch": null, "412-35": null, "428-31": null, "431": null, "434-46": null, "445-9": null, "449-51": null, "450": null, "450+": null, "?": null, "Ch; from 457": null, "TB449; end of Ch": null, "after 451": null, "c.440": null, "early 440s": null, "from 451": null, "d. c.443": null, "c.443-7": null }, "geometry": { "type": "Point", "coordinates": [ 31.3074812, 30.1284614 ] } },
{ "type": "Feature", "properties": { "diocese": "Egypt", "province": "Augustamnica II", "see": "Leontopolis", "metropolis": null, "patriarchal": null, "unlocated": null, "x": 31.35118549, "y": 30.682989, "batlas": "74 E3 Leontopolis", "pleiades": "https://pleiades.stoa.org/places/727147", "notes": null, "E431": "Metrodorus", "A445": null, "A448": null, "C448": null, "TB449": null, "C449": null, "E449": null, "Ch": "Januarius", "412-35": null, "428-31": null, "431": null, "434-46": null, "445-9": null, "449-51": null, "450": null, "450+": null, "?": null, "Ch; from 457": null, "TB449; end of Ch": null, "after 451": null, "c.440": null, "early 440s": null, "from 451": null, "d. c.443": null, "c.443-7": null }, "geometry": { "type": "Point", "coordinates": [ 31.35118549, 30.682989 ] } },
{ "type": "Feature", "properties": { "diocese": "Egypt", "province": "Egypt (province unknown)", "see": "Psinchaus", "metropolis": null, "patriarchal": null, "unlocated": true, "x": 30.8771, "y": 31.0453, "batlas": null, "pleiades": null, "notes": "Not found in The Acts …, Batlas, Pleiades, and Wikipedia.", "E431": "Theonas", "A445": null, "A448": null, "C448": null, "TB449": null, "C449": null, "E449": null, "Ch": "John", "412-35": null, "428-31": null, "431": null, "434-46": null, "445-9": null, "449-51": null, "450": null, "450+": null, "?": null, "Ch; from 457": null, "TB449; end of Ch": null, "after 451": null, "c.440": null, "early 440s": null, "from 451": null, "d. c.443": null, "c.443-7": null }, "geometry": { "type": "Point", "coordinates": [ 30.8771, 31.0453 ] } },
{ "type": "Feature", "properties": { "diocese": "Egypt", "province": "Libya Inferior", "see": "Darnis", "metropolis": null, "patriarchal": null, "unlocated": null, "x": 22.64102219, "y": 32.76516145, "batlas": "38 D1 Darnis", "pleiades": "https://pleiades.stoa.org/places/373780", "notes": null, "E431": "Daniel", "A445": null, "A448": null, "C448": null, "TB449": null, "C449": null, "E449": null, "Ch": null, "412-35": null, "428-31": null, "431": null, "434-46": null, "445-9": null, "449-51": null, "450": null, "450+": null, "?": null, "Ch; from 457": null, "TB449; end of Ch": null, "after 451": null, "c.440": null, "early 440s": null, "from 451": null, "d. c.443": null, "c.443-7": null }, "geometry": { "type": "Point", "coordinates": [ 22.64102219, 32.76516145 ] } },
{ "type": "Feature", "properties": { "diocese": "Egypt", "province": "Libya Inferior", "see": "Septimiace", "metropolis": null, "patriarchal": null, "unlocated": true, "x": 23.823, "y": 31.986, "batlas": null, "pleiades": null, "notes": "Found in The Acts … but not in Pleiades or Batlas.", "E431": "Sopater", "A445": null, "A448": null, "C448": null, "TB449": null, "C449": null, "E449": null, "Ch": null, "412-35": null, "428-31": null, "431": null, "434-46": null, "445-9": null, "449-51": null, "450": null, "450+": null, "?": null, "Ch; from 457": null, "TB449; end of Ch": null, "after 451": null, "c.440": null, "early 440s": null, "from 451": null, "d. c.443": null, "c.443-7": null }, "geometry": { "type": "Point", "coordinates": [ 23.823, 31.986 ] } },
{ "type": "Feature", "properties": { "diocese": "Egypt", "province": "Libya Inferior", "see": "Zagylis", "metropolis": null, "patriarchal": null, "unlocated": true, "x": 23.823, "y": 31.986, "batlas": null, "pleiades": null, "notes": "Unlocated but known to be in Libya.", "E431": null, "A445": null, "A448": null, "C448": null, "TB449": null, "C449": null, "E449": "Philocalus", "Ch": null, "412-35": null, "428-31": null, "431": null, "434-46": null, "445-9": null, "449-51": null, "450": null, "450+": null, "?": null, "Ch; from 457": null, "TB449; end of Ch": null, "after 451": null, "c.440": null, "early 440s": null, "from 451": null, "d. c.443": null, "c.443-7": null }, "geometry": { "type": "Point", "coordinates": [ 23.823, 31.986 ] } },
{ "type": "Feature", "properties": { "diocese": "Egypt", "province": "Libya Inferior", "see": "Zygris", "metropolis": null, "patriarchal": null, "unlocated": null, "x": 26.32491638, "y": 31.50971426, "batlas": "73 D2 (sic) Zygris", "pleiades": "https://pleiades.stoa.org/places/716657", "notes": null, "E431": null, "A445": null, "A448": null, "C448": null, "TB449": null, "C449": null, "E449": "Lucius", "Ch": null, "412-35": null, "428-31": null, "431": null, "434-46": null, "445-9": null, "449-51": null, "450": null, "450+": null, "?": null, "Ch; from 457": null, "TB449; end of Ch": null, "after 451": null, "c.440": null, "early 440s": null, "from 451": null, "d. c.443": null, "c.443-7": null }, "geometry": { "type": "Point", "coordinates": [ 26.32491638, 31.50971426 ] } },
{ "type": "Feature", "properties": { "diocese": "Egypt", "province": "Libya Pentapolis", "see": "Barca", "metropolis": null, "patriarchal": null, "unlocated": null, "x": 20.87065396, "y": 32.49965333, "batlas": "38 B1 Barke", "pleiades": "https://pleiades.stoa.org/places/373750", "notes": null, "E431": "Zenobius", "A445": null, "A448": null, "C448": null, "TB449": null, "C449": null, "E449": "Theodore", "Ch": null, "412-35": null, "428-31": null, "431": null, "434-46": null, "445-9": null, "449-51": null, "450": null, "450+": null, "?": null, "Ch; from 457": null, "TB449; end of Ch": null, "after 451": null, "c.440": null, "early 440s": null, "from 451": null, "d. c.443": null, "c.443-7": null }, "geometry": { "type": "Point", "coordinates": [ 20.87065396, 32.49965333 ] } },
{ "type": "Feature", "properties": { "diocese": "Egypt", "province": "Libya Pentapolis", "see": "Cyrene", "metropolis": null, "patriarchal": null, "unlocated": null, "x": 21.85871727, "y": 32.82002663, "batlas": "38 C1 Cyrene", "pleiades": "https://pleiades.stoa.org/places/373778", "notes": null, "E431": null, "A445": null, "A448": null, "C448": null, "TB449": null, "C449": null, "E449": "Rufus", "Ch": null, "412-35": null, "428-31": null, "431": null, "434-46": null, "445-9": null, "449-51": null, "450": null, "450+": null, "?": null, "Ch; from 457": null, "TB449; end of Ch": null, "after 451": null, "c.440": null, "early 440s": null, "from 451": null, "d. c.443": null, "c.443-7": null }, "geometry": { "type": "Point", "coordinates": [ 21.85871727, 32.82002663 ] } },
{ "type": "Feature", "properties": { "diocese": "Egypt", "province": "Libya Pentapolis", "see": "Dysthis", "metropolis": null, "patriarchal": null, "unlocated": true, "x": 21.485, "y": 32.682, "batlas": null, "pleiades": null, "notes": "Remains unlocated today.", "E431": "Samuel", "A445": null, "A448": null, "C448": null, "TB449": null, "C449": null, "E449": null, "Ch": null, "412-35": null, "428-31": null, "431": null, "434-46": null, "445-9": null, "449-51": null, "450": null, "450+": null, "?": null, "Ch; from 457": null, "TB449; end of Ch": null, "after 451": null, "c.440": null, "early 440s": null, "from 451": null, "d. c.443": null, "c.443-7": null }, "geometry": { "type": "Point", "coordinates": [ 21.485, 32.682 ] } },
{ "type": "Feature", "properties": { "diocese": "Egypt", "province": "Libya Pentapolis", "see": "Erythrum", "metropolis": null, "patriarchal": null, "unlocated": null, "x": 22.27760924, "y": 32.87071754, "batlas": "38 D1 Erythron", "pleiades": "https://pleiades.stoa.org/places/373785", "notes": null, "E431": null, "A445": null, "A448": null, "C448": null, "TB449": null, "C449": null, "E449": "Gemellinus", "Ch": "Theophilus", "412-35": null, "428-31": null, "431": null, "434-46": null, "445-9": null, "449-51": null, "450": null, "450+": null, "?": null, "Ch; from 457": null, "TB449; end of Ch": null, "after 451": null, "c.440": null, "early 440s": null, "from 451": null, "d. c.443": null, "c.443-7": null }, "geometry": { "type": "Point", "coordinates": [ 22.27760924, 32.87071754 ] } },
{ "type": "Feature", "properties": { "diocese": "Egypt", "province": "Libya Pentapolis", "see": "Olbia", "metropolis": null, "patriarchal": null, "unlocated": null, "x": 21.39940851, "y": 32.628531, "batlas": "38 C1 Neapolis Theodorias", "pleiades": "https://pleiades.stoa.org/places/373864", "notes": null, "E431": "Publius", "A445": null, "A448": null, "C448": null, "TB449": null, "C449": null, "E449": null, "Ch": null, "412-35": null, "428-31": null, "431": null, "434-46": null, "445-9": null, "449-51": null, "450": null, "450+": null, "?": null, "Ch; from 457": null, "TB449; end of Ch": null, "after 451": null, "c.440": null, "early 440s": null, "from 451": null, "d. c.443": null, "c.443-7": null }, "geometry": { "type": "Point", "coordinates": [ 21.39940851, 32.628531 ] } },
{ "type": "Feature", "properties": { "diocese": "Egypt", "province": "Libya Pentapolis", "see": "Ptolemais", "metropolis": null, "patriarchal": null, "unlocated": null, "x": 20.95403116, "y": 32.70713419, "batlas": "38 B1 Ptolemais/Barkes Limen", "pleiades": "https://pleiades.stoa.org/places/373879", "notes": null, "E431": "Euoptius", "A445": null, "A448": null, "C448": null, "TB449": null, "C449": null, "E449": null, "Ch": null, "412-35": null, "428-31": null, "431": null, "434-46": null, "445-9": null, "449-51": null, "450": null, "450+": null, "?": null, "Ch; from 457": null, "TB449; end of Ch": null, "after 451": null, "c.440": null, "early 440s": null, "from 451": null, "d. c.443": null, "c.443-7": null }, "geometry": { "type": "Point", "coordinates": [ 20.95403116, 32.70713419 ] } },
{ "type": "Feature", "properties": { "diocese": "Egypt", "province": "Libya Pentapolis", "see": "Sozusa", "metropolis": null, "patriarchal": null, "unlocated": null, "x": 21.97010444, "y": 32.89685555, "batlas": "38 C1 Apollonia/Sozousa", "pleiades": "https://pleiades.stoa.org/places/373732", "notes": null, "E431": null, "A445": null, "A448": null, "C448": null, "TB449": null, "C449": null, "E449": "Sosias", "Ch": null, "412-35": null, "428-31": null, "431": null, "434-46": null, "445-9": null, "449-51": null, "450": null, "450+": null, "?": null, "Ch; from 457": null, "TB449; end of Ch": null, "after 451": null, "c.440": null, "early 440s": null, "from 451": null, "d. c.443": null, "c.443-7": null }, "geometry": { "type": "Point", "coordinates": [ 21.97010444, 32.89685555 ] } },
{ "type": "Feature", "properties": { "diocese": "Egypt", "province": "Libya Pentapolis", "see": "Tesila", "metropolis": null, "patriarchal": null, "unlocated": true, "x": 21.485, "y": 32.682, "batlas": null, "pleiades": null, "notes": "Not found in The Acts …, Batlas, Pleiades, and Wikipedia.", "E431": null, "A445": null, "A448": null, "C448": null, "TB449": null, "C449": null, "E449": "Theodulus", "Ch": "Theodulus", "412-35": null, "428-31": null, "431": null, "434-46": null, "445-9": null, "449-51": null, "450": null, "450+": null, "?": null, "Ch; from 457": null, "TB449; end of Ch": null, "after 451": null, "c.440": null, "early 440s": null, "from 451": null, "d. c.443": null, "c.443-7": null }, "geometry": { "type": "Point", "coordinates": [ 21.485, 32.682 ] } },
{ "type": "Feature", "properties": { "diocese": "Egypt", "province": "Libya Pentapolis", "see": "Teucheira", "metropolis": null, "patriarchal": null, "unlocated": null, "x": 20.56729767, "y": 32.53395024, "batlas": "38 B1 Arsinoe/Taucheira", "pleiades": "https://pleiades.stoa.org/places/373736", "notes": null, "E431": "Zeno", "A445": null, "A448": null, "C448": null, "TB449": null, "C449": null, "E449": "Photinus", "Ch": null, "412-35": null, "428-31": null, "431": null, "434-46": null, "445-9": null, "449-51": null, "450": null, "450+": null, "?": null, "Ch; from 457": null, "TB449; end of Ch": null, "after 451": null, "c.440": null, "early 440s": null, "from 451": null, "d. c.443": null, "c.443-7": null }, "geometry": { "type": "Point", "coordinates": [ 20.56729767, 32.53395024 ] } },
{ "type": "Feature", "properties": { "diocese": "Egypt", "province": "Thebaid", "see": "Antaeopolis", "metropolis": null, "patriarchal": null, "unlocated": null, "x": 31.517443, "y": 26.8992835, "batlas": "77 F3 Antaiopolis/Tkoou", "pleiades": "https://pleiades.stoa.org/places/756515", "notes": null, "E431": "Macarius", "A445": null, "A448": null, "C448": null, "TB449": null, "C449": null, "E449": null, "Ch": null, "412-35": null, "428-31": null, "431": null, "434-46": null, "445-9": null, "449-51": null, "450": null, "450+": null, "?": null, "Ch; from 457": null, "TB449; end of Ch": null, "after 451": null, "c.440": null, "early 440s": null, "from 451": null, "d. c.443": null, "c.443-7": null }, "geometry": { "type": "Point", "coordinates": [ 31.517443, 26.8992835 ] } },
{ "type": "Feature", "properties": { "diocese": "Egypt", "province": "Thebaid", "see": "Coptos", "metropolis": null, "patriarchal": null, "unlocated": null, "x": 32.81591037, "y": 25.99639897, "batlas": "80 B1 Coptos", "pleiades": "https://pleiades.stoa.org/places/786010", "notes": null, "E431": "Phoebammon", "A445": null, "A448": null, "C448": null, "TB449": null, "C449": null, "E449": null, "Ch": null, "412-35": null, "428-31": null, "431": null, "434-46": null, "445-9": null, "449-51": null, "450": null, "450+": null, "?": null, "Ch; from 457": null, "TB449; end of Ch": null, "after 451": null, "c.440": null, "early 440s": null, "from 451": null, "d. c.443": null, "c.443-7": null }, "geometry": { "type": "Point", "coordinates": [ 32.81591037, 25.99639897 ] } },
{ "type": "Feature", "properties": { "diocese": "Egypt", "province": "Thebaid", "see": "Hermopolis Maior", "metropolis": null, "patriarchal": null, "unlocated": null, "x": 30.80521055, "y": 27.78135733, "batlas": "77 D1 Hermopolis Magna/Schmun", "pleiades": "https://pleiades.stoa.org/places/756574", "notes": null, "E431": "Andrew", "A445": null, "A448": null, "C448": null, "TB449": null, "C449": null, "E449": "Gennadius", "Ch": null, "412-35": null, "428-31": null, "431": null, "434-46": null, "445-9": null, "449-51": null, "450": null, "450+": null, "?": null, "Ch; from 457": null, "TB449; end of Ch": null, "after 451": null, "c.440": null, "early 440s": null, "from 451": null, "d. c.443": null, "c.443-7": null }, "geometry": { "type": "Point", "coordinates": [ 30.80521055, 27.78135733 ] } },
{ "type": "Feature", "properties": { "diocese": "Egypt", "province": "Thebaid", "see": "Panopolis", "metropolis": null, "patriarchal": null, "unlocated": null, "x": 31.74275243, "y": 26.5893148, "batlas": "77 F3 Panopolis/Schmin", "pleiades": "https://pleiades.stoa.org/places/756613", "notes": null, "E431": "Sabinus", "A445": null, "A448": null, "C448": null, "TB449": null, "C449": null, "E449": null, "Ch": null, "412-35": null, "428-31": null, "431": null, "434-46": null, "445-9": null, "449-51": null, "450": null, "450+": null, "?": null, "Ch; from 457": null, "TB449; end of Ch": null, "after 451": null, "c.440": null, "early 440s": null, "from 451": null, "d. c.443": null, "c.443-7": null }, "geometry": { "type": "Point", "coordinates": [ 31.74275243, 26.5893148 ] } },
{ "type": "Feature", "properties": { "diocese": "Egypt", "province": "Thebaid", "see": "Thinis", "metropolis": null, "patriarchal": null, "unlocated": true, "x": 31.717, "y": 26.814, "batlas": null, "pleiades": null, "notes": "Remains undiscovered but Wiki has a general location for it.", "E431": "Heraclius", "A445": null, "A448": null, "C448": null, "TB449": null, "C449": null, "E449": null, "Ch": null, "412-35": null, "428-31": null, "431": null, "434-46": null, "445-9": null, "449-51": null, "450": null, "450+": null, "?": null, "Ch; from 457": null, "TB449; end of Ch": null, "after 451": null, "c.440": null, "early 440s": null, "from 451": null, "d. c.443": null, "c.443-7": null }, "geometry": { "type": "Point", "coordinates": [ 31.717, 26.814 ] } },
{ "type": "Feature", "properties": { "diocese": "Illyricum", "province": "Pannonia II", "see": "Bassianae", "metropolis": null, "patriarchal": null, "unlocated": null, "x": 19.97702462, "y": 44.96904867, "batlas": "21 B5 Bassiana", "pleiades": "https://pleiades.stoa.org/places/206960", "notes": null, "E431": null, "A445": null, "A448": null, "C448": "Valerian", "TB449": null, "C449": "Valerian", "E449": null, "Ch": "Valerian", "412-35": null, "428-31": null, "431": null, "434-46": null, "445-9": null, "449-51": null, "450": null, "450+": null, "?": null, "Ch; from 457": null, "TB449; end of Ch": null, "after 451": null, "c.440": null, "early 440s": null, "from 451": null, "d. c.443": null, "c.443-7": null }, "geometry": { "type": "Point", "coordinates": [ 19.97702462, 44.96904867 ] } },
{ "type": "Feature", "properties": { "diocese": "Macedonia", "province": "Achaea", "see": "Argos", "metropolis": null, "patriarchal": null, "unlocated": null, "x": 22.72087429, "y": 37.63104689, "batlas": "58 D2 Argos", "pleiades": "https://pleiades.stoa.org/places/570106", "notes": null, "E431": null, "A445": null, "A448": null, "C448": "Genethlius", "TB449": null, "C449": null, "E449": null, "Ch": "Onesimus", "412-35": null, "428-31": null, "431": null, "434-46": null, "445-9": null, "449-51": null, "450": null, "450+": null, "?": null, "Ch; from 457": null, "TB449; end of Ch": null, "after 451": null, "c.440": null, "early 440s": null, "from 451": null, "d. c.443": null, "c.443-7": null }, "geometry": { "type": "Point", "coordinates": [ 22.72087429, 37.63104689 ] } },
{ "type": "Feature", "properties": { "diocese": "Macedonia", "province": "Achaea", "see": "Corinth", "metropolis": true, "patriarchal": null, "unlocated": null, "x": 22.87828503, "y": 37.90564164, "batlas": "58 D2 Corinthus", "pleiades": "https://pleiades.stoa.org/places/570182", "notes": null, "E431": "Perigenes", "A445": null, "A448": null, "C448": null, "TB449": null, "C449": null, "E449": "Erasistratus", "Ch": "Peter", "412-35": null, "428-31": null, "431": null, "434-46": null, "445-9": null, "449-51": null, "450": null, "450+": null, "?": null, "Ch; from 457": null, "TB449; end of Ch": null, "after 451": null, "c.440": null, "early 440s": null, "from 451": null, "d. c.443": null, "c.443-7": null }, "geometry": { "type": "Point", "coordinates": [ 22.87828503, 37.90564164 ] } },
{ "type": "Feature", "properties": { "diocese": "Macedonia", "province": "Achaea", "see": "Coronaea", "metropolis": null, "patriarchal": null, "unlocated": null, "x": 22.95777073, "y": 38.391204, "batlas": "55 D4 Coronea", "pleiades": "https://pleiades.stoa.org/places/540717", "notes": null, "E431": "Agathocles", "A445": null, "A448": null, "C448": null, "TB449": null, "C449": null, "E449": null, "Ch": null, "412-35": null, "428-31": null, "431": null, "434-46": null, "445-9": null, "449-51": null, "450": null, "450+": null, "?": null, "Ch; from 457": null, "TB449; end of Ch": null, "after 451": null, "c.440": null, "early 440s": null, "from 451": null, "d. c.443": null, "c.443-7": null }, "geometry": { "type": "Point", "coordinates": [ 22.95777073, 38.391204 ] } },
{ "type": "Feature", "properties": { "diocese": "Macedonia", "province": "Achaea", "see": "Megara", "metropolis": null, "patriarchal": null, "unlocated": null, "x": 23.340163, "y": 37.9852078, "batlas": "58 E2 Megara", "pleiades": "https://pleiades.stoa.org/places/570468", "notes": null, "E431": "Nicias", "A445": null, "A448": null, "C448": null, "TB449": null, "C449": null, "E449": null, "Ch": "Nicias", "412-35": null, "428-31": null, "431": null, "434-46": null, "445-9": null, "449-51": null, "450": null, "450+": null, "?": null, "Ch; from 457": null, "TB449; end of Ch": null, "after 451": null, "c.440": null, "early 440s": null, "from 451": null, "d. c.443": null, "c.443-7": null }, "geometry": { "type": "Point", "coordinates": [ 23.340163, 37.9852078 ] } },
{ "type": "Feature", "properties": { "diocese": "Macedonia", "province": "Achaea", "see": "Messene", "metropolis": null, "patriarchal": null, "unlocated": null, "x": 21.92531739, "y": 37.17740384, "batlas": "58 B3 Messene", "pleiades": "https://pleiades.stoa.org/places/570479", "notes": null, "E431": null, "A445": null, "A448": null, "C448": null, "TB449": null, "C449": null, "E449": "John", "Ch": "John", "412-35": null, "428-31": null, "431": null, "434-46": null, "445-9": null, "449-51": null, "450": null, "450+": null, "?": null, "Ch; from 457": null, "TB449; end of Ch": null, "after 451": null, "c.440": null, "early 440s": null, "from 451": null, "d. c.443": null, "c.443-7": null }, "geometry": { "type": "Point", "coordinates": [ 21.92531739, 37.17740384 ] } },
{ "type": "Feature", "properties": { "diocese": "Macedonia", "province": "Achaea", "see": "Naupactus", "metropolis": null, "patriarchal": null, "unlocated": null, "x": 21.831267, "y": 38.39766099, "batlas": "55 B4 Naupactus", "pleiades": "https://pleiades.stoa.org/places/540960", "notes": null, "E431": "Callicrates", "A445": null, "A448": null, "C448": null, "TB449": null, "C449": null, "E449": null, "Ch": "Irenaeus", "412-35": null, "428-31": null, "431": null, "434-46": null, "445-9": null, "449-51": null, "450": null, "450+": null, "?": null, "Ch; from 457": null, "TB449; end of Ch": null, "after 451": null, "c.440": null, "early 440s": null, "from 451": null, "d. c.443": null, "c.443-7": null }, "geometry": { "type": "Point", "coordinates": [ 21.831267, 38.39766099 ] } },
{ "type": "Feature", "properties": { "diocese": "Macedonia", "province": "Achaea", "see": "Opus", "metropolis": null, "patriarchal": null, "unlocated": null, "x": 23.04853673, "y": 38.63166968, "batlas": "55 E3 Opous", "pleiades": "https://pleiades.stoa.org/places/540986", "notes": null, "E431": "Domninus", "A445": null, "A448": null, "C448": null, "TB449": null, "C449": null, "E449": "Athanasius", "Ch": "Athanasius", "412-35": null, "428-31": null, "431": null, "434-46": null, "445-9": null, "449-51": null, "450": null, "450+": null, "?": null, "Ch; from 457": null, "TB449; end of Ch": null, "after 451": null, "c.440": null, "early 440s": null, "from 451": null, "d. c.443": null, "c.443-7": null }, "geometry": { "type": "Point", "coordinates": [ 23.04853673, 38.63166968 ] } },
{ "type": "Feature", "properties": { "diocese": "Macedonia", "province": "Achaea", "see": "Plataea", "metropolis": null, "patriarchal": null, "unlocated": null, "x": 23.27355834, "y": 38.2210753, "batlas": "55 E4 Plataea", "pleiades": "https://pleiades.stoa.org/places/541063", "notes": null, "E431": null, "A445": null, "A448": null, "C448": null, "TB449": null, "C449": null, "E449": "Domninus", "Ch": "Domninus", "412-35": null, "428-31": null, "431": null, "434-46": null, "445-9": null, "449-51": null, "450": null, "450+": null, "?": null, "Ch; from 457": null, "TB449; end of Ch": null, "after 451": null, "c.440": null, "early 440s": null, "from 451": null, "d. c.443": null, "c.443-7": null }, "geometry": { "type": "Point", "coordinates": [ 23.27355834, 38.2210753 ] } },
{ "type": "Feature", "properties": { "diocese": "Macedonia", "province": "Achaea", "see": "Tegea", "metropolis": null, "patriarchal": null, "unlocated": null, "x": 22.42069259, "y": 37.45528466, "batlas": "58 C3 Tegea", "pleiades": "https://pleiades.stoa.org/places/570707", "notes": null, "E431": null, "A445": null, "A448": null, "C448": null, "TB449": null, "C449": null, "E449": null, "Ch": "Ophelimus", "412-35": null, "428-31": null, "431": null, "434-46": null, "445-9": null, "449-51": null, "450": null, "450+": null, "?": null, "Ch; from 457": null, "TB449; end of Ch": null, "after 451": null, "c.440": null, "early 440s": null, "from 451": null, "d. c.443": null, "c.443-7": null }, "geometry": { "type": "Point", "coordinates": [ 22.42069259, 37.45528466 ] } },
{ "type": "Feature", "properties": { "diocese": "Macedonia", "province": "Achaea", "see": "Thebes", "metropolis": null, "patriarchal": null, "unlocated": null, "x": 23.31748875, "y": 38.31994883, "batlas": "55 E4 Thebae", "pleiades": "https://pleiades.stoa.org/places/541138", "notes": null, "E431": "Anysius", "A445": null, "A448": null, "C448": null, "TB449": null, "C449": null, "E449": null, "Ch": null, "412-35": null, "428-31": null, "431": null, "434-46": null, "445-9": null, "449-51": null, "450": null, "450+": null, "?": null, "Ch; from 457": null, "TB449; end of Ch": null, "after 451": null, "c.440": null, "early 440s": null, "from 451": null, "d. c.443": null, "c.443-7": null }, "geometry": { "type": "Point", "coordinates": [ 23.31748875, 38.31994883 ] } },
{ "type": "Feature", "properties": { "diocese": "Macedonia", "province": "Crete", "see": "Cantanus", "metropolis": null, "patriarchal": null, "unlocated": null, "x": 23.738349, "y": 35.330337, "batlas": "60 A2 Kantanos", "pleiades": "https://pleiades.stoa.org/places/589838", "notes": null, "E431": null, "A445": null, "A448": null, "C448": null, "TB449": null, "C449": null, "E449": null, "Ch": "Paul", "412-35": null, "428-31": null, "431": null, "434-46": null, "445-9": null, "449-51": null, "450": null, "450+": null, "?": null, "Ch; from 457": null, "TB449; end of Ch": null, "after 451": null, "c.440": null, "early 440s": null, "from 451": null, "d. c.443": null, "c.443-7": null }, "geometry": { "type": "Point", "coordinates": [ 23.738349, 35.330337 ] } },
{ "type": "Feature", "properties": { "diocese": "Macedonia", "province": "Crete", "see": "Chersonesus", "metropolis": null, "patriarchal": null, "unlocated": null, "x": 25.388567, "y": 35.319165, "batlas": "60 D2 Chersonasos", "pleiades": "https://pleiades.stoa.org/places/589744", "notes": null, "E431": "Anderius", "A445": null, "A448": null, "C448": null, "TB449": null, "C449": null, "E449": null, "Ch": null, "412-35": null, "428-31": null, "431": null, "434-46": null, "445-9": null, "449-51": null, "450": null, "450+": null, "?": null, "Ch; from 457": null, "TB449; end of Ch": null, "after 451": null, "c.440": null, "early 440s": null, "from 451": null, "d. c.443": null, "c.443-7": null }, "geometry": { "type": "Point", "coordinates": [ 25.388567, 35.319165 ] } },
{ "type": "Feature", "properties": { "diocese": "Macedonia", "province": "Crete", "see": "Cnossus", "metropolis": null, "patriarchal": null, "unlocated": null, "x": 25.16153937, "y": 35.29803258, "batlas": "60 D2 Knosos/Col. Iulia Nobilis Cnosos", "pleiades": "https://pleiades.stoa.org/places/589872", "notes": null, "E431": "Zenobius", "A445": null, "A448": null, "C448": null, "TB449": null, "C449": null, "E449": "Gennadius", "Ch": "Gennadius", "412-35": null, "428-31": null, "431": null, "434-46": null, "445-9": null, "449-51": null, "450": null, "450+": null, "?": null, "Ch; from 457": null, "TB449; end of Ch": null, "after 451": null, "c.440": null, "early 440s": null, "from 451": null, "d. c.443": null, "c.443-7": null }, "geometry": { "type": "Point", "coordinates": [ 25.16153937, 35.29803258 ] } },
{ "type": "Feature", "properties": { "diocese": "Macedonia", "province": "Crete", "see": "Eleutherna", "metropolis": null, "patriarchal": null, "unlocated": null, "x": 24.67423077, "y": 35.33310949, "batlas": "60 C2 Eleutherna", "pleiades": "https://pleiades.stoa.org/places/591168", "notes": null, "E431": null, "A445": null, "A448": null, "C448": null, "TB449": null, "C449": "Euphratas", "E449": null, "Ch": "Euphratas", "412-35": null, "428-31": null, "431": null, "434-46": null, "445-9": null, "449-51": null, "450": null, "450+": null, "?": null, "Ch; from 457": null, "TB449; end of Ch": null, "after 451": null, "c.440": null, "early 440s": null, "from 451": null, "d. c.443": null, "c.443-7": null }, "geometry": { "type": "Point", "coordinates": [ 24.67423077, 35.33310949 ] } },
{ "type": "Feature", "properties": { "diocese": "Macedonia", "province": "Crete", "see": "Gortyna", "metropolis": true, "patriarchal": null, "unlocated": null, "x": 24.94727237, "y": 35.062107, "batlas": "60 C2 Gortyn(a)", "pleiades": "https://pleiades.stoa.org/places/589796", "notes": null, "E431": "Iconius", "A445": null, "A448": null, "C448": null, "TB449": null, "C449": null, "E449": "Martyrius", "Ch": "Martyrius", "412-35": null, "428-31": null, "431": null, "434-46": null, "445-9": null, "449-51": null, "450": null, "450+": null, "?": null, "Ch; from 457": null, "TB449; end of Ch": null, "after 451": null, "c.440": null, "early 440s": null, "from 451": null, "d. c.443": null, "c.443-7": null }, "geometry": { "type": "Point", "coordinates": [ 24.94727237, 35.062107 ] } },
{ "type": "Feature", "properties": { "diocese": "Macedonia", "province": "Crete", "see": "Lappa", "metropolis": null, "patriarchal": null, "unlocated": null, "x": 24.336077, "y": 35.28873079, "batlas": "60 B2 Lappa", "pleiades": "https://pleiades.stoa.org/places/589894", "notes": null, "E431": null, "A445": null, "A448": null, "C448": null, "TB449": null, "C449": null, "E449": null, "Ch": "Demetrius", "412-35": null, "428-31": null, "431": "Paul", "434-46": null, "445-9": null, "449-51": null, "450": null, "450+": null, "?": null, "Ch; from 457": null, "TB449; end of Ch": null, "after 451": null, "c.440": null, "early 440s": null, "from 451": null, "d. c.443": null, "c.443-7": null }, "geometry": { "type": "Point", "coordinates": [ 24.336077, 35.28873079 ] } },
{ "type": "Feature", "properties": { "diocese": "Macedonia", "province": "Crete", "see": "Subrita", "metropolis": null, "patriarchal": null, "unlocated": null, "x": 24.64043007, "y": 35.25916636, "batlas": "60 C2 Sybrita", "pleiades": "https://pleiades.stoa.org/places/590063", "notes": null, "E431": null, "A445": null, "A448": null, "C448": null, "TB449": null, "C449": null, "E449": null, "Ch": "Cyril", "412-35": null, "428-31": null, "431": null, "434-46": null, "445-9": null, "449-51": null, "450": null, "450+": null, "?": null, "Ch; from 457": null, "TB449; end of Ch": null, "after 451": null, "c.440": null, "early 440s": null, "from 451": null, "d. c.443": null, "c.443-7": null }, "geometry": { "type": "Point", "coordinates": [ 24.64043007, 35.25916636 ] } },
{ "type": "Feature", "properties": { "diocese": "Macedonia", "province": "Epirus Nova", "see": "Apollonia", "metropolis": null, "patriarchal": null, "unlocated": null, "x": 19.46586965, "y": 40.73051814, "batlas": "49 B3 Apollonia", "pleiades": "https://pleiades.stoa.org/places/481728", "notes": null, "E431": "Felix", "A445": null, "A448": null, "C448": null, "TB449": null, "C449": null, "E449": null, "Ch": "Eusebius", "412-35": null, "428-31": null, "431": null, "434-46": null, "445-9": null, "449-51": null, "450": null, "450+": null, "?": null, "Ch; from 457": null, "TB449; end of Ch": null, "after 451": null, "c.440": null, "early 440s": null, "from 451": null, "d. c.443": null, "c.443-7": null }, "geometry": { "type": "Point", "coordinates": [ 19.46586965, 40.73051814 ] } },
{ "type": "Feature", "properties": { "diocese": "Macedonia", "province": "Epirus Nova", "see": "Dyrrachium", "metropolis": true, "patriarchal": null, "unlocated": null, "x": 19.44669627, "y": 41.31584774, "batlas": "49 B2 Dyrr(h)achium/Epidamnos", "pleiades": "https://pleiades.stoa.org/places/481818", "notes": null, "E431": "Eucharius", "A445": null, "A448": null, "C448": null, "TB449": null, "C449": null, "E449": "Luke", "Ch": "Luke", "412-35": null, "428-31": null, "431": null, "434-46": null, "445-9": null, "449-51": null, "450": null, "450+": null, "?": null, "Ch; from 457": null, "TB449; end of Ch": null, "after 451": null, "c.440": null, "early 440s": null, "from 451": null, "d. c.443": null, "c.443-7": null }, "geometry": { "type": "Point", "coordinates": [ 19.44669627, 41.31584774 ] } },
{ "type": "Feature", "properties": { "diocese": "Macedonia", "province": "Epirus Nova", "see": "Echinaeum", "metropolis": null, "patriarchal": null, "unlocated": true, "x": 20.0359, "y": 41.0948, "batlas": null, "pleiades": null, "notes": null, "E431": null, "A445": null, "A448": null, "C448": null, "TB449": null, "C449": null, "E449": null, "Ch": "Peter", "412-35": null, "428-31": null, "431": null, "434-46": null, "445-9": null, "449-51": null, "450": null, "450+": null, "?": null, "Ch; from 457": null, "TB449; end of Ch": null, "after 451": null, "c.440": null, "early 440s": null, "from 451": null, "d. c.443": null, "c.443-7": null }, "geometry": { "type": "Point", "coordinates": [ 20.0359, 41.0948 ] } },
{ "type": "Feature", "properties": { "diocese": "Macedonia", "province": "Epirus Nova", "see": "Lychnidus", "metropolis": null, "patriarchal": null, "unlocated": null, "x": 20.79447173, "y": 41.114619, "batlas": "49 C2 Lychnidos", "pleiades": "https://pleiades.stoa.org/places/481900", "notes": null, "E431": null, "A445": null, "A448": null, "C448": null, "TB449": null, "C449": null, "E449": "Antony", "Ch": null, "412-35": null, "428-31": null, "431": null, "434-46": null, "445-9": null, "449-51": null, "450": null, "450+": null, "?": null, "Ch; from 457": null, "TB449; end of Ch": null, "after 451": null, "c.440": null, "early 440s": null, "from 451": null, "d. c.443": null, "c.443-7": null }, "geometry": { "type": "Point", "coordinates": [ 20.79447173, 41.114619 ] } },
{ "type": "Feature", "properties": { "diocese": "Macedonia", "province": "Epirus Vetus", "see": "Anchiasmus", "metropolis": null, "patriarchal": null, "unlocated": null, "x": 20.01264037, "y": 39.87642977, "batlas": "54 B2 Onchesmos", "pleiades": "https://pleiades.stoa.org/places/531019", "notes": null, "E431": null, "A445": null, "A448": null, "C448": null, "TB449": null, "C449": null, "E449": "Claudius", "Ch": "Claudius", "412-35": null, "428-31": null, "431": null, "434-46": null, "445-9": null, "449-51": null, "450": null, "450+": null, "?": null, "Ch; from 457": null, "TB449; end of Ch": null, "after 451": null, "c.440": null, "early 440s": null, "from 451": null, "d. c.443": null, "c.443-7": null }, "geometry": { "type": "Point", "coordinates": [ 20.01264037, 39.87642977 ] } },
{ "type": "Feature", "properties": { "diocese": "Macedonia", "province": "Epirus Vetus", "see": "Buthrotum", "metropolis": null, "patriarchal": null, "unlocated": null, "x": 20.02073983, "y": 39.7457624, "batlas": "54 B2 Bouthroton", "pleiades": "https://pleiades.stoa.org/places/530824", "notes": null, "E431": null, "A445": null, "A448": null, "C448": null, "TB449": null, "C449": null, "E449": null, "Ch": "Zenobius", "412-35": null, "428-31": null, "431": null, "434-46": null, "445-9": null, "449-51": null, "450": null, "450+": null, "?": null, "Ch; from 457": null, "TB449; end of Ch": null, "after 451": null, "c.440": null, "early 440s": null, "from 451": null, "d. c.443": null, "c.443-7": null }, "geometry": { "type": "Point", "coordinates": [ 20.02073983, 39.7457624 ] } },
{ "type": "Feature", "properties": { "diocese": "Macedonia", "province": "Epirus Vetus", "see": "Corcyra", "metropolis": null, "patriarchal": null, "unlocated": null, "x": 19.906703, "y": 39.60787625, "batlas": "54 A2 Corcyra", "pleiades": "https://pleiades.stoa.org/places/530835", "notes": null, "E431": null, "A445": null, "A448": null, "C448": null, "TB449": null, "C449": null, "E449": null, "Ch": "Soterichus", "412-35": null, "428-31": null, "431": null, "434-46": null, "445-9": null, "449-51": null, "450": null, "450+": null, "?": null, "Ch; from 457": null, "TB449; end of Ch": null, "after 451": null, "c.440": null, "early 440s": null, "from 451": null, "d. c.443": null, "c.443-7": null }, "geometry": { "type": "Point", "coordinates": [ 19.906703, 39.60787625 ] } },
{ "type": "Feature", "properties": { "diocese": "Macedonia", "province": "Epirus Vetus", "see": "Dodona", "metropolis": null, "patriarchal": null, "unlocated": null, "x": 20.78904891, "y": 39.54542036, "batlas": "54 C2 Dodona", "pleiades": "https://pleiades.stoa.org/places/530843", "notes": null, "E431": "Theodore", "A445": null, "A448": null, "C448": null, "TB449": null, "C449": null, "E449": null, "Ch": "Philoctetus", "412-35": null, "428-31": null, "431": null, "434-46": null, "445-9": null, "449-51": null, "450": null, "450+": null, "?": null, "Ch; from 457": null, "TB449; end of Ch": null, "after 451": null, "c.440": null, "early 440s": null, "from 451": null, "d. c.443": null, "c.443-7": null }, "geometry": { "type": "Point", "coordinates": [ 20.78904891, 39.54542036 ] } },
{ "type": "Feature", "properties": { "diocese": "Macedonia", "province": "Epirus Vetus", "see": "Euroea", "metropolis": null, "patriarchal": null, "unlocated": null, "x": 20.60860646, "y": 39.335898, "batlas": "54 C3 Euroia?", "pleiades": "https://pleiades.stoa.org/places/530874", "notes": null, "E431": null, "A445": null, "A448": null, "C448": null, "TB449": null, "C449": null, "E449": "Mark", "Ch": "Mark", "412-35": null, "428-31": null, "431": null, "434-46": null, "445-9": null, "449-51": null, "450": null, "450+": null, "?": null, "Ch; from 457": null, "TB449; end of Ch": null, "after 451": null, "c.440": null, "early 440s": null, "from 451": null, "d. c.443": null, "c.443-7": null }, "geometry": { "type": "Point", "coordinates": [ 20.60860646, 39.335898 ] } },
{ "type": "Feature", "properties": { "diocese": "Macedonia", "province": "Epirus Vetus", "see": "Hadrianopolis", "metropolis": null, "patriarchal": null, "unlocated": null, "x": 20.22469771, "y": 39.99591065, "batlas": "54 B2 Hadrianopolis", "pleiades": "https://pleiades.stoa.org/places/530885", "notes": null, "E431": null, "A445": null, "A448": null, "C448": null, "TB449": null, "C449": null, "E449": "Eutychius", "Ch": "Eutychius", "412-35": null, "428-31": null, "431": null, "434-46": null, "445-9": null, "449-51": null, "450": null, "450+": null, "?": null, "Ch; from 457": null, "TB449; end of Ch": null, "after 451": null, "c.440": null, "early 440s": null, "from 451": null, "d. c.443": null, "c.443-7": null }, "geometry": { "type": "Point", "coordinates": [ 20.22469771, 39.99591065 ] } },
{ "type": "Feature", "properties": { "diocese": "Macedonia", "province": "Epirus Vetus", "see": "Nicopolis", "metropolis": true, "patriarchal": null, "unlocated": null, "x": 20.7360035, "y": 39.01566801, "batlas": "54 C3 Nicopolis", "pleiades": "https://pleiades.stoa.org/places/531013", "notes": null, "E431": "Dynatus", "A445": null, "A448": null, "C448": null, "TB449": null, "C449": null, "E449": "Atticus", "Ch": "Atticus", "412-35": null, "428-31": null, "431": null, "434-46": null, "445-9": null, "449-51": null, "450": null, "450+": null, "?": null, "Ch; from 457": null, "TB449; end of Ch": null, "after 451": null, "c.440": null, "early 440s": null, "from 451": null, "d. c.443": null, "c.443-7": null }, "geometry": { "type": "Point", "coordinates": [ 20.7360035, 39.01566801 ] } },
{ "type": "Feature", "properties": { "diocese": "Macedonia", "province": "Epirus Vetus", "see": "Phoenice", "metropolis": null, "patriarchal": null, "unlocated": null, "x": 20.05723634, "y": 39.91299169, "batlas": "54 B2 Phoinike 1", "pleiades": "https://pleiades.stoa.org/places/531061", "notes": null, "E431": null, "A445": null, "A448": null, "C448": null, "TB449": null, "C449": null, "E449": null, "Ch": "Peregrinus", "412-35": null, "428-31": null, "431": null, "434-46": null, "445-9": null, "449-51": null, "450": null, "450+": null, "?": null, "Ch; from 457": null, "TB449; end of Ch": null, "after 451": null, "c.440": null, "early 440s": null, "from 451": null, "d. c.443": null, "c.443-7": null }, "geometry": { "type": "Point", "coordinates": [ 20.05723634, 39.91299169 ] } },
{ "type": "Feature", "properties": { "diocese": "Macedonia", "province": "Epirus Vetus", "see": "Photice", "metropolis": null, "patriarchal": null, "unlocated": null, "x": 20.49633634, "y": 39.482048, "batlas": "54 B3 Photike", "pleiades": "https://pleiades.stoa.org/places/531064", "notes": null, "E431": null, "A445": null, "A448": null, "C448": null, "TB449": null, "C449": null, "E449": null, "Ch": "John", "412-35": null, "428-31": null, "431": null, "434-46": null, "445-9": null, "449-51": null, "450": null, "450+": null, "?": null, "Ch; from 457": null, "TB449; end of Ch": null, "after 451": null, "c.440": null, "early 440s": null, "from 451": null, "d. c.443": null, "c.443-7": null }, "geometry": { "type": "Point", "coordinates": [ 20.49633634, 39.482048 ] } },
{ "type": "Feature", "properties": { "diocese": "Macedonia", "province": "Macedonia", "see": "Bargala", "metropolis": null, "patriarchal": null, "unlocated": null, "x": 22.26652254, "y": 41.800995, "batlas": "50 B1 Bargala", "pleiades": "https://pleiades.stoa.org/places/491538", "notes": null, "E431": null, "A445": null, "A448": null, "C448": null, "TB449": null, "C449": null, "E449": null, "Ch": "Dardanius", "412-35": null, "428-31": null, "431": null, "434-46": null, "445-9": null, "449-51": null, "450": null, "450+": null, "?": null, "Ch; from 457": null, "TB449; end of Ch": null, "after 451": null, "c.440": null, "early 440s": null, "from 451": null, "d. c.443": null, "c.443-7": null }, "geometry": { "type": "Point", "coordinates": [ 22.26652254, 41.800995 ] } },
{ "type": "Feature", "properties": { "diocese": "Macedonia", "province": "Macedonia", "see": "Beroea", "metropolis": null, "patriarchal": null, "unlocated": null, "x": 22.20165735, "y": 40.52206407, "batlas": "50 B3 Ber(r)oia", "pleiades": "https://pleiades.stoa.org/places/491546", "notes": null, "E431": null, "A445": null, "A448": null, "C448": null, "TB449": null, "C449": null, "E449": "Luke", "Ch": null, "412-35": null, "428-31": null, "431": null, "434-46": null, "445-9": null, "449-51": null, "450": null, "450+": null, "?": null, "Ch; from 457": null, "TB449; end of Ch": null, "after 451": null, "c.440": null, "early 440s": null, "from 451": null, "d. c.443": null, "c.443-7": null }, "geometry": { "type": "Point", "coordinates": [ 22.20165735, 40.52206407 ] } },
{ "type": "Feature", "properties": { "diocese": "Macedonia", "province": "Macedonia", "see": "Cassandrea", "metropolis": null, "patriarchal": null, "unlocated": null, "x": 23.32814137, "y": 40.19344441, "batlas": "50 D4 Poteidaia/Kassandreia", "pleiades": "https://pleiades.stoa.org/places/491701", "notes": null, "E431": null, "A445": null, "A448": null, "C448": null, "TB449": null, "C449": null, "E449": "Hermogenes", "Ch": null, "412-35": null, "428-31": null, "431": null, "434-46": null, "445-9": null, "449-51": null, "450": null, "450+": null, "?": null, "Ch; from 457": null, "TB449; end of Ch": null, "after 451": null, "c.440": null, "early 440s": null, "from 451": null, "d. c.443": null, "c.443-7": null }, "geometry": { "type": "Point", "coordinates": [ 23.32814137, 40.19344441 ] } },
{ "type": "Feature", "properties": { "diocese": "Macedonia", "province": "Macedonia", "see": "Doberus", "metropolis": null, "patriarchal": null, "unlocated": null, "x": 22.75191954, "y": 41.387994, "batlas": "50 C2 Doberos", "pleiades": "https://pleiades.stoa.org/places/491573", "notes": null, "E431": null, "A445": null, "A448": null, "C448": null, "TB449": null, "C449": null, "E449": "Eusebius", "Ch": "Eusebius", "412-35": null, "428-31": null, "431": null, "434-46": null, "445-9": null, "449-51": null, "450": null, "450+": null, "?": null, "Ch; from 457": null, "TB449; end of Ch": null, "after 451": null, "c.440": null, "early 440s": null, "from 451": null, "d. c.443": null, "c.443-7": null }, "geometry": { "type": "Point", "coordinates": [ 22.75191954, 41.387994 ] } },
{ "type": "Feature", "properties": { "diocese": "Macedonia", "province": "Macedonia", "see": "Heraclea", "metropolis": null, "patriarchal": null, "unlocated": null, "x": 21.34068254, "y": 41.011, "batlas": "49 D2 Herakleia", "pleiades": "https://pleiades.stoa.org/places/481861", "notes": null, "E431": null, "A445": null, "A448": null, "C448": null, "TB449": null, "C449": null, "E449": "Quintillus", "Ch": "Quintillus", "412-35": null, "428-31": null, "431": null, "434-46": null, "445-9": null, "449-51": null, "450": null, "450+": null, "?": null, "Ch; from 457": null, "TB449; end of Ch": null, "after 451": null, "c.440": null, "early 440s": null, "from 451": null, "d. c.443": null, "c.443-7": null }, "geometry": { "type": "Point", "coordinates": [ 21.34068254, 41.011 ] } },
{ "type": "Feature", "properties": { "diocese": "Macedonia", "province": "Macedonia", "see": "Parthicopolis", "metropolis": null, "patriarchal": null, "unlocated": null, "x": 23.27521308, "y": 41.561119, "batlas": "50 D1 Paroikopolis/Parthikopolis", "pleiades": "https://pleiades.stoa.org/places/491683", "notes": null, "E431": null, "A445": null, "A448": null, "C448": null, "TB449": null, "C449": null, "E449": null, "Ch": "John", "412-35": null, "428-31": null, "431": null, "434-46": null, "445-9": null, "449-51": null, "450": null, "450+": null, "?": null, "Ch; from 457": null, "TB449; end of Ch": null, "after 451": null, "c.440": null, "early 440s": null, "from 451": null, "d. c.443": null, "c.443-7": null }, "geometry": { "type": "Point", "coordinates": [ 23.27521308, 41.561119 ] } },
{ "type": "Feature", "properties": { "diocese": "Macedonia", "province": "Macedonia", "see": "Philippi", "metropolis": null, "patriarchal": null, "unlocated": null, "x": 24.33426398, "y": 41.02518, "batlas": "51 C2 Philippoi", "pleiades": "https://pleiades.stoa.org/places/501564", "notes": null, "E431": "Flavian", "A445": null, "A448": null, "C448": null, "TB449": null, "C449": null, "E449": "Sozon", "Ch": "Sozon", "412-35": null, "428-31": null, "431": null, "434-46": null, "445-9": null, "449-51": null, "450": null, "450+": null, "?": null, "Ch; from 457": null, "TB449; end of Ch": null, "after 451": null, "c.440": null, "early 440s": null, "from 451": null, "d. c.443": null, "c.443-7": null }, "geometry": { "type": "Point", "coordinates": [ 24.33426398, 41.02518 ] } },
{ "type": "Feature", "properties": { "diocese": "Macedonia", "province": "Macedonia", "see": "Serrhae", "metropolis": null, "patriarchal": null, "unlocated": null, "x": 23.54195895, "y": 41.08822324, "batlas": "51 B2 Sirra", "pleiades": "https://pleiades.stoa.org/places/501616", "notes": null, "E431": null, "A445": null, "A448": null, "C448": null, "TB449": null, "C449": null, "E449": "Maximin", "Ch": "Maximin", "412-35": null, "428-31": null, "431": null, "434-46": null, "445-9": null, "449-51": null, "450": null, "450+": null, "?": null, "Ch; from 457": null, "TB449; end of Ch": null, "after 451": null, "c.440": null, "early 440s": null, "from 451": null, "d. c.443": null, "c.443-7": null }, "geometry": { "type": "Point", "coordinates": [ 23.54195895, 41.08822324 ] } },
{ "type": "Feature", "properties": { "diocese": "Macedonia", "province": "Macedonia", "see": "Stobi", "metropolis": null, "patriarchal": null, "unlocated": null, "x": 21.97448346, "y": 41.55232935, "batlas": "50 A1 Stobi", "pleiades": "https://pleiades.stoa.org/places/491731", "notes": null, "E431": null, "A445": null, "A448": null, "C448": null, "TB449": null, "C449": null, "E449": null, "Ch": "Nicholas", "412-35": null, "428-31": null, "431": null, "434-46": null, "445-9": null, "449-51": null, "450": null, "450+": null, "?": null, "Ch; from 457": null, "TB449; end of Ch": null, "after 451": null, "c.440": null, "early 440s": null, "from 451": null, "d. c.443": null, "c.443-7": null }, "geometry": { "type": "Point", "coordinates": [ 21.97448346, 41.55232935 ] } },
{ "type": "Feature", "properties": { "diocese": "Macedonia", "province": "Macedonia", "see": "Thasos", "metropolis": null, "patriarchal": null, "unlocated": null, "x": 24.71621754, "y": 40.7797654, "batlas": "51 D3 Thasos", "pleiades": "https://pleiades.stoa.org/places/501634", "notes": null, "E431": null, "A445": null, "A448": null, "C448": null, "TB449": null, "C449": null, "E449": null, "Ch": "Honoratus", "412-35": null, "428-31": null, "431": null, "434-46": null, "445-9": null, "449-51": null, "450": null, "450+": null, "?": null, "Ch; from 457": null, "TB449; end of Ch": null, "after 451": null, "c.440": null, "early 440s": null, "from 451": null, "d. c.443": null, "c.443-7": null }, "geometry": { "type": "Point", "coordinates": [ 24.71621754, 40.7797654 ] } },
{ "type": "Feature", "properties": { "diocese": "Macedonia", "province": "Macedonia", "see": "Thessalonica", "metropolis": true, "patriarchal": null, "unlocated": null, "x": 22.95683739, "y": 40.62934188, "batlas": "50 C3 Thessalonica", "pleiades": "https://pleiades.stoa.org/places/491741", "notes": null, "E431": "Rufus", "A445": null, "A448": null, "C448": null, "TB449": null, "C449": null, "E449": "Anastasius", "Ch": "Anastasius", "412-35": null, "428-31": null, "431": null, "434-46": null, "445-9": null, "449-51": null, "450": null, "450+": null, "?": null, "Ch; from 457": null, "TB449; end of Ch": null, "after 451": "Euxitheus", "c.440": null, "early 440s": null, "from 451": null, "d. c.443": null, "c.443-7": null }, "geometry": { "type": "Point", "coordinates": [ 22.95683739, 40.62934188 ] } },
{ "type": "Feature", "properties": { "diocese": "Macedonia", "province": "Thessaly", "see": "Demetrias", "metropolis": null, "patriarchal": null, "unlocated": null, "x": 22.92485241, "y": 39.34322628, "batlas": "55 D2 Demetrias", "pleiades": "https://pleiades.stoa.org/places/540730", "notes": null, "E431": null, "A445": null, "A448": null, "C448": null, "TB449": null, "C449": null, "E449": "Constantine", "Ch": "Constantine", "412-35": null, "428-31": null, "431": null, "434-46": null, "445-9": null, "449-51": null, "450": null, "450+": null, "?": null, "Ch; from 457": null, "TB449; end of Ch": null, "after 451": null, "c.440": null, "early 440s": null, "from 451": null, "d. c.443": null, "c.443-7": null }, "geometry": { "type": "Point", "coordinates": [ 22.92485241, 39.34322628 ] } },
{ "type": "Feature", "properties": { "diocese": "Macedonia", "province": "Thessaly", "see": "Echineum", "metropolis": null, "patriarchal": null, "unlocated": null, "x": 22.723917, "y": 38.89315565, "batlas": "55 D3 Echinos", "pleiades": "https://pleiades.stoa.org/places/540749", "notes": null, "E431": "Theodore", "A445": null, "A448": null, "C448": null, "TB449": null, "C449": null, "E449": null, "Ch": null, "412-35": null, "428-31": null, "431": null, "434-46": null, "445-9": null, "449-51": null, "450": null, "450+": null, "?": null, "Ch; from 457": null, "TB449; end of Ch": null, "after 451": null, "c.440": null, "early 440s": null, "from 451": null, "d. c.443": null, "c.443-7": null }, "geometry": { "type": "Point", "coordinates": [ 22.723917, 38.89315565 ] } },
{ "type": "Feature", "properties": { "diocese": "Macedonia", "province": "Thessaly", "see": "Lamia", "metropolis": null, "patriarchal": null, "unlocated": null, "x": 22.44292237, "y": 38.90325232, "batlas": "55 C3 Lamia", "pleiades": "https://pleiades.stoa.org/places/540902", "notes": null, "E431": "Secundianus", "A445": null, "A448": null, "C448": null, "TB449": null, "C449": null, "E449": null, "Ch": null, "412-35": null, "428-31": null, "431": null, "434-46": null, "445-9": null, "449-51": null, "450": null, "450+": null, "?": null, "Ch; from 457": null, "TB449; end of Ch": null, "after 451": null, "c.440": null, "early 440s": null, "from 451": null, "d. c.443": null, "c.443-7": null }, "geometry": { "type": "Point", "coordinates": [ 22.44292237, 38.90325232 ] } },
{ "type": "Feature", "properties": { "diocese": "Macedonia", "province": "Thessaly", "see": "Larissa", "metropolis": null, "patriarchal": null, "unlocated": null, "x": 22.42228771, "y": 39.634851, "batlas": "55 C1 Larissa", "pleiades": "https://pleiades.stoa.org/places/543766", "notes": null, "E431": null, "A445": null, "A448": null, "C448": null, "TB449": null, "C449": null, "E449": "Vigilantius", "Ch": "Vigilantius", "412-35": null, "428-31": null, "431": null, "434-46": null, "445-9": null, "449-51": null, "450": null, "450+": null, "?": null, "Ch; from 457": null, "TB449; end of Ch": null, "after 451": null, "c.440": null, "early 440s": null, "from 451": null, "d. c.443": null, "c.443-7": null }, "geometry": { "type": "Point", "coordinates": [ 22.42228771, 39.634851 ] } },
{ "type": "Feature", "properties": { "diocese": "Macedonia", "province": "Thessaly", "see": "Pharmalus", "metropolis": null, "patriarchal": null, "unlocated": null, "x": 22.38785335, "y": 39.28849746, "batlas": "55 C2 Pharsalus", "pleiades": "https://pleiades.stoa.org/places/541042", "notes": "Located under Pharsalus", "E431": "Perrebius", "A445": null, "A448": null, "C448": null, "TB449": null, "C449": null, "E449": null, "Ch": null, "412-35": null, "428-31": null, "431": null, "434-46": null, "445-9": null, "449-51": null, "450": null, "450+": null, "?": null, "Ch; from 457": null, "TB449; end of Ch": null, "after 451": null, "c.440": null, "early 440s": null, "from 451": null, "d. c.443": null, "c.443-7": null }, "geometry": { "type": "Point", "coordinates": [ 22.38785335, 39.28849746 ] } },
{ "type": "Feature", "properties": { "diocese": "Macedonia", "province": "Thessaly", "see": "Thebes", "metropolis": null, "patriarchal": null, "unlocated": null, "x": 22.76045035, "y": 39.273386, "batlas": "55 D2 Thebai Phthiotides", "pleiades": "https://pleiades.stoa.org/places/541137", "notes": null, "E431": "Dio", "A445": null, "A448": null, "C448": null, "TB449": null, "C449": null, "E449": null, "Ch": null, "412-35": null, "428-31": null, "431": null, "434-46": null, "445-9": null, "449-51": null, "450": null, "450+": null, "?": null, "Ch; from 457": null, "TB449; end of Ch": null, "after 451": null, "c.440": null, "early 440s": null, "from 451": null, "d. c.443": null, "c.443-7": null }, "geometry": { "type": "Point", "coordinates": [ 22.76045035, 39.273386 ] } },
{ "type": "Feature", "properties": { "diocese": "Oriens", "province": "Arabia", "see": "Adraa", "metropolis": null, "patriarchal": null, "unlocated": null, "x": 36.09999168, "y": 32.61250137, "batlas": "69 D4 Adra(h)a", "pleiades": "https://pleiades.stoa.org/places/678002", "notes": null, "E431": null, "A445": null, "A448": null, "C448": null, "TB449": null, "C449": "Proclus", "E449": null, "Ch": "Proclus", "412-35": null, "428-31": null, "431": null, "434-46": null, "445-9": null, "449-51": null, "450": null, "450+": null, "?": null, "Ch; from 457": null, "TB449; end of Ch": null, "after 451": null, "c.440": null, "early 440s": null, "from 451": null, "d. c.443": null, "c.443-7": null }, "geometry": { "type": "Point", "coordinates": [ 36.09999168, 32.61250137 ] } },
{ "type": "Feature", "properties": { "diocese": "Oriens", "province": "Arabia", "see": "Bostra", "metropolis": true, "patriarchal": null, "unlocated": null, "x": 36.48130075, "y": 32.52052077, "batlas": "69 D4 Bostra/Col. Nova Traiana Alexandriana", "pleiades": "https://pleiades.stoa.org/places/678073", "notes": null, "E431": null, "A445": null, "A448": "Constantine", "C448": null, "TB449": null, "C449": null, "E449": "Constantine", "Ch": "Constantine", "412-35": null, "428-31": null, "431": null, "434-46": null, "445-9": null, "449-51": null, "450": null, "450+": null, "?": null, "Ch; from 457": null, "TB449; end of Ch": null, "after 451": null, "c.440": null, "early 440s": null, "from 451": null, "d. c.443": null, "c.443-7": null }, "geometry": { "type": "Point", "coordinates": [ 36.48130075, 32.52052077 ] } },
{ "type": "Feature", "properties": { "diocese": "Oriens", "province": "Arabia", "see": "Canatha", "metropolis": null, "patriarchal": null, "unlocated": null, "x": 36.61839667, "y": 32.754205, "batlas": "69 E4 Canatha/*Gabinia/*Septimia", "pleiades": "https://pleiades.stoa.org/places/678082", "notes": null, "E431": null, "A445": null, "A448": null, "C448": null, "TB449": null, "C449": null, "E449": "Theodosius", "Ch": "Theodosius", "412-35": null, "428-31": null, "431": null, "434-46": null, "445-9": null, "449-51": null, "450": null, "450+": null, "?": null, "Ch; from 457": null, "TB449; end of Ch": null, "after 451": null, "c.440": null, "early 440s": null, "from 451": null, "d. c.443": null, "c.443-7": null }, "geometry": { "type": "Point", "coordinates": [ 36.61839667, 32.754205 ] } },
{ "type": "Feature", "properties": { "diocese": "Oriens", "province": "Arabia", "see": "Dionysias", "metropolis": null, "patriarchal": null, "unlocated": null, "x": 36.5652865, "y": 32.70715229, "batlas": "69 E4 Dionysias/*Soada", "pleiades": "https://pleiades.stoa.org/places/678119", "notes": null, "E431": null, "A445": null, "A448": null, "C448": null, "TB449": null, "C449": null, "E449": "Maras", "Ch": null, "412-35": null, "428-31": null, "431": null, "434-46": null, "445-9": null, "449-51": null, "450": null, "450+": null, "?": null, "Ch; from 457": null, "TB449; end of Ch": null, "after 451": null, "c.440": null, "early 440s": null, "from 451": null, "d. c.443": null, "c.443-7": null }, "geometry": { "type": "Point", "coordinates": [ 36.5652865, 32.70715229 ] } },
{ "type": "Feature", "properties": { "diocese": "Oriens", "province": "Arabia", "see": "Gerasa", "metropolis": null, "patriarchal": null, "unlocated": null, "x": 35.89043187, "y": 32.27897332, "batlas": "69 C5 Gerasa/Antiochia ad Chrysorhoam", "pleiades": "https://pleiades.stoa.org/places/678158", "notes": null, "E431": null, "A445": null, "A448": "Placcus", "C448": null, "TB449": null, "C449": null, "E449": null, "Ch": null, "412-35": null, "428-31": null, "431": null, "434-46": null, "445-9": null, "449-51": null, "450": null, "450+": null, "?": null, "Ch; from 457": null, "TB449; end of Ch": null, "after 451": null, "c.440": null, "early 440s": null, "from 451": null, "d. c.443": null, "c.443-7": null }, "geometry": { "type": "Point", "coordinates": [ 35.89043187, 32.27897332 ] } },
{ "type": "Feature", "properties": { "diocese": "Oriens", "province": "Arabia", "see": "Philadelphia", "metropolis": null, "patriarchal": null, "unlocated": null, "x": 35.93462394, "y": 31.95495106, "batlas": "71 B2 Philadelpheia", "pleiades": "https://pleiades.stoa.org/places/697728", "notes": null, "E431": null, "A445": null, "A448": null, "C448": null, "TB449": null, "C449": null, "E449": null, "Ch": "Eulogius", "412-35": null, "428-31": null, "431": null, "434-46": null, "445-9": null, "449-51": null, "450": null, "450+": null, "?": null, "Ch; from 457": null, "TB449; end of Ch": null, "after 451": null, "c.440": null, "early 440s": null, "from 451": null, "d. c.443": null, "c.443-7": null }, "geometry": { "type": "Point", "coordinates": [ 35.93462394, 31.95495106 ] } },
{ "type": "Feature", "properties": { "diocese": "Oriens", "province": "Arabia", "see": "Philippopolis", "metropolis": null, "patriarchal": null, "unlocated": null, "x": 36.62768968, "y": 32.853765, "batlas": "69 E4 Philippopolis", "pleiades": "https://pleiades.stoa.org/places/678332", "notes": null, "E431": null, "A445": null, "A448": null, "C448": null, "TB449": null, "C449": null, "E449": null, "Ch": "Hormisdas", "412-35": null, "428-31": null, "431": null, "434-46": null, "445-9": null, "449-51": null, "450": null, "450+": null, "?": null, "Ch; from 457": null, "TB449; end of Ch": null, "after 451": null, "c.440": null, "early 440s": null, "from 451": null, "d. c.443": null, "c.443-7": null }, "geometry": { "type": "Point", "coordinates": [ 36.62768968, 32.853765 ] } },
{ "type": "Feature", "properties": { "diocese": "Oriens", "province": "Cilicia I", "see": "Adana", "metropolis": null, "patriarchal": null, "unlocated": null, "x": 35.33315983, "y": 36.99442758, "batlas": "66 G3 Adana/Antiochia ad Sarum", "pleiades": "https://pleiades.stoa.org/places/648548", "notes": null, "E431": null, "A445": null, "A448": null, "C448": null, "TB449": null, "C449": null, "E449": null, "Ch": "Philip", "412-35": null, "428-31": null, "431": null, "434-46": null, "445-9": null, "449-51": null, "450": null, "450+": null, "?": null, "Ch; from 457": null, "TB449; end of Ch": null, "after 451": null, "c.440": null, "early 440s": null, "from 451": null, "d. c.443": null, "c.443-7": null }, "geometry": { "type": "Point", "coordinates": [ 35.33315983, 36.99442758 ] } },
{ "type": "Feature", "properties": { "diocese": "Oriens", "province": "Cilicia I", "see": "Augusta", "metropolis": null, "patriarchal": null, "unlocated": null, "x": 35.34441637, "y": 37.24494981, "batlas": "66 G2 Augusta/Augustopolis/[Thebae]?", "pleiades": "https://pleiades.stoa.org/places/648577", "notes": null, "E431": null, "A445": null, "A448": null, "C448": null, "TB449": null, "C449": null, "E449": null, "Ch": "Theodore", "412-35": null, "428-31": null, "431": null, "434-46": null, "445-9": null, "449-51": null, "450": null, "450+": null, "?": null, "Ch; from 457": null, "TB449; end of Ch": null, "after 451": null, "c.440": null, "early 440s": null, "from 451": null, "d. c.443": null, "c.443-7": null }, "geometry": { "type": "Point", "coordinates": [ 35.34441637, 37.24494981 ] } },
{ "type": "Feature", "properties": { "diocese": "Oriens", "province": "Cilicia I", "see": "Mallus", "metropolis": null, "patriarchal": null, "unlocated": null, "x": 35.4852, "y": 36.75617151, "batlas": "66 G3 Mallos/Antiochia ad Pyramum", "pleiades": "https://pleiades.stoa.org/places/648702", "notes": null, "E431": null, "A445": null, "A448": null, "C448": null, "TB449": null, "C449": null, "E449": null, "Ch": "Chrysippus", "412-35": null, "428-31": null, "431": null, "434-46": null, "445-9": null, "449-51": null, "450": null, "450+": null, "?": null, "Ch; from 457": null, "TB449; end of Ch": null, "after 451": null, "c.440": null, "early 440s": null, "from 451": null, "d. c.443": null, "c.443-7": null }, "geometry": { "type": "Point", "coordinates": [ 35.4852, 36.75617151 ] } },
{ "type": "Feature", "properties": { "diocese": "Oriens", "province": "Cilicia I", "see": "Sebaste", "metropolis": null, "patriarchal": null, "unlocated": null, "x": 34.17441344, "y": 36.48218154, "batlas": "66 E4 Elaioussa/Sebaste", "pleiades": "https://pleiades.stoa.org/places/648628", "notes": null, "E431": null, "A445": null, "A448": null, "C448": null, "TB449": null, "C449": null, "E449": "Alexander", "Ch": "Alexander", "412-35": null, "428-31": null, "431": null, "434-46": null, "445-9": null, "449-51": null, "450": null, "450+": null, "?": null, "Ch; from 457": null, "TB449; end of Ch": null, "after 451": null, "c.440": null, "early 440s": null, "from 451": null, "d. c.443": null, "c.443-7": null }, "geometry": { "type": "Point", "coordinates": [ 34.17441344, 36.48218154 ] } },
{ "type": "Feature", "properties": { "diocese": "Oriens", "province": "Cilicia I", "see": "Tarsus", "metropolis": true, "patriarchal": null, "unlocated": null, "x": 34.89579499, "y": 36.9123297, "batlas": "66 F3 Tarsus/Antiochia ad Cydnum", "pleiades": "https://pleiades.stoa.org/places/648789", "notes": null, "E431": null, "A445": null, "A448": null, "C448": null, "TB449": null, "C449": null, "E449": "Theodore", "Ch": "Theodore", "412-35": null, "428-31": null, "431": null, "434-46": null, "445-9": null, "449-51": null, "450": null, "450+": null, "?": null, "Ch; from 457": null, "TB449; end of Ch": null, "after 451": null, "c.440": null, "early 440s": null, "from 451": null, "d. c.443": null, "c.443-7": null }, "geometry": { "type": "Point", "coordinates": [ 34.89579499, 36.9123297 ] } },
{ "type": "Feature", "properties": { "diocese": "Oriens", "province": "Cilicia I", "see": "Zephyrium", "metropolis": null, "patriarchal": null, "unlocated": null, "x": 34.638066, "y": 36.8083783, "batlas": "66 F3 Zephyrion/Hadrianopolis", "pleiades": "https://pleiades.stoa.org/places/648810", "notes": null, "E431": null, "A445": null, "A448": null, "C448": null, "TB449": null, "C449": null, "E449": null, "Ch": "Hypatius", "412-35": null, "428-31": null, "431": null, "434-46": null, "445-9": null, "449-51": null, "450": null, "450+": null, "?": null, "Ch; from 457": null, "TB449; end of Ch": null, "after 451": null, "c.440": null, "early 440s": null, "from 451": null, "d. c.443": null, "c.443-7": null }, "geometry": { "type": "Point", "coordinates": [ 34.638066, 36.8083783 ] } },
{ "type": "Feature", "properties": { "diocese": "Oriens", "province": "Cilicia II", "see": "Alexandria", "metropolis": null, "patriarchal": null, "unlocated": null, "x": 36.17459046, "y": 36.58471045, "batlas": "67 C3 Alexandria ad Issum", "pleiades": "https://pleiades.stoa.org/places/658371", "notes": null, "E431": null, "A445": "Baranes", "A448": null, "C448": null, "TB449": null, "C449": null, "E449": null, "Ch": null, "412-35": null, "428-31": null, "431": null, "434-46": null, "445-9": null, "449-51": null, "450": null, "450+": null, "?": null, "Ch; from 457": null, "TB449; end of Ch": null, "after 451": null, "c.440": null, "early 440s": null, "from 451": null, "d. c.443": null, "c.443-7": null }, "geometry": { "type": "Point", "coordinates": [ 36.17459046, 36.58471045 ] } },
{ "type": "Feature", "properties": { "diocese": "Oriens", "province": "Cilicia II", "see": "Anazarbus", "metropolis": true, "patriarchal": null, "unlocated": null, "x": 35.89976446, "y": 37.25392373, "batlas": "67 B2 Anazarbos/Caesarea/Ioustin(ian)oupolis", "pleiades": "https://pleiades.stoa.org/places/658378", "notes": null, "E431": null, "A445": "Valerius", "A448": null, "C448": null, "TB449": null, "C449": null, "E449": "Stephen", "Ch": "Cyrus", "412-35": null, "428-31": null, "431": null, "434-46": null, "445-9": null, "449-51": null, "450": null, "450+": null, "?": null, "Ch; from 457": null, "TB449; end of Ch": null, "after 451": null, "c.440": null, "early 440s": null, "from 451": null, "d. c.443": null, "c.443-7": null }, "geometry": { "type": "Point", "coordinates": [ 35.89976446, 37.25392373 ] } },
{ "type": "Feature", "properties": { "diocese": "Oriens", "province": "Cilicia II", "see": "Epiphaneia", "metropolis": null, "patriarchal": null, "unlocated": null, "x": 36.1530972, "y": 36.96189233, "batlas": "67 C3 Oeniandos/Epiphaneia", "pleiades": "https://pleiades.stoa.org/places/658556", "notes": null, "E431": null, "A445": "Polychronius", "A448": null, "C448": null, "TB449": null, "C449": null, "E449": null, "Ch": "Polychronius", "412-35": null, "428-31": null, "431": null, "434-46": null, "445-9": null, "449-51": null, "450": null, "450+": null, "?": null, "Ch; from 457": null, "TB449; end of Ch": null, "after 451": null, "c.440": null, "early 440s": null, "from 451": null, "d. c.443": null, "c.443-7": null }, "geometry": { "type": "Point", "coordinates": [ 36.1530972, 36.96189233 ] } },
{ "type": "Feature", "properties": { "diocese": "Oriens", "province": "Cilicia II", "see": "Flaviopolis", "metropolis": null, "patriarchal": null, "unlocated": null, "x": 36.10222623, "y": 37.3664785, "batlas": "67 C2 Phlaouiopolis/Flavias", "pleiades": "https://pleiades.stoa.org/places/658569", "notes": null, "E431": null, "A445": null, "A448": null, "C448": null, "TB449": null, "C449": null, "E449": null, "Ch": "John", "412-35": null, "428-31": null, "431": null, "434-46": null, "445-9": null, "449-51": null, "450": null, "450+": null, "?": null, "Ch; from 457": null, "TB449; end of Ch": null, "after 451": null, "c.440": null, "early 440s": null, "from 451": null, "d. c.443": null, "c.443-7": null }, "geometry": { "type": "Point", "coordinates": [ 36.10222623, 37.3664785 ] } },
{ "type": "Feature", "properties": { "diocese": "Oriens", "province": "Cilicia II", "see": "Irenopolis", "metropolis": null, "patriarchal": null, "unlocated": null, "x": 36.46960242, "y": 37.2513675, "batlas": "67 C2 Eirenopolis/Neronias", "pleiades": "https://pleiades.stoa.org/places/658458", "notes": null, "E431": null, "A445": null, "A448": null, "C448": null, "TB449": null, "C449": null, "E449": "Indimus", "Ch": "Indimus", "412-35": null, "428-31": null, "431": null, "434-46": null, "445-9": null, "449-51": null, "450": null, "450+": null, "?": null, "Ch; from 457": null, "TB449; end of Ch": null, "after 451": null, "c.440": null, "early 440s": null, "from 451": null, "d. c.443": null, "c.443-7": null }, "geometry": { "type": "Point", "coordinates": [ 36.46960242, 37.2513675 ] } },
{ "type": "Feature", "properties": { "diocese": "Oriens", "province": "Cilicia II", "see": "Mopsuestia", "metropolis": null, "patriarchal": null, "unlocated": null, "x": 35.62105634, "y": 36.9580405, "batlas": "67 B3 Mopsou(h)estia/Seleukeia pros to Pyramo", "pleiades": "https://pleiades.stoa.org/places/658538", "notes": null, "E431": null, "A445": "Thomas", "A448": "Thomas", "C448": null, "TB449": null, "C449": null, "E449": null, "Ch": "Bassianus", "412-35": null, "428-31": null, "431": null, "434-46": null, "445-9": null, "449-51": null, "450": null, "450+": null, "?": null, "Ch; from 457": null, "TB449; end of Ch": null, "after 451": null, "c.440": null, "early 440s": null, "from 451": null, "d. c.443": null, "c.443-7": null }, "geometry": { "type": "Point", "coordinates": [ 35.62105634, 36.9580405 ] } },
{ "type": "Feature", "properties": { "diocese": "Oriens", "province": "Cilicia II", "see": "Rhosus", "metropolis": null, "patriarchal": null, "unlocated": null, "x": 35.89327421, "y": 36.41108284, "batlas": "67 B4 Rhosos", "pleiades": "https://pleiades.stoa.org/places/658585", "notes": null, "E431": null, "A445": null, "A448": null, "C448": null, "TB449": null, "C449": null, "E449": null, "Ch": "Julian", "412-35": null, "428-31": null, "431": null, "434-46": null, "445-9": null, "449-51": null, "450": null, "450+": null, "?": null, "Ch; from 457": null, "TB449; end of Ch": null, "after 451": null, "c.440": null, "early 440s": null, "from 451": null, "d. c.443": null, "c.443-7": null }, "geometry": { "type": "Point", "coordinates": [ 35.89327421, 36.41108284 ] } },
{ "type": "Feature", "properties": { "diocese": "Oriens", "province": "Cyprus", "see": "Amathus", "metropolis": null, "patriarchal": null, "unlocated": null, "x": 33.13699861, "y": 34.712264, "batlas": "72 C3 Amathous", "pleiades": "https://pleiades.stoa.org/places/707462", "notes": null, "E431": null, "A445": null, "A448": null, "C448": null, "TB449": null, "C449": null, "E449": "Theodosius", "Ch": "Heliodorus", "412-35": null, "428-31": null, "431": null, "434-46": null, "445-9": null, "449-51": null, "450": null, "450+": null, "?": null, "Ch; from 457": null, "TB449; end of Ch": null, "after 451": null, "c.440": null, "early 440s": null, "from 451": null, "d. c.443": null, "c.443-7": null }, "geometry": { "type": "Point", "coordinates": [ 33.13699861, 34.712264 ] } },
{ "type": "Feature", "properties": { "diocese": "Oriens", "province": "Cyprus", "see": "Arsinoe", "metropolis": null, "patriarchal": null, "unlocated": null, "x": 32.42151163, "y": 35.03704645, "batlas": "72 A2 Arsinoe", "pleiades": "https://pleiades.stoa.org/places/707483", "notes": null, "E431": null, "A445": null, "A448": null, "C448": null, "TB449": null, "C449": null, "E449": null, "Ch": "Proechius", "412-35": null, "428-31": null, "431": null, "434-46": null, "445-9": null, "449-51": null, "450": null, "450+": null, "?": null, "Ch; from 457": null, "TB449; end of Ch": null, "after 451": null, "c.440": null, "early 440s": null, "from 451": null, "d. c.443": null, "c.443-7": null }, "geometry": { "type": "Point", "coordinates": [ 32.42151163, 35.03704645 ] } },
{ "type": "Feature", "properties": { "diocese": "Oriens", "province": "Cyprus", "see": "Chytri", "metropolis": null, "patriarchal": null, "unlocated": null, "x": 33.49003227, "y": 35.24630997, "batlas": "72 C2 Chyt(h)roi", "pleiades": "https://pleiades.stoa.org/places/707496", "notes": null, "E431": null, "A445": null, "A448": null, "C448": null, "TB449": null, "C449": null, "E449": null, "Ch": "Photinus", "412-35": null, "428-31": null, "431": null, "434-46": null, "445-9": null, "449-51": null, "450": null, "450+": null, "?": null, "Ch; from 457": null, "TB449; end of Ch": null, "after 451": null, "c.440": null, "early 440s": null, "from 451": null, "d. c.443": null, "c.443-7": null }, "geometry": { "type": "Point", "coordinates": [ 33.49003227, 35.24630997 ] } },
{ "type": "Feature", "properties": { "diocese": "Oriens", "province": "Cyprus", "see": "Constantia", "metropolis": true, "patriarchal": null, "unlocated": null, "x": 33.9035157, "y": 35.17904289, "batlas": "72 D2 Salamis/Konstantia", "pleiades": "https://pleiades.stoa.org/places/707617", "notes": null, "E431": "Reginus", "A445": null, "A448": null, "C448": null, "TB449": null, "C449": null, "E449": "Olympius", "Ch": "Olympius", "412-35": null, "428-31": null, "431": null, "434-46": null, "445-9": null, "449-51": null, "450": null, "450+": null, "?": null, "Ch; from 457": null, "TB449; end of Ch": null, "after 451": null, "c.440": null, "early 440s": null, "from 451": null, "d. c.443": null, "c.443-7": null }, "geometry": { "type": "Point", "coordinates": [ 33.9035157, 35.17904289 ] } },
{ "type": "Feature", "properties": { "diocese": "Oriens", "province": "Cyprus", "see": "Curium", "metropolis": null, "patriarchal": null, "unlocated": null, "x": 32.88651915, "y": 34.66542901, "batlas": "72 B3 Kourion", "pleiades": "https://pleiades.stoa.org/places/707549", "notes": null, "E431": "Zeno", "A445": null, "A448": null, "C448": null, "TB449": null, "C449": null, "E449": null, "Ch": null, "412-35": null, "428-31": null, "431": null, "434-46": null, "445-9": null, "449-51": null, "450": null, "450+": null, "?": null, "Ch; from 457": null, "TB449; end of Ch": null, "after 451": null, "c.440": null, "early 440s": null, "from 451": null, "d. c.443": null, "c.443-7": null }, "geometry": { "type": "Point", "coordinates": [ 32.88651915, 34.66542901 ] } },
{ "type": "Feature", "properties": { "diocese": "Oriens", "province": "Cyprus", "see": "Lapethus", "metropolis": null, "patriarchal": null, "unlocated": null, "x": 33.1982038, "y": 35.35710747, "batlas": "72 C2 Lapethos/Lepethis Phoinikon", "pleiades": "https://pleiades.stoa.org/places/707555", "notes": null, "E431": null, "A445": null, "A448": null, "C448": null, "TB449": null, "C449": null, "E449": null, "Ch": "Didymus", "412-35": null, "428-31": null, "431": null, "434-46": null, "445-9": null, "449-51": null, "450": null, "450+": null, "?": null, "Ch; from 457": null, "TB449; end of Ch": null, "after 451": null, "c.440": null, "early 440s": null, "from 451": null, "d. c.443": null, "c.443-7": null }, "geometry": { "type": "Point", "coordinates": [ 33.1982038, 35.35710747 ] } },
{ "type": "Feature", "properties": { "diocese": "Oriens", "province": "Cyprus", "see": "Paphos", "metropolis": null, "patriarchal": null, "unlocated": null, "x": 32.40675768, "y": 34.7573473, "batlas": "72 A3 (Nea) Paphos", "pleiades": "https://pleiades.stoa.org/places/707586", "notes": null, "E431": "Sapricius", "A445": null, "A448": null, "C448": null, "TB449": null, "C449": null, "E449": null, "Ch": null, "412-35": null, "428-31": null, "431": null, "434-46": null, "445-9": null, "449-51": null, "450": null, "450+": null, "?": null, "Ch; from 457": null, "TB449; end of Ch": null, "after 451": null, "c.440": null, "early 440s": null, "from 451": null, "d. c.443": null, "c.443-7": null }, "geometry": { "type": "Point", "coordinates": [ 32.40675768, 34.7573473 ] } },
{ "type": "Feature", "properties": { "diocese": "Oriens", "province": "Cyprus", "see": "Soli", "metropolis": null, "patriarchal": null, "unlocated": null, "x": 32.81438446, "y": 35.138224, "batlas": "72 B2 Soloi/Aipeia?", "pleiades": "https://pleiades.stoa.org/places/707624", "notes": null, "E431": "Evagrius", "A445": null, "A448": null, "C448": null, "TB449": null, "C449": null, "E449": null, "Ch": "Epiphanius", "412-35": null, "428-31": null, "431": null, "434-46": null, "445-9": null, "449-51": null, "450": null, "450+": null, "?": null, "Ch; from 457": null, "TB449; end of Ch": null, "after 451": null, "c.440": null, "early 440s": null, "from 451": null, "d. c.443": null, "c.443-7": null }, "geometry": { "type": "Point", "coordinates": [ 32.81438446, 35.138224 ] } },
{ "type": "Feature", "properties": { "diocese": "Oriens", "province": "Cyprus", "see": "Tamasus", "metropolis": null, "patriarchal": null, "unlocated": null, "x": 33.2444268, "y": 35.02854936, "batlas": "72 C2 Tamassos", "pleiades": "https://pleiades.stoa.org/places/707628", "notes": null, "E431": null, "A445": null, "A448": null, "C448": null, "TB449": null, "C449": null, "E449": null, "Ch": "Epaphroditus", "412-35": null, "428-31": null, "431": null, "434-46": null, "445-9": null, "449-51": null, "450": null, "450+": null, "?": null, "Ch; from 457": null, "TB449; end of Ch": null, "after 451": null, "c.440": null, "early 440s": null, "from 451": null, "d. c.443": null, "c.443-7": null }, "geometry": { "type": "Point", "coordinates": [ 33.2444268, 35.02854936 ] } },
{ "type": "Feature", "properties": { "diocese": "Oriens", "province": "Cyprus", "see": "Theodosiane", "metropolis": null, "patriarchal": null, "unlocated": true, "x": 33.1606, "y": 35.0064, "batlas": null, "pleiades": null, "notes": "Theodosias is on the south side of the island", "E431": null, "A445": null, "A448": null, "C448": null, "TB449": null, "C449": null, "E449": null, "Ch": "Soteras", "412-35": null, "428-31": null, "431": null, "434-46": null, "445-9": null, "449-51": null, "450": null, "450+": null, "?": null, "Ch; from 457": null, "TB449; end of Ch": null, "after 451": null, "c.440": null, "early 440s": null, "from 451": null, "d. c.443": null, "c.443-7": null }, "geometry": { "type": "Point", "coordinates": [ 33.1606, 35.0064 ] } },
{ "type": "Feature", "properties": { "diocese": "Oriens", "province": "Euphratensis", "see": "Cyrrhus", "metropolis": null, "patriarchal": null, "unlocated": null, "x": 36.95938384, "y": 36.74480466, "batlas": "67 D3 Cyrrus/Hagioupolis", "pleiades": "https://pleiades.stoa.org/places/658446", "notes": null, "E431": null, "A445": null, "A448": null, "C448": null, "TB449": null, "C449": null, "E449": null, "Ch": "Theodoret", "412-35": null, "428-31": null, "431": null, "434-46": null, "445-9": null, "449-51": null, "450": null, "450+": null, "?": null, "Ch; from 457": null, "TB449; end of Ch": null, "after 451": null, "c.440": null, "early 440s": null, "from 451": null, "d. c.443": null, "c.443-7": null }, "geometry": { "type": "Point", "coordinates": [ 36.95938384, 36.74480466 ] } },
{ "type": "Feature", "properties": { "diocese": "Oriens", "province": "Euphratensis", "see": "Doliche", "metropolis": null, "patriarchal": null, "unlocated": null, "x": 37.34655204, "y": 37.12674185, "batlas": "67 E2 Doliche", "pleiades": "https://pleiades.stoa.org/places/658455", "notes": null, "E431": null, "A445": "Timothy", "A448": null, "C448": null, "TB449": null, "C449": null, "E449": null, "Ch": "Timothy", "412-35": null, "428-31": null, "431": null, "434-46": null, "445-9": null, "449-51": null, "450": null, "450+": null, "?": null, "Ch; from 457": null, "TB449; end of Ch": null, "after 451": null, "c.440": null, "early 440s": null, "from 451": null, "d. c.443": null, "c.443-7": null }, "geometry": { "type": "Point", "coordinates": [ 37.34655204, 37.12674185 ] } },
{ "type": "Feature", "properties": { "diocese": "Oriens", "province": "Euphratensis", "see": "Germanicia", "metropolis": null, "patriarchal": null, "unlocated": null, "x": 36.93430927, "y": 37.57996095, "batlas": "67 D1 Germanikeia", "pleiades": "https://pleiades.stoa.org/places/658474", "notes": null, "E431": null, "A445": null, "A448": null, "C448": null, "TB449": null, "C449": null, "E449": null, "Ch": "John", "412-35": null, "428-31": null, "431": null, "434-46": null, "445-9": null, "449-51": null, "450": null, "450+": null, "?": null, "Ch; from 457": null, "TB449; end of Ch": null, "after 451": null, "c.440": null, "early 440s": null, "from 451": null, "d. c.443": null, "c.443-7": null }, "geometry": { "type": "Point", "coordinates": [ 36.93430927, 37.57996095 ] } },
{ "type": "Feature", "properties": { "diocese": "Oriens", "province": "Euphratensis", "see": "Hierapolis", "metropolis": true, "patriarchal": null, "unlocated": null, "x": 37.95816842, "y": 36.52728068, "batlas": "67 F3 Hierapolis/Bambyke", "pleiades": "https://pleiades.stoa.org/places/658480", "notes": null, "E431": null, "A445": "John", "A448": "Stephen", "C448": null, "TB449": null, "C449": null, "E449": "Stephen", "Ch": "Stephen", "412-35": null, "428-31": null, "431": null, "434-46": null, "445-9": null, "449-51": null, "450": null, "450+": null, "?": null, "Ch; from 457": null, "TB449; end of Ch": null, "after 451": null, "c.440": null, "early 440s": "Panolbius", "from 451": null, "d. c.443": null, "c.443-7": null }, "geometry": { "type": "Point", "coordinates": [ 37.95816842, 36.52728068 ] } },
{ "type": "Feature", "properties": { "diocese": "Oriens", "province": "Euphratensis", "see": "Neocaesarea", "metropolis": null, "patriarchal": null, "unlocated": null, "x": 38.18327073, "y": 35.963163, "batlas": "68 F2 Athis/Neocaesarea", "pleiades": "https://pleiades.stoa.org/places/668201", "notes": null, "E431": null, "A445": null, "A448": null, "C448": null, "TB449": null, "C449": null, "E449": null, "Ch": "Patricius", "412-35": null, "428-31": null, "431": null, "434-46": null, "445-9": null, "449-51": null, "450": null, "450+": null, "?": null, "Ch; from 457": null, "TB449; end of Ch": null, "after 451": null, "c.440": null, "early 440s": null, "from 451": null, "d. c.443": null, "c.443-7": null }, "geometry": { "type": "Point", "coordinates": [ 38.18327073, 35.963163 ] } },
{ "type": "Feature", "properties": { "diocese": "Oriens", "province": "Euphratensis", "see": "Perrhe", "metropolis": null, "patriarchal": null, "unlocated": null, "x": 38.2979998, "y": 37.79448323, "batlas": "67 G1 Perre", "pleiades": "https://pleiades.stoa.org/places/658568", "notes": null, "E431": null, "A445": null, "A448": null, "C448": null, "TB449": null, "C449": null, "E449": null, "Ch": null, "412-35": null, "428-31": null, "431": null, "434-46": null, "445-9": "Sabinianus", "449-51": "Athanasius", "450": null, "450+": null, "?": null, "Ch; from 457": null, "TB449; end of Ch": null, "after 451": null, "c.440": "Athanasius", "early 440s": null, "from 451": "Sabinianus", "d. c.443": null, "c.443-7": null }, "geometry": { "type": "Point", "coordinates": [ 38.2979998, 37.79448323 ] } },
{ "type": "Feature", "properties": { "diocese": "Oriens", "province": "Euphratensis", "see": "Resapha", "metropolis": null, "patriarchal": null, "unlocated": null, "x": 38.7582394, "y": 35.6284564, "batlas": "68 G2 Resafa/Sergioupolis", "pleiades": "https://pleiades.stoa.org/places/668354", "notes": null, "E431": null, "A445": "Marianus", "A448": null, "C448": null, "TB449": null, "C449": null, "E449": null, "Ch": null, "412-35": null, "428-31": null, "431": null, "434-46": null, "445-9": null, "449-51": null, "450": null, "450+": null, "?": null, "Ch; from 457": null, "TB449; end of Ch": null, "after 451": null, "c.440": null, "early 440s": null, "from 451": null, "d. c.443": null, "c.443-7": null }, "geometry": { "type": "Point", "coordinates": [ 38.7582394, 35.6284564 ] } },
{ "type": "Feature", "properties": { "diocese": "Oriens", "province": "Euphratensis", "see": "Samosata", "metropolis": null, "patriarchal": null, "unlocated": null, "x": 38.530357, "y": 37.525756, "batlas": "67 H1 Samosata", "pleiades": "https://pleiades.stoa.org/places/658587", "notes": null, "E431": null, "A445": null, "A448": null, "C448": null, "TB449": null, "C449": null, "E449": "Rufinus", "Ch": "Rufinus", "412-35": null, "428-31": null, "431": null, "434-46": null, "445-9": null, "449-51": null, "450": null, "450+": null, "?": null, "Ch; from 457": null, "TB449; end of Ch": null, "after 451": null, "c.440": null, "early 440s": null, "from 451": null, "d. c.443": null, "c.443-7": null }, "geometry": { "type": "Point", "coordinates": [ 38.530357, 37.525756 ] } },
{ "type": "Feature", "properties": { "diocese": "Oriens", "province": "Euphratensis", "see": "Sura", "metropolis": null, "patriarchal": null, "unlocated": null, "x": 38.77919383, "y": 35.89766606, "batlas": "68 G2 Soura", "pleiades": "https://pleiades.stoa.org/places/668376", "notes": null, "E431": null, "A445": "Uranius", "A448": null, "C448": null, "TB449": null, "C449": null, "E449": null, "Ch": null, "412-35": null, "428-31": null, "431": null, "434-46": null, "445-9": null, "449-51": null, "450": null, "450+": null, "?": null, "Ch; from 457": null, "TB449; end of Ch": null, "after 451": null, "c.440": null, "early 440s": null, "from 451": null, "d. c.443": null, "c.443-7": null }, "geometry": { "type": "Point", "coordinates": [ 38.77919383, 35.89766606 ] } },
{ "type": "Feature", "properties": { "diocese": "Oriens", "province": "Euphratensis", "see": "Urima", "metropolis": null, "patriarchal": null, "unlocated": null, "x": 37.86563234, "y": 37.110367, "batlas": "67 F2 Ourima/Antiochia ad Euphratem/Arulis", "pleiades": "https://pleiades.stoa.org/places/658562", "notes": null, "E431": null, "A445": "Maras", "A448": null, "C448": null, "TB449": null, "C449": null, "E449": null, "Ch": null, "412-35": null, "428-31": null, "431": null, "434-46": null, "445-9": null, "449-51": null, "450": null, "450+": null, "?": null, "Ch; from 457": null, "TB449; end of Ch": null, "after 451": null, "c.440": null, "early 440s": null, "from 451": null, "d. c.443": null, "c.443-7": null }, "geometry": { "type": "Point", "coordinates": [ 37.86563234, 37.110367 ] } },
{ "type": "Feature", "properties": { "diocese": "Oriens", "province": "Euphratensis", "see": "Zeugma", "metropolis": null, "patriarchal": null, "unlocated": null, "x": 37.86989075, "y": 37.0577332, "batlas": "67 F2 Zeugma", "pleiades": "https://pleiades.stoa.org/places/658636", "notes": null, "E431": null, "A445": null, "A448": "Euolcius", "C448": null, "TB449": null, "C449": null, "E449": null, "Ch": "Euolcius", "412-35": null, "428-31": null, "431": null, "434-46": null, "445-9": null, "449-51": null, "450": null, "450+": null, "?": null, "Ch; from 457": null, "TB449; end of Ch": null, "after 451": null, "c.440": null, "early 440s": null, "from 451": null, "d. c.443": null, "c.443-7": null }, "geometry": { "type": "Point", "coordinates": [ 37.86989075, 37.0577332 ] } },
{ "type": "Feature", "properties": { "diocese": "Oriens", "province": "Isauria", "see": "Antioch", "metropolis": null, "patriarchal": null, "unlocated": null, "x": 32.42897367, "y": 36.15330295, "batlas": "66 A4 Antiochia ad Cragum", "pleiades": "https://pleiades.stoa.org/places/648560", "notes": null, "E431": null, "A445": null, "A448": null, "C448": null, "TB449": null, "C449": null, "E449": null, "Ch": "Acacius", "412-35": null, "428-31": null, "431": null, "434-46": null, "445-9": null, "449-51": null, "450": null, "450+": null, "?": null, "Ch; from 457": null, "TB449; end of Ch": null, "after 451": null, "c.440": null, "early 440s": null, "from 451": null, "d. c.443": null, "c.443-7": null }, "geometry": { "type": "Point", "coordinates": [ 32.42897367, 36.15330295 ] } },
{ "type": "Feature", "properties": { "diocese": "Oriens", "province": "Isauria", "see": "Celenderis", "metropolis": null, "patriarchal": null, "unlocated": null, "x": 33.323694, "y": 36.14412601, "batlas": "66 C4 Celenderis", "pleiades": "https://pleiades.stoa.org/places/648596", "notes": null, "E431": null, "A445": null, "A448": null, "C448": null, "TB449": null, "C449": null, "E449": null, "Ch": "Julius", "412-35": null, "428-31": null, "431": null, "434-46": null, "445-9": null, "449-51": null, "450": null, "450+": null, "?": null, "Ch; from 457": null, "TB449; end of Ch": null, "after 451": null, "c.440": null, "early 440s": null, "from 451": null, "d. c.443": null, "c.443-7": null }, "geometry": { "type": "Point", "coordinates": [ 33.323694, 36.14412601 ] } },
{ "type": "Feature", "properties": { "diocese": "Oriens", "province": "Isauria", "see": "Cestrus", "metropolis": null, "patriarchal": null, "unlocated": null, "x": 32.33710002, "y": 36.22747549, "batlas": "66 A4 Kaystros/Kestros", "pleiades": "https://pleiades.stoa.org/places/648665", "notes": null, "E431": null, "A445": null, "A448": null, "C448": null, "TB449": null, "C449": null, "E449": null, "Ch": "Epiphanius", "412-35": null, "428-31": null, "431": null, "434-46": null, "445-9": null, "449-51": null, "450": null, "450+": null, "?": null, "Ch; from 457": null, "TB449; end of Ch": null, "after 451": null, "c.440": null, "early 440s": null, "from 451": null, "d. c.443": null, "c.443-7": null }, "geometry": { "type": "Point", "coordinates": [ 32.33710002, 36.22747549 ] } },
{ "type": "Feature", "properties": { "diocese": "Oriens", "province": "Isauria", "see": "Claudiopolis", "metropolis": null, "patriarchal": null, "unlocated": null, "x": 33.43940333, "y": 36.64252433, "batlas": "66 C3 Ninica/Col. Iulia Augusta Felix/Claudiopolis", "pleiades": "https://pleiades.stoa.org/places/648723", "notes": null, "E431": null, "A445": null, "A448": null, "C448": null, "TB449": null, "C449": null, "E449": "Theodore", "Ch": "Theodore", "412-35": null, "428-31": null, "431": null, "434-46": null, "445-9": null, "449-51": null, "450": null, "450+": null, "?": null, "Ch; from 457": null, "TB449; end of Ch": null, "after 451": null, "c.440": null, "early 440s": null, "from 451": null, "d. c.443": null, "c.443-7": null }, "geometry": { "type": "Point", "coordinates": [ 33.43940333, 36.64252433 ] } },
{ "type": "Feature", "properties": { "diocese": "Oriens", "province": "Isauria", "see": "Diocaesarea", "metropolis": null, "patriarchal": null, "unlocated": null, "x": 33.9260585, "y": 36.58268444, "batlas": "66 D3 Diocaesarea", "pleiades": "https://pleiades.stoa.org/places/648623", "notes": null, "E431": null, "A445": null, "A448": null, "C448": null, "TB449": null, "C449": null, "E449": null, "Ch": "John", "412-35": null, "428-31": null, "431": null, "434-46": null, "445-9": null, "449-51": null, "450": null, "450+": null, "?": null, "Ch; from 457": null, "TB449; end of Ch": null, "after 451": null, "c.440": null, "early 440s": null, "from 451": null, "d. c.443": null, "c.443-7": null }, "geometry": { "type": "Point", "coordinates": [ 33.9260585, 36.58268444 ] } },
{ "type": "Feature", "properties": { "diocese": "Oriens", "province": "Isauria", "see": "Germanicopolis", "metropolis": null, "patriarchal": null, "unlocated": null, "x": 32.90045635, "y": 36.63470176, "batlas": "66 B3 Germanicopolis/Clibanus?", "pleiades": "https://pleiades.stoa.org/places/648635", "notes": null, "E431": null, "A445": null, "A448": null, "C448": null, "TB449": null, "C449": null, "E449": null, "Ch": "Tyrannus", "412-35": null, "428-31": null, "431": null, "434-46": null, "445-9": null, "449-51": null, "450": null, "450+": null, "?": null, "Ch; from 457": null, "TB449; end of Ch": null, "after 451": null, "c.440": null, "early 440s": null, "from 451": null, "d. c.443": null, "c.443-7": null }, "geometry": { "type": "Point", "coordinates": [ 32.90045635, 36.63470176 ] } },
{ "type": "Feature", "properties": { "diocese": "Oriens", "province": "Isauria", "see": "Iotape", "metropolis": null, "patriarchal": null, "unlocated": null, "x": 32.23681356, "y": 36.31996367, "batlas": "66 A4 Iotape", "pleiades": "https://pleiades.stoa.org/places/648650", "notes": null, "E431": null, "A445": null, "A448": null, "C448": null, "TB449": null, "C449": null, "E449": null, "Ch": "Ammonius", "412-35": null, "428-31": null, "431": null, "434-46": null, "445-9": null, "449-51": null, "450": null, "450+": null, "?": null, "Ch; from 457": null, "TB449; end of Ch": null, "after 451": null, "c.440": null, "early 440s": null, "from 451": null, "d. c.443": null, "c.443-7": null }, "geometry": { "type": "Point", "coordinates": [ 32.23681356, 36.31996367 ] } },
{ "type": "Feature", "properties": { "diocese": "Oriens", "province": "Isauria", "see": "Olba", "metropolis": null, "patriarchal": null, "unlocated": null, "x": 33.97097668, "y": 36.58524154, "batlas": "66 D3 Olba", "pleiades": "https://pleiades.stoa.org/places/648725", "notes": null, "E431": null, "A445": null, "A448": null, "C448": "Diapherontius", "TB449": null, "C449": null, "E449": null, "Ch": null, "412-35": null, "428-31": null, "431": null, "434-46": null, "445-9": null, "449-51": null, "450": null, "450+": null, "?": null, "Ch; from 457": null, "TB449; end of Ch": null, "after 451": null, "c.440": null, "early 440s": null, "from 451": null, "d. c.443": null, "c.443-7": null }, "geometry": { "type": "Point", "coordinates": [ 33.97097668, 36.58524154 ] } },
{ "type": "Feature", "properties": { "diocese": "Oriens", "province": "Isauria", "see": "Philadelphia", "metropolis": null, "patriarchal": null, "unlocated": null, "x": 33.0250915, "y": 36.622766, "batlas": "66 C3 Philadelpheia?", "pleiades": "https://pleiades.stoa.org/places/648736", "notes": null, "E431": null, "A445": null, "A448": null, "C448": null, "TB449": null, "C449": null, "E449": null, "Ch": "Matalus", "412-35": null, "428-31": null, "431": null, "434-46": null, "445-9": null, "449-51": null, "450": null, "450+": null, "?": null, "Ch; from 457": null, "TB449; end of Ch": null, "after 451": null, "c.440": null, "early 440s": null, "from 451": null, "d. c.443": null, "c.443-7": null }, "geometry": { "type": "Point", "coordinates": [ 33.0250915, 36.622766 ] } },
{ "type": "Feature", "properties": { "diocese": "Oriens", "province": "Isauria", "see": "Seleucia", "metropolis": true, "patriarchal": null, "unlocated": null, "x": 33.92113313, "y": 36.379274, "batlas": "66 D4 Seleucia ad Calycadnum/Tracheia", "pleiades": "https://pleiades.stoa.org/places/648771", "notes": null, "E431": null, "A445": null, "A448": null, "C448": "Basil", "TB449": null, "C449": "Basil", "E449": "Basil", "Ch": "Basil", "412-35": null, "428-31": null, "431": null, "434-46": null, "445-9": null, "449-51": null, "450": null, "450+": null, "?": null, "Ch; from 457": null, "TB449; end of Ch": null, "after 451": null, "c.440": null, "early 440s": null, "from 451": null, "d. c.443": null, "c.443-7": null }, "geometry": { "type": "Point", "coordinates": [ 33.92113313, 36.379274 ] } },
{ "type": "Feature", "properties": { "diocese": "Oriens", "province": "Isauria", "see": "Selinus", "metropolis": null, "patriarchal": null, "unlocated": null, "x": 32.28277517, "y": 36.2585256, "batlas": "66 A4 Selinous/Traianopolis", "pleiades": "https://pleiades.stoa.org/places/648772", "notes": null, "E431": null, "A445": null, "A448": null, "C448": null, "TB449": null, "C449": null, "E449": null, "Ch": "Aelianus", "412-35": null, "428-31": null, "431": null, "434-46": null, "445-9": null, "449-51": null, "450": null, "450+": null, "?": null, "Ch; from 457": null, "TB449; end of Ch": null, "after 451": null, "c.440": null, "early 440s": null, "from 451": null, "d. c.443": null, "c.443-7": null }, "geometry": { "type": "Point", "coordinates": [ 32.28277517, 36.2585256 ] } },
{ "type": "Feature", "properties": { "diocese": "Oriens", "province": "Isauria", "see": "Titiopolis", "metropolis": null, "patriarchal": null, "unlocated": null, "x": 32.80988165, "y": 36.0992856, "batlas": "66 B4 Titioupolis?", "pleiades": "https://pleiades.stoa.org/places/648796", "notes": null, "E431": null, "A445": null, "A448": null, "C448": null, "TB449": null, "C449": null, "E449": null, "Ch": "Pamprepius", "412-35": null, "428-31": null, "431": null, "434-46": null, "445-9": null, "449-51": null, "450": null, "450+": null, "?": null, "Ch; from 457": null, "TB449; end of Ch": null, "after 451": null, "c.440": null, "early 440s": null, "from 451": null, "d. c.443": null, "c.443-7": null }, "geometry": { "type": "Point", "coordinates": [ 32.80988165, 36.0992856 ] } },
{ "type": "Feature", "properties": { "diocese": "Oriens", "province": "Mesopotamia", "see": "Amida", "metropolis": true, "patriarchal": null, "unlocated": null, "x": 40.23410323, "y": 37.91198565, "batlas": "89 C3 Ad Tygrem/Amida", "pleiades": "https://pleiades.stoa.org/places/874298", "notes": null, "E431": null, "A445": null, "A448": "Symeon", "C448": null, "TB449": null, "C449": null, "E449": "Symeon", "Ch": "Symeon", "412-35": null, "428-31": null, "431": null, "434-46": null, "445-9": null, "449-51": null, "450": null, "450+": null, "?": null, "Ch; from 457": null, "TB449; end of Ch": null, "after 451": null, "c.440": null, "early 440s": null, "from 451": null, "d. c.443": null, "c.443-7": null }, "geometry": { "type": "Point", "coordinates": [ 40.23410323, 37.91198565 ] } },
{ "type": "Feature", "properties": { "diocese": "Oriens", "province": "Mesopotamia", "see": "Anzitene", "metropolis": null, "patriarchal": null, "unlocated": null, "x": 39.66840634, "y": 38.64211326, "batlas": "89 B2 Anzitene", "pleiades": "https://pleiades.stoa.org/places/874328", "notes": null, "E431": null, "A445": null, "A448": null, "C448": null, "TB449": null, "C449": null, "E449": null, "Ch": "Maras", "412-35": null, "428-31": null, "431": null, "434-46": null, "445-9": null, "449-51": null, "450": null, "450+": null, "?": null, "Ch; from 457": null, "TB449; end of Ch": null, "after 451": null, "c.440": null, "early 440s": null, "from 451": null, "d. c.443": null, "c.443-7": null }, "geometry": { "type": "Point", "coordinates": [ 39.66840634, 38.64211326 ] } },
{ "type": "Feature", "properties": { "diocese": "Oriens", "province": "Mesopotamia", "see": "Cephas", "metropolis": null, "patriarchal": null, "unlocated": null, "x": 41.4171544, "y": 37.72689111, "batlas": "89 D3 (Ris)Kepha(s)", "pleiades": "https://pleiades.stoa.org/places/874664", "notes": null, "E431": null, "A445": null, "A448": null, "C448": null, "TB449": null, "C449": null, "E449": null, "Ch": "Noah", "412-35": null, "428-31": null, "431": null, "434-46": null, "445-9": null, "449-51": null, "450": null, "450+": null, "?": null, "Ch; from 457": null, "TB449; end of Ch": null, "after 451": null, "c.440": null, "early 440s": null, "from 451": null, "d. c.443": null, "c.443-7": null }, "geometry": { "type": "Point", "coordinates": [ 41.4171544, 37.72689111 ] } },
{ "type": "Feature", "properties": { "diocese": "Oriens", "province": "Mesopotamia", "see": "Martyropolis", "metropolis": null, "patriarchal": null, "unlocated": null, "x": 41.003257, "y": 38.1427855, "batlas": "89 D2 Maipa/Martyropolis/Ioustinianopolis", "pleiades": "https://pleiades.stoa.org/places/874573", "notes": null, "E431": null, "A445": null, "A448": null, "C448": null, "TB449": null, "C449": null, "E449": null, "Ch": "Zebennus", "412-35": null, "428-31": null, "431": null, "434-46": null, "445-9": null, "449-51": null, "450": null, "450+": null, "?": null, "Ch; from 457": null, "TB449; end of Ch": null, "after 451": null, "c.440": null, "early 440s": null, "from 451": null, "d. c.443": null, "c.443-7": null }, "geometry": { "type": "Point", "coordinates": [ 41.003257, 38.1427855 ] } },
{ "type": "Feature", "properties": { "diocese": "Oriens", "province": "Osrhoene", "see": "Batnae", "metropolis": null, "patriarchal": null, "unlocated": null, "x": 38.424374, "y": 36.9763845, "batlas": "67 G3 Batnae/Markopolis", "pleiades": "https://pleiades.stoa.org/places/658405", "notes": null, "E431": null, "A445": null, "A448": "Dadas", "C448": null, "TB449": null, "C449": null, "E449": null, "Ch": null, "412-35": null, "428-31": null, "431": null, "434-46": null, "445-9": null, "449-51": null, "450": null, "450+": null, "?": null, "Ch; from 457": null, "TB449; end of Ch": null, "after 451": null, "c.440": null, "early 440s": null, "from 451": null, "d. c.443": null, "c.443-7": null }, "geometry": { "type": "Point", "coordinates": [ 38.424374, 36.9763845 ] } },
{ "type": "Feature", "properties": { "diocese": "Oriens", "province": "Osrhoene", "see": "Birtha", "metropolis": null, "patriarchal": null, "unlocated": null, "x": 37.97861032, "y": 37.02529752, "batlas": "67 F2 Birtha", "pleiades": "https://pleiades.stoa.org/places/658412", "notes": null, "E431": null, "A445": null, "A448": "Daniel", "C448": null, "TB449": null, "C449": null, "E449": null, "Ch": null, "412-35": null, "428-31": null, "431": null, "434-46": null, "445-9": null, "449-51": null, "450": null, "450+": null, "?": null, "Ch; from 457": null, "TB449; end of Ch": null, "after 451": null, "c.440": null, "early 440s": null, "from 451": null, "d. c.443": null, "c.443-7": null }, "geometry": { "type": "Point", "coordinates": [ 37.97861032, 37.02529752 ] } },
{ "type": "Feature", "properties": { "diocese": "Oriens", "province": "Osrhoene", "see": "Callinicum", "metropolis": null, "patriarchal": null, "unlocated": null, "x": 39.05962626, "y": 35.94575212, "batlas": "68 G2 Nicephorium/Callinicum/Leontopolis", "pleiades": "https://pleiades.stoa.org/places/668318", "notes": null, "E431": null, "A445": null, "A448": null, "C448": null, "TB449": null, "C449": null, "E449": null, "Ch": "Damian", "412-35": null, "428-31": null, "431": null, "434-46": null, "445-9": null, "449-51": null, "450": null, "450+": null, "?": null, "Ch; from 457": null, "TB449; end of Ch": null, "after 451": null, "c.440": null, "early 440s": null, "from 451": null, "d. c.443": null, "c.443-7": null }, "geometry": { "type": "Point", "coordinates": [ 39.05962626, 35.94575212 ] } },
{ "type": "Feature", "properties": { "diocese": "Oriens", "province": "Osrhoene", "see": "Carrhae", "metropolis": null, "patriarchal": null, "unlocated": null, "x": 39.02811473, "y": 36.86148617, "batlas": "67 H3 Carrhae", "pleiades": "https://pleiades.stoa.org/places/658427", "notes": null, "E431": null, "A445": "Daniel", "A448": null, "C448": null, "TB449": "Daniel", "C449": null, "E449": null, "Ch": "John", "412-35": null, "428-31": null, "431": null, "434-46": null, "445-9": null, "449-51": null, "450": null, "450+": null, "?": null, "Ch; from 457": null, "TB449; end of Ch": null, "after 451": null, "c.440": null, "early 440s": null, "from 451": null, "d. c.443": null, "c.443-7": null }, "geometry": { "type": "Point", "coordinates": [ 39.02811473, 36.86148617 ] } },
{ "type": "Feature", "properties": { "diocese": "Oriens", "province": "Osrhoene", "see": "Circesium", "metropolis": null, "patriarchal": null, "unlocated": null, "x": 40.430045, "y": 35.15553686, "batlas": "91 B2 Circesium/Qarquza/Habora/Phaliga?", "pleiades": "https://pleiades.stoa.org/places/893974", "notes": null, "E431": null, "A445": null, "A448": null, "C448": null, "TB449": null, "C449": null, "E449": null, "Ch": "Abramius", "412-35": null, "428-31": null, "431": null, "434-46": null, "445-9": null, "449-51": null, "450": null, "450+": null, "?": null, "Ch; from 457": null, "TB449; end of Ch": null, "after 451": null, "c.440": null, "early 440s": null, "from 451": null, "d. c.443": null, "c.443-7": null }, "geometry": { "type": "Point", "coordinates": [ 40.430045, 35.15553686 ] } },
{ "type": "Feature", "properties": { "diocese": "Oriens", "province": "Osrhoene", "see": "Constantia", "metropolis": null, "patriarchal": null, "unlocated": null, "x": 39.76501226, "y": 37.23230167, "batlas": "89 B3 Antiochia Arabis/Antoninopolis/Tella/Constantia/Maximianopolis", "pleiades": "https://pleiades.stoa.org/places/874324", "notes": null, "E431": null, "A445": "Sophronius", "A448": null, "C448": null, "TB449": null, "C449": null, "E449": null, "Ch": "Sophronius", "412-35": null, "428-31": null, "431": null, "434-46": null, "445-9": null, "449-51": null, "450": null, "450+": null, "?": null, "Ch; from 457": null, "TB449; end of Ch": null, "after 451": null, "c.440": null, "early 440s": null, "from 451": null, "d. c.443": null, "c.443-7": null }, "geometry": { "type": "Point", "coordinates": [ 39.76501226, 37.23230167 ] } },
{ "type": "Feature", "properties": { "diocese": "Oriens", "province": "Osrhoene", "see": "Edessa", "metropolis": true, "patriarchal": null, "unlocated": null, "x": 38.786696, "y": 37.14653275, "batlas": "67 H2 Edessa/Antiochia ad Callirhoem", "pleiades": "https://pleiades.stoa.org/places/658457", "notes": null, "E431": null, "A445": null, "A448": null, "C448": null, "TB449": null, "C449": null, "E449": null, "Ch": null, "412-35": "Rabbula", "428-31": null, "431": null, "434-46": null, "445-9": null, "449-51": null, "450": null, "450+": null, "?": null, "Ch; from 457": "Nonnus", "TB449; end of Ch": "Ibas", "after 451": null, "c.440": null, "early 440s": null, "from 451": null, "d. c.443": null, "c.443-7": null }, "geometry": { "type": "Point", "coordinates": [ 38.786696, 37.14653275 ] } },
{ "type": "Feature", "properties": { "diocese": "Oriens", "province": "Osrhoene", "see": "Hemerium", "metropolis": null, "patriarchal": null, "unlocated": true, "x": 39.3634, "y": 36.8684, "batlas": null, "pleiades": null, "notes": "Has not been rediscovered.", "E431": null, "A445": null, "A448": null, "C448": null, "TB449": "Uranius", "C449": null, "E449": "Uranius", "Ch": null, "412-35": null, "428-31": null, "431": null, "434-46": null, "445-9": null, "449-51": null, "450": null, "450+": null, "?": null, "Ch; from 457": null, "TB449; end of Ch": null, "after 451": null, "c.440": null, "early 440s": null, "from 451": null, "d. c.443": null, "c.443-7": null }, "geometry": { "type": "Point", "coordinates": [ 39.3634, 36.8684 ] } },
{ "type": "Feature", "properties": { "diocese": "Oriens", "province": "Osrhoene", "see": "Macedonopolis", "metropolis": null, "patriarchal": null, "unlocated": null, "x": 37.97861032, "y": 37.02529752, "batlas": "67 F2 Birtha", "pleiades": "https://pleiades.stoa.org/places/658412", "notes": null, "E431": null, "A445": null, "A448": null, "C448": null, "TB449": null, "C449": null, "E449": null, "Ch": "Daniel", "412-35": null, "428-31": null, "431": null, "434-46": null, "445-9": null, "449-51": null, "450": null, "450+": null, "?": null, "Ch; from 457": null, "TB449; end of Ch": null, "after 451": null, "c.440": null, "early 440s": null, "from 451": null, "d. c.443": null, "c.443-7": null }, "geometry": { "type": "Point", "coordinates": [ 37.97861032, 37.02529752 ] } },
{ "type": "Feature", "properties": { "diocese": "Oriens", "province": "Osrhoene", "see": "Marcopolis", "metropolis": null, "patriarchal": null, "unlocated": null, "x": 38.424374, "y": 36.9763845, "batlas": "67 G3 Batnae/Markopolis", "pleiades": "https://pleiades.stoa.org/places/658405", "notes": null, "E431": null, "A445": null, "A448": null, "C448": null, "TB449": null, "C449": null, "E449": null, "Ch": "Caiumas", "412-35": null, "428-31": null, "431": null, "434-46": null, "445-9": null, "449-51": null, "450": null, "450+": null, "?": null, "Ch; from 457": null, "TB449; end of Ch": null, "after 451": null, "c.440": null, "early 440s": null, "from 451": null, "d. c.443": null, "c.443-7": null }, "geometry": { "type": "Point", "coordinates": [ 38.424374, 36.9763845 ] } },
{ "type": "Feature", "properties": { "diocese": "Oriens", "province": "Osrhoene", "see": "Theodosiopolis", "metropolis": null, "patriarchal": null, "unlocated": null, "x": 40.05095713, "y": 36.8340398, "batlas": "89 C4 Resaina/Theodosiopolis", "pleiades": "https://pleiades.stoa.org/places/874662", "notes": null, "E431": null, "A445": "John", "A448": null, "C448": null, "TB449": "John", "C449": null, "E449": null, "Ch": null, "412-35": null, "428-31": null, "431": null, "434-46": null, "445-9": null, "449-51": null, "450": null, "450+": null, "?": null, "Ch; from 457": null, "TB449; end of Ch": null, "after 451": null, "c.440": null, "early 440s": null, "from 451": null, "d. c.443": null, "c.443-7": null }, "geometry": { "type": "Point", "coordinates": [ 40.05095713, 36.8340398 ] } },
{ "type": "Feature", "properties": { "diocese": "Oriens", "province": "Palestine I", "see": "Anthedon", "metropolis": null, "patriarchal": null, "unlocated": null, "x": 34.47975, "y": 31.536326, "batlas": "70 E2 Anthedon/Agrippias", "pleiades": "https://pleiades.stoa.org/places/687826", "notes": null, "E431": "Paul", "A445": null, "A448": null, "C448": null, "TB449": null, "C449": "Paul", "E449": null, "Ch": "Paul", "412-35": null, "428-31": null, "431": null, "434-46": null, "445-9": null, "449-51": null, "450": null, "450+": null, "?": null, "Ch; from 457": null, "TB449; end of Ch": null, "after 451": null, "c.440": null, "early 440s": null, "from 451": null, "d. c.443": null, "c.443-7": null }, "geometry": { "type": "Point", "coordinates": [ 34.47975, 31.536326 ] } },
{ "type": "Feature", "properties": { "diocese": "Oriens", "province": "Palestine I", "see": "Antipatris", "metropolis": null, "patriarchal": null, "unlocated": null, "x": 34.93130304, "y": 32.10495767, "batlas": "70 F1 Pegai/Antipatris/Arethousa?", "pleiades": "https://pleiades.stoa.org/places/687996", "notes": null, "E431": null, "A445": null, "A448": null, "C448": null, "TB449": null, "C449": null, "E449": "Polychronius", "Ch": "Polychronius", "412-35": null, "428-31": null, "431": null, "434-46": null, "445-9": null, "449-51": null, "450": null, "450+": null, "?": null, "Ch; from 457": null, "TB449; end of Ch": null, "after 451": null, "c.440": null, "early 440s": null, "from 451": null, "d. c.443": null, "c.443-7": null }, "geometry": { "type": "Point", "coordinates": [ 34.93130304, 32.10495767 ] } },
{ "type": "Feature", "properties": { "diocese": "Oriens", "province": "Palestine I", "see": "Ascalon", "metropolis": null, "patriarchal": null, "unlocated": null, "x": 34.55052147, "y": 31.66479721, "batlas": "70 F2 Ashqelon/Ascalon", "pleiades": "https://pleiades.stoa.org/places/687839", "notes": null, "E431": null, "A445": null, "A448": null, "C448": null, "TB449": null, "C449": null, "E449": "Leontius", "Ch": "Leontius", "412-35": null, "428-31": null, "431": null, "434-46": null, "445-9": null, "449-51": null, "450": null, "450+": null, "?": null, "Ch; from 457": null, "TB449; end of Ch": null, "after 451": null, "c.440": null, "early 440s": null, "from 451": null, "d. c.443": null, "c.443-7": null }, "geometry": { "type": "Point", "coordinates": [ 34.55052147, 31.66479721 ] } },
{ "type": "Feature", "properties": { "diocese": "Oriens", "province": "Palestine I", "see": "Azotus", "metropolis": null, "patriarchal": null, "unlocated": null, "x": 34.65805707, "y": 31.75565717, "batlas": "70 F2 Ashdod/Azotos (Mesogeios)", "pleiades": "https://pleiades.stoa.org/places/687838", "notes": null, "E431": null, "A445": null, "A448": null, "C448": null, "TB449": null, "C449": null, "E449": "Heraclius", "Ch": "Heraclius", "412-35": null, "428-31": null, "431": null, "434-46": null, "445-9": null, "449-51": null, "450": null, "450+": null, "?": null, "Ch; from 457": null, "TB449; end of Ch": null, "after 451": null, "c.440": null, "early 440s": null, "from 451": null, "d. c.443": null, "c.443-7": null }, "geometry": { "type": "Point", "coordinates": [ 34.65805707, 31.75565717 ] } },
{ "type": "Feature", "properties": { "diocese": "Oriens", "province": "Palestine I", "see": "Bacatha", "metropolis": null, "patriarchal": null, "unlocated": true, "x": 34.736, "y": 31.8321, "batlas": null, "pleiades": null, "notes": "Unlocated", "E431": null, "A445": null, "A448": null, "C448": null, "TB449": null, "C449": null, "E449": "Alypius", "Ch": null, "412-35": null, "428-31": null, "431": null, "434-46": null, "445-9": null, "449-51": null, "450": null, "450+": null, "?": null, "Ch; from 457": null, "TB449; end of Ch": null, "after 451": null, "c.440": null, "early 440s": null, "from 451": null, "d. c.443": null, "c.443-7": null }, "geometry": { "type": "Point", "coordinates": [ 34.736, 31.8321 ] } },
{ "type": "Feature", "properties": { "diocese": "Oriens", "province": "Palestine I", "see": "Caesarea", "metropolis": true, "patriarchal": null, "unlocated": null, "x": 34.89252954, "y": 32.50190824, "batlas": "69 A4 Stratonos Pyrgos/Caesarea", "pleiades": "https://pleiades.stoa.org/places/678401", "notes": null, "E431": null, "A445": null, "A448": null, "C448": null, "TB449": null, "C449": null, "E449": null, "Ch": "Glycon", "412-35": null, "428-31": null, "431": null, "434-46": null, "445-9": null, "449-51": null, "450": null, "450+": null, "?": null, "Ch; from 457": null, "TB449; end of Ch": null, "after 451": null, "c.440": null, "early 440s": null, "from 451": null, "d. c.443": null, "c.443-7": null }, "geometry": { "type": "Point", "coordinates": [ 34.89252954, 32.50190824 ] } },
{ "type": "Feature", "properties": { "diocese": "Oriens", "province": "Palestine I", "see": "Gaza", "metropolis": null, "patriarchal": null, "unlocated": null, "x": 34.45155432, "y": 31.5202095, "batlas": "70 E2 Gaza", "pleiades": "https://pleiades.stoa.org/places/687902", "notes": null, "E431": "Natiras", "A445": null, "A448": null, "C448": null, "TB449": null, "C449": "Natiras", "E449": "Marianus", "Ch": "Natiras", "412-35": null, "428-31": null, "431": null, "434-46": null, "445-9": null, "449-51": null, "450": null, "450+": null, "?": null, "Ch; from 457": null, "TB449; end of Ch": null, "after 451": null, "c.440": null, "early 440s": null, "from 451": null, "d. c.443": null, "c.443-7": null }, "geometry": { "type": "Point", "coordinates": [ 34.45155432, 31.5202095 ] } },
{ "type": "Feature", "properties": { "diocese": "Oriens", "province": "Palestine I", "see": "Gerara", "metropolis": null, "patriarchal": null, "unlocated": null, "x": 34.60610063, "y": 31.38186, "batlas": "70 F3 Gerar", "pleiades": "https://pleiades.stoa.org/places/687907", "notes": null, "E431": null, "A445": null, "A448": null, "C448": null, "TB449": null, "C449": null, "E449": null, "Ch": "Marcian", "412-35": null, "428-31": null, "431": null, "434-46": null, "445-9": null, "449-51": null, "450": null, "450+": null, "?": null, "Ch; from 457": null, "TB449; end of Ch": null, "after 451": null, "c.440": null, "early 440s": null, "from 451": null, "d. c.443": null, "c.443-7": null }, "geometry": { "type": "Point", "coordinates": [ 34.60610063, 31.38186 ] } },
{ "type": "Feature", "properties": { "diocese": "Oriens", "province": "Palestine I", "see": "Jamnia", "metropolis": null, "patriarchal": null, "unlocated": null, "x": 34.69901924, "y": 31.92852487, "batlas": "70 F2 Iamneia Paralios", "pleiades": "https://pleiades.stoa.org/places/687926", "notes": null, "E431": null, "A445": null, "A448": null, "C448": null, "TB449": null, "C449": null, "E449": null, "Ch": "Stephen", "412-35": null, "428-31": null, "431": null, "434-46": null, "445-9": null, "449-51": null, "450": null, "450+": null, "?": null, "Ch; from 457": null, "TB449; end of Ch": null, "after 451": null, "c.440": null, "early 440s": null, "from 451": null, "d. c.443": null, "c.443-7": null }, "geometry": { "type": "Point", "coordinates": [ 34.69901924, 31.92852487 ] } },
{ "type": "Feature", "properties": { "diocese": "Oriens", "province": "Palestine I", "see": "Jerusalem", "metropolis": null, "patriarchal": true, "unlocated": null, "x": 35.23530737, "y": 31.77690951, "batlas": "70 G2 Ierusalem/Hierosolyma/Col. Aelia Capitolina", "pleiades": "https://pleiades.stoa.org/places/687928", "notes": null, "E431": "Juvenal", "A445": null, "A448": null, "C448": null, "TB449": null, "C449": null, "E449": "Juvenal", "Ch": "Juvenal", "412-35": null, "428-31": null, "431": null, "434-46": null, "445-9": null, "449-51": null, "450": null, "450+": null, "?": null, "Ch; from 457": null, "TB449; end of Ch": null, "after 451": null, "c.440": null, "early 440s": null, "from 451": null, "d. c.443": null, "c.443-7": null }, "geometry": { "type": "Point", "coordinates": [ 35.23530737, 31.77690951 ] } },
{ "type": "Feature", "properties": { "diocese": "Oriens", "province": "Palestine I", "see": "Joppa", "metropolis": null, "patriarchal": null, "unlocated": null, "x": 34.75009418, "y": 32.053079, "batlas": "70 F1 Ioppe", "pleiades": "https://pleiades.stoa.org/places/687931", "notes": null, "E431": "Fidus", "A445": null, "A448": null, "C448": null, "TB449": null, "C449": null, "E449": null, "Ch": null, "412-35": null, "428-31": null, "431": null, "434-46": null, "445-9": null, "449-51": null, "450": null, "450+": null, "?": null, "Ch; from 457": null, "TB449; end of Ch": null, "after 451": null, "c.440": null, "early 440s": null, "from 451": null, "d. c.443": null, "c.443-7": null }, "geometry": { "type": "Point", "coordinates": [ 34.75009418, 32.053079 ] } },
{ "type": "Feature", "properties": { "diocese": "Oriens", "province": "Palestine I", "see": "Livias", "metropolis": null, "patriarchal": null, "unlocated": null, "x": 35.67267868, "y": 31.833847, "batlas": "71 B2 Livias", "pleiades": "https://pleiades.stoa.org/places/697697", "notes": null, "E431": "Letoeus", "A445": null, "A448": null, "C448": null, "TB449": null, "C449": null, "E449": "Pancratius", "Ch": "Pancratius", "412-35": null, "428-31": null, "431": null, "434-46": null, "445-9": null, "449-51": null, "450": null, "450+": null, "?": null, "Ch; from 457": null, "TB449; end of Ch": null, "after 451": null, "c.440": null, "early 440s": null, "from 451": null, "d. c.443": null, "c.443-7": null }, "geometry": { "type": "Point", "coordinates": [ 35.67267868, 31.833847 ] } },
{ "type": "Feature", "properties": { "diocese": "Oriens", "province": "Palestine I", "see": "Lydda", "metropolis": null, "patriarchal": null, "unlocated": null, "x": 34.892378, "y": 31.95713571, "batlas": "70 F2 Lydda/Diospolis/Georgioupolis", "pleiades": "https://pleiades.stoa.org/places/687953", "notes": null, "E431": null, "A445": null, "A448": null, "C448": null, "TB449": null, "C449": null, "E449": "Photinus", "Ch": "Photinus", "412-35": null, "428-31": null, "431": null, "434-46": null, "445-9": null, "449-51": null, "450": null, "450+": null, "?": null, "Ch; from 457": null, "TB449; end of Ch": null, "after 451": null, "c.440": null, "early 440s": null, "from 451": null, "d. c.443": null, "c.443-7": null }, "geometry": { "type": "Point", "coordinates": [ 34.892378, 31.95713571 ] } },
{ "type": "Feature", "properties": { "diocese": "Oriens", "province": "Palestine I", "see": "Maiuma", "metropolis": null, "patriarchal": null, "unlocated": null, "x": 34.56582535, "y": 31.68915248, "batlas": "70 F2 Maioma Ascalonitis", "pleiades": "https://pleiades.stoa.org/places/687959", "notes": null, "E431": "Paulianus", "A445": null, "A448": null, "C448": null, "TB449": null, "C449": null, "E449": "Paul", "Ch": null, "412-35": null, "428-31": null, "431": null, "434-46": null, "445-9": null, "449-51": null, "450": null, "450+": null, "?": null, "Ch; from 457": null, "TB449; end of Ch": null, "after 451": null, "c.440": null, "early 440s": null, "from 451": null, "d. c.443": null, "c.443-7": null }, "geometry": { "type": "Point", "coordinates": [ 34.56582535, 31.68915248 ] } },
{ "type": "Feature", "properties": { "diocese": "Oriens", "province": "Palestine I", "see": "Menois", "metropolis": null, "patriarchal": null, "unlocated": null, "x": 34.40009076, "y": 31.334516, "batlas": "70 E3 Maon/Menoeis/Castrum Moenoenum", "pleiades": "https://pleiades.stoa.org/places/687964", "notes": null, "E431": null, "A445": null, "A448": null, "C448": null, "TB449": null, "C449": null, "E449": "Zosimus", "Ch": "Zosimus", "412-35": null, "428-31": null, "431": null, "434-46": null, "445-9": null, "449-51": null, "450": null, "450+": null, "?": null, "Ch; from 457": null, "TB449; end of Ch": null, "after 451": null, "c.440": null, "early 440s": null, "from 451": null, "d. c.443": null, "c.443-7": null }, "geometry": { "type": "Point", "coordinates": [ 34.40009076, 31.334516 ] } },
{ "type": "Feature", "properties": { "diocese": "Oriens", "province": "Palestine I", "see": "Parembole", "metropolis": null, "patriarchal": null, "unlocated": true, "x": 34.736, "y": 31.8321, "batlas": null, "pleiades": null, "notes": "Parembole refers to \"encampment\" in Greek. Known to be in Palestine but unlocated.", "E431": "Peter", "A445": null, "A448": null, "C448": null, "TB449": null, "C449": null, "E449": "Auxilaus", "Ch": "John", "412-35": null, "428-31": null, "431": null, "434-46": null, "445-9": null, "449-51": null, "450": null, "450+": null, "?": null, "Ch; from 457": null, "TB449; end of Ch": null, "after 451": null, "c.440": null, "early 440s": null, "from 451": null, "d. c.443": null, "c.443-7": null }, "geometry": { "type": "Point", "coordinates": [ 34.736, 31.8321 ] } },
{ "type": "Feature", "properties": { "diocese": "Oriens", "province": "Palestine I", "see": "Raphia", "metropolis": null, "patriarchal": null, "unlocated": null, "x": 34.24260872, "y": 31.290688, "batlas": "70 E3 Raphia", "pleiades": "https://pleiades.stoa.org/places/688015", "notes": null, "E431": "Romanus", "A445": null, "A448": null, "C448": null, "TB449": null, "C449": null, "E449": null, "Ch": null, "412-35": null, "428-31": null, "431": null, "434-46": null, "445-9": null, "449-51": null, "450": null, "450+": null, "?": null, "Ch; from 457": null, "TB449; end of Ch": null, "after 451": null, "c.440": null, "early 440s": null, "from 451": null, "d. c.443": null, "c.443-7": null }, "geometry": { "type": "Point", "coordinates": [ 34.24260872, 31.290688 ] } },
{ "type": "Feature", "properties": { "diocese": "Oriens", "province": "Palestine I", "see": "Sebaste", "metropolis": null, "patriarchal": null, "unlocated": null, "x": 35.19515599, "y": 32.27501521, "batlas": "69 B5 Samaria/Sebaste", "pleiades": "https://pleiades.stoa.org/places/678370", "notes": null, "E431": null, "A445": null, "A448": null, "C448": null, "TB449": null, "C449": null, "E449": "Constantius", "Ch": null, "412-35": null, "428-31": null, "431": null, "434-46": null, "445-9": null, "449-51": null, "450": null, "450+": null, "?": null, "Ch; from 457": null, "TB449; end of Ch": null, "after 451": null, "c.440": null, "early 440s": null, "from 451": null, "d. c.443": null, "c.443-7": null }, "geometry": { "type": "Point", "coordinates": [ 35.19515599, 32.27501521 ] } },
{ "type": "Feature", "properties": { "diocese": "Oriens", "province": "Palestine I", "see": "Sozusa", "metropolis": null, "patriarchal": null, "unlocated": null, "x": 34.81054656, "y": 32.19622207, "batlas": "69 A5 Apollonia/Sozousa", "pleiades": "https://pleiades.stoa.org/places/678025", "notes": null, "E431": null, "A445": null, "A448": null, "C448": null, "TB449": null, "C449": null, "E449": "Baruchius", "Ch": null, "412-35": null, "428-31": null, "431": null, "434-46": null, "445-9": null, "449-51": null, "450": null, "450+": null, "?": null, "Ch; from 457": null, "TB449; end of Ch": null, "after 451": null, "c.440": null, "early 440s": null, "from 451": null, "d. c.443": null, "c.443-7": null }, "geometry": { "type": "Point", "coordinates": [ 34.81054656, 32.19622207 ] } },
{ "type": "Feature", "properties": { "diocese": "Oriens", "province": "Palestine I", "see": "Sycamazon", "metropolis": null, "patriarchal": null, "unlocated": null, "x": 34.372228, "y": 31.41288, "batlas": "70 E3 Sykomazon", "pleiades": "https://pleiades.stoa.org/places/688036", "notes": null, "E431": "Aeanes", "A445": null, "A448": null, "C448": null, "TB449": null, "C449": null, "E449": "Dionysius", "Ch": null, "412-35": null, "428-31": null, "431": null, "434-46": null, "445-9": null, "449-51": null, "450": null, "450+": null, "?": null, "Ch; from 457": null, "TB449; end of Ch": null, "after 451": null, "c.440": null, "early 440s": null, "from 451": null, "d. c.443": null, "c.443-7": null }, "geometry": { "type": "Point", "coordinates": [ 34.372228, 31.41288 ] } },
{ "type": "Feature", "properties": { "diocese": "Oriens", "province": "Palestine II", "see": "Capitolias", "metropolis": null, "patriarchal": null, "unlocated": null, "x": 35.85830011, "y": 32.59860707, "batlas": "69 C4 Kapitolias", "pleiades": "https://pleiades.stoa.org/places/678224", "notes": null, "E431": null, "A445": null, "A448": null, "C448": null, "TB449": null, "C449": null, "E449": null, "Ch": "Anianus", "412-35": null, "428-31": null, "431": null, "434-46": null, "445-9": null, "449-51": null, "450": null, "450+": null, "?": null, "Ch; from 457": null, "TB449; end of Ch": null, "after 451": null, "c.440": null, "early 440s": null, "from 451": null, "d. c.443": null, "c.443-7": null }, "geometry": { "type": "Point", "coordinates": [ 35.85830011, 32.59860707 ] } },
{ "type": "Feature", "properties": { "diocese": "Oriens", "province": "Palestine II", "see": "Gabae", "metropolis": null, "patriarchal": null, "unlocated": null, "x": 35.10688879, "y": 32.730365, "batlas": "69 B4 Gaba?", "pleiades": "https://pleiades.stoa.org/places/678137", "notes": null, "E431": "Rufinus", "A445": null, "A448": null, "C448": null, "TB449": null, "C449": null, "E449": null, "Ch": null, "412-35": null, "428-31": null, "431": null, "434-46": null, "445-9": null, "449-51": null, "450": null, "450+": null, "?": null, "Ch; from 457": null, "TB449; end of Ch": null, "after 451": null, "c.440": null, "early 440s": null, "from 451": null, "d. c.443": null, "c.443-7": null }, "geometry": { "type": "Point", "coordinates": [ 35.10688879, 32.730365 ] } },
{ "type": "Feature", "properties": { "diocese": "Oriens", "province": "Palestine II", "see": "Gadara", "metropolis": null, "patriarchal": null, "unlocated": null, "x": 35.67720968, "y": 32.65608033, "batlas": "69 C4 Gadara/Pompeia", "pleiades": "https://pleiades.stoa.org/places/678142", "notes": null, "E431": "Theodore", "A445": null, "A448": null, "C448": null, "TB449": null, "C449": null, "E449": null, "Ch": "John", "412-35": null, "428-31": null, "431": null, "434-46": null, "445-9": null, "449-51": null, "450": null, "450+": null, "?": null, "Ch; from 457": null, "TB449; end of Ch": null, "after 451": null, "c.440": null, "early 440s": null, "from 451": null, "d. c.443": null, "c.443-7": null }, "geometry": { "type": "Point", "coordinates": [ 35.67720968, 32.65608033 ] } },
{ "type": "Feature", "properties": { "diocese": "Oriens", "province": "Palestine II", "see": "Pella", "metropolis": null, "patriarchal": null, "unlocated": null, "x": 35.61491581, "y": 32.44959055, "batlas": "69 C5 Pella/Berenice/Philippeia", "pleiades": "https://pleiades.stoa.org/places/678326", "notes": null, "E431": null, "A445": null, "A448": null, "C448": null, "TB449": null, "C449": null, "E449": "Zebennus", "Ch": "Zebennus", "412-35": null, "428-31": null, "431": null, "434-46": null, "445-9": null, "449-51": null, "450": null, "450+": null, "?": null, "Ch; from 457": null, "TB449; end of Ch": null, "after 451": null, "c.440": null, "early 440s": null, "from 451": null, "d. c.443": null, "c.443-7": null }, "geometry": { "type": "Point", "coordinates": [ 35.61491581, 32.44959055 ] } },
{ "type": "Feature", "properties": { "diocese": "Oriens", "province": "Palestine II", "see": "Scythopolis", "metropolis": true, "patriarchal": null, "unlocated": null, "x": 35.50309163, "y": 32.5036976, "batlas": "69 C4 Scythopolis/Nysa", "pleiades": "https://pleiades.stoa.org/places/678378", "notes": null, "E431": null, "A445": null, "A448": null, "C448": null, "TB449": null, "C449": null, "E449": null, "Ch": "Severianus", "412-35": null, "428-31": null, "431": null, "434-46": null, "445-9": null, "449-51": null, "450": null, "450+": null, "?": null, "Ch; from 457": null, "TB449; end of Ch": null, "after 451": null, "c.440": null, "early 440s": null, "from 451": null, "d. c.443": null, "c.443-7": null }, "geometry": { "type": "Point", "coordinates": [ 35.50309163, 32.5036976 ] } },
{ "type": "Feature", "properties": { "diocese": "Oriens", "province": "Palestine II", "see": "Tiberias", "metropolis": null, "patriarchal": null, "unlocated": null, "x": 35.542294, "y": 32.78764756, "batlas": "69 C4 Tiberias", "pleiades": "https://pleiades.stoa.org/places/678431", "notes": null, "E431": null, "A445": null, "A448": null, "C448": null, "TB449": null, "C449": null, "E449": "John", "Ch": "John", "412-35": null, "428-31": null, "431": null, "434-46": null, "445-9": null, "449-51": null, "450": null, "450+": null, "?": null, "Ch; from 457": null, "TB449; end of Ch": null, "after 451": null, "c.440": null, "early 440s": null, "from 451": null, "d. c.443": null, "c.443-7": null }, "geometry": { "type": "Point", "coordinates": [ 35.542294, 32.78764756 ] } },
{ "type": "Feature", "properties": { "diocese": "Oriens", "province": "Palestine III", "see": "Aela", "metropolis": null, "patriarchal": null, "unlocated": null, "x": 34.99993989, "y": 29.53061157, "batlas": "76 F2 Aelana/Aila", "pleiades": "https://pleiades.stoa.org/places/746700", "notes": null, "E431": null, "A445": null, "A448": null, "C448": null, "TB449": null, "C449": null, "E449": null, "Ch": "Beryllus", "412-35": null, "428-31": null, "431": null, "434-46": null, "445-9": null, "449-51": null, "450": null, "450+": null, "?": null, "Ch; from 457": null, "TB449; end of Ch": null, "after 451": null, "c.440": null, "early 440s": null, "from 451": null, "d. c.443": null, "c.443-7": null }, "geometry": { "type": "Point", "coordinates": [ 34.99993989, 29.53061157 ] } },
{ "type": "Feature", "properties": { "diocese": "Oriens", "province": "Palestine III", "see": "Areopolis", "metropolis": null, "patriarchal": null, "unlocated": null, "x": 35.73557712, "y": 31.272021, "batlas": "71 B3 Areopolis", "pleiades": "https://pleiades.stoa.org/places/697632", "notes": null, "E431": null, "A445": null, "A448": null, "C448": null, "TB449": null, "C449": null, "E449": "Anastasius", "Ch": null, "412-35": null, "428-31": null, "431": null, "434-46": null, "445-9": null, "449-51": null, "450": null, "450+": null, "?": null, "Ch; from 457": null, "TB449; end of Ch": null, "after 451": null, "c.440": null, "early 440s": null, "from 451": null, "d. c.443": null, "c.443-7": null }, "geometry": { "type": "Point", "coordinates": [ 35.73557712, 31.272021 ] } },
{ "type": "Feature", "properties": { "diocese": "Oriens", "province": "Palestine III", "see": "Arindela", "metropolis": null, "patriarchal": null, "unlocated": null, "x": 35.65048256, "y": 30.729289, "batlas": "71 B4 Arindela", "pleiades": "https://pleiades.stoa.org/places/697633", "notes": null, "E431": "Theodore", "A445": null, "A448": null, "C448": null, "TB449": null, "C449": null, "E449": null, "Ch": null, "412-35": null, "428-31": null, "431": null, "434-46": null, "445-9": null, "449-51": null, "450": null, "450+": null, "?": null, "Ch; from 457": null, "TB449; end of Ch": null, "after 451": null, "c.440": null, "early 440s": null, "from 451": null, "d. c.443": null, "c.443-7": null }, "geometry": { "type": "Point", "coordinates": [ 35.65048256, 30.729289 ] } },
{ "type": "Feature", "properties": { "diocese": "Oriens", "province": "Palestine III", "see": "Augustopolis", "metropolis": null, "patriarchal": null, "unlocated": null, "x": 35.595901, "y": 30.332089, "batlas": "71 B5 Adrou/Augustopolis", "pleiades": "https://pleiades.stoa.org/places/697625", "notes": null, "E431": "John", "A445": null, "A448": null, "C448": null, "TB449": null, "C449": null, "E449": null, "Ch": null, "412-35": null, "428-31": null, "431": null, "434-46": null, "445-9": null, "449-51": null, "450": null, "450+": null, "?": null, "Ch; from 457": null, "TB449; end of Ch": null, "after 451": null, "c.440": null, "early 440s": null, "from 451": null, "d. c.443": null, "c.443-7": null }, "geometry": { "type": "Point", "coordinates": [ 35.595901, 30.332089 ] } },
{ "type": "Feature", "properties": { "diocese": "Oriens", "province": "Palestine III", "see": "Elusa", "metropolis": null, "patriarchal": null, "unlocated": null, "x": 34.65512467, "y": 31.09686232, "batlas": "70 F3 Elousa", "pleiades": "https://pleiades.stoa.org/places/687890", "notes": null, "E431": "Theodulus", "A445": null, "A448": null, "C448": null, "TB449": null, "C449": null, "E449": null, "Ch": "Aretas", "412-35": null, "428-31": null, "431": null, "434-46": null, "445-9": null, "449-51": null, "450": null, "450+": null, "?": null, "Ch; from 457": null, "TB449; end of Ch": null, "after 451": null, "c.440": null, "early 440s": null, "from 451": null, "d. c.443": null, "c.443-7": null }, "geometry": { "type": "Point", "coordinates": [ 34.65512467, 31.09686232 ] } },
{ "type": "Feature", "properties": { "diocese": "Oriens", "province": "Palestine III", "see": "Phaeno", "metropolis": null, "patriarchal": null, "unlocated": null, "x": 35.49401209, "y": 30.6273155, "batlas": "71 A4 Phaino", "pleiades": "https://pleiades.stoa.org/places/697726", "notes": null, "E431": "Saidas", "A445": null, "A448": null, "C448": null, "TB449": null, "C449": null, "E449": "Caiumas", "Ch": null, "412-35": null, "428-31": null, "431": null, "434-46": null, "445-9": null, "449-51": null, "450": null, "450+": null, "?": null, "Ch; from 457": null, "TB449; end of Ch": null, "after 451": null, "c.440": null, "early 440s": null, "from 451": null, "d. c.443": null, "c.443-7": null }, "geometry": { "type": "Point", "coordinates": [ 35.49401209, 30.6273155 ] } },
{ "type": "Feature", "properties": { "diocese": "Oriens", "province": "Palestine III", "see": "Zoara", "metropolis": null, "patriarchal": null, "unlocated": null, "x": 35.4818175, "y": 31.027273, "batlas": "71 A3 Zoara", "pleiades": "https://pleiades.stoa.org/places/697768", "notes": null, "E431": null, "A445": null, "A448": null, "C448": null, "TB449": null, "C449": null, "E449": "Musonius", "Ch": "Musonius", "412-35": null, "428-31": null, "431": null, "434-46": null, "445-9": null, "449-51": null, "450": null, "450+": null, "?": null, "Ch; from 457": null, "TB449; end of Ch": null, "after 451": null, "c.440": null, "early 440s": null, "from 451": null, "d. c.443": null, "c.443-7": null }, "geometry": { "type": "Point", "coordinates": [ 35.4818175, 31.027273 ] } },
{ "type": "Feature", "properties": { "diocese": "Oriens", "province": "Phoenice I", "see": "Antaradus", "metropolis": null, "patriarchal": null, "unlocated": null, "x": 35.88370593, "y": 34.8974275, "batlas": "68 A4 Antarados/Constantia", "pleiades": "https://pleiades.stoa.org/places/668190", "notes": null, "E431": null, "A445": "Paul", "A448": null, "C448": null, "TB449": null, "C449": null, "E449": null, "Ch": "Alexander", "412-35": null, "428-31": null, "431": null, "434-46": null, "445-9": null, "449-51": null, "450": null, "450+": null, "?": null, "Ch; from 457": null, "TB449; end of Ch": null, "after 451": null, "c.440": null, "early 440s": null, "from 451": null, "d. c.443": null, "c.443-7": null }, "geometry": { "type": "Point", "coordinates": [ 35.88370593, 34.8974275 ] } },
{ "type": "Feature", "properties": { "diocese": "Oriens", "province": "Phoenice I", "see": "Aradus", "metropolis": null, "patriarchal": null, "unlocated": null, "x": 35.85938505, "y": 34.85689788, "batlas": "68 A4 Arados", "pleiades": "https://pleiades.stoa.org/places/668197", "notes": null, "E431": null, "A445": "Paul", "A448": null, "C448": null, "TB449": null, "C449": null, "E449": null, "Ch": "Paul", "412-35": null, "428-31": null, "431": null, "434-46": null, "445-9": null, "449-51": null, "450": null, "450+": null, "?": null, "Ch; from 457": null, "TB449; end of Ch": null, "after 451": null, "c.440": null, "early 440s": null, "from 451": null, "d. c.443": null, "c.443-7": null }, "geometry": { "type": "Point", "coordinates": [ 35.85938505, 34.85689788 ] } },
{ "type": "Feature", "properties": { "diocese": "Oriens", "province": "Phoenice I", "see": "Arca", "metropolis": null, "patriarchal": null, "unlocated": null, "x": 36.0428025, "y": 34.53326618, "batlas": "68 B4 Arca/Herakleia en Phoinike/Caesarea ad Libanum", "pleiades": "https://pleiades.stoa.org/places/668198", "notes": null, "E431": null, "A445": "Epiphanius", "A448": null, "C448": "Timothy", "TB449": null, "C449": "Timothy", "E449": null, "Ch": "Antiochus", "412-35": null, "428-31": null, "431": null, "434-46": null, "445-9": null, "449-51": null, "450": null, "450+": "Heraclitus", "?": null, "Ch; from 457": null, "TB449; end of Ch": null, "after 451": null, "c.440": null, "early 440s": null, "from 451": null, "d. c.443": null, "c.443-7": null }, "geometry": { "type": "Point", "coordinates": [ 36.0428025, 34.53326618 ] } },
{ "type": "Feature", "properties": { "diocese": "Oriens", "province": "Phoenice I", "see": "Berytus", "metropolis": null, "patriarchal": null, "unlocated": null, "x": 35.511241, "y": 33.8985935, "batlas": "69 C2 Berytus/Laodikeia en te Phoinike/Col. Iulia Augusta Felix", "pleiades": "https://pleiades.stoa.org/places/678060", "notes": null, "E431": null, "A445": null, "A448": null, "C448": null, "TB449": "Eustathius", "C449": null, "E449": "Eustathius", "Ch": "Eustathius", "412-35": null, "428-31": null, "431": null, "434-46": null, "445-9": null, "449-51": null, "450": null, "450+": null, "?": null, "Ch; from 457": null, "TB449; end of Ch": null, "after 451": null, "c.440": null, "early 440s": null, "from 451": null, "d. c.443": null, "c.443-7": null }, "geometry": { "type": "Point", "coordinates": [ 35.511241, 33.8985935 ] } },
{ "type": "Feature", "properties": { "diocese": "Oriens", "province": "Phoenice I", "see": "Botrys", "metropolis": null, "patriarchal": null, "unlocated": null, "x": 35.659726, "y": 34.253561, "batlas": "68 A5 Botrys", "pleiades": "https://pleiades.stoa.org/places/668214", "notes": null, "E431": null, "A445": null, "A448": null, "C448": null, "TB449": null, "C449": null, "E449": null, "Ch": "Porphyry", "412-35": null, "428-31": null, "431": null, "434-46": null, "445-9": null, "449-51": null, "450": null, "450+": null, "?": null, "Ch; from 457": null, "TB449; end of Ch": null, "after 451": null, "c.440": null, "early 440s": null, "from 451": null, "d. c.443": null, "c.443-7": null }, "geometry": { "type": "Point", "coordinates": [ 35.659726, 34.253561 ] } },
{ "type": "Feature", "properties": { "diocese": "Oriens", "province": "Phoenice I", "see": "Byblus", "metropolis": null, "patriarchal": null, "unlocated": null, "x": 35.64612466, "y": 34.11924879, "batlas": "68 A5 Byblos", "pleiades": "https://pleiades.stoa.org/places/668216", "notes": null, "E431": null, "A445": "Venetius", "A448": null, "C448": null, "TB449": null, "C449": null, "E449": null, "Ch": "Rufinus", "412-35": null, "428-31": null, "431": null, "434-46": null, "445-9": null, "449-51": null, "450": "Peter", "450+": null, "?": null, "Ch; from 457": null, "TB449; end of Ch": null, "after 451": null, "c.440": null, "early 440s": null, "from 451": null, "d. c.443": null, "c.443-7": null }, "geometry": { "type": "Point", "coordinates": [ 35.64612466, 34.11924879 ] } },
{ "type": "Feature", "properties": { "diocese": "Oriens", "province": "Phoenice I", "see": "Orthosia", "metropolis": null, "patriarchal": null, "unlocated": null, "x": 35.95474157, "y": 34.510876, "batlas": "68 A4 Orthosia", "pleiades": "https://pleiades.stoa.org/places/668325", "notes": null, "E431": null, "A445": "Phosphorus", "A448": null, "C448": null, "TB449": null, "C449": null, "E449": null, "Ch": "Phosphorus", "412-35": null, "428-31": null, "431": null, "434-46": null, "445-9": null, "449-51": null, "450": null, "450+": null, "?": null, "Ch; from 457": null, "TB449; end of Ch": null, "after 451": null, "c.440": null, "early 440s": null, "from 451": null, "d. c.443": null, "c.443-7": null }, "geometry": { "type": "Point", "coordinates": [ 35.95474157, 34.510876 ] } },
{ "type": "Feature", "properties": { "diocese": "Oriens", "province": "Phoenice I", "see": "Paneas", "metropolis": null, "patriarchal": null, "unlocated": null, "x": 35.6934605, "y": 33.2475034, "batlas": "69 C3 Paneas/Caesarea Philippi", "pleiades": "https://pleiades.stoa.org/places/678324", "notes": null, "E431": null, "A445": null, "A448": null, "C448": null, "TB449": null, "C449": null, "E449": null, "Ch": "Olympius", "412-35": null, "428-31": null, "431": null, "434-46": null, "445-9": null, "449-51": null, "450": null, "450+": null, "?": null, "Ch; from 457": null, "TB449; end of Ch": null, "after 451": null, "c.440": null, "early 440s": null, "from 451": null, "d. c.443": null, "c.443-7": null }, "geometry": { "type": "Point", "coordinates": [ 35.6934605, 33.2475034 ] } },
{ "type": "Feature", "properties": { "diocese": "Oriens", "province": "Phoenice I", "see": "Porphyreon", "metropolis": null, "patriarchal": null, "unlocated": null, "x": 34.95548581, "y": 32.82461759, "batlas": "69 A4 Sykamina", "pleiades": "https://pleiades.stoa.org/places/678404", "notes": null, "E431": null, "A445": null, "A448": null, "C448": null, "TB449": null, "C449": null, "E449": null, "Ch": "Thomas", "412-35": null, "428-31": null, "431": null, "434-46": null, "445-9": null, "449-51": null, "450": null, "450+": null, "?": null, "Ch; from 457": null, "TB449; end of Ch": null, "after 451": null, "c.440": null, "early 440s": null, "from 451": null, "d. c.443": null, "c.443-7": null }, "geometry": { "type": "Point", "coordinates": [ 34.95548581, 32.82461759 ] } },
{ "type": "Feature", "properties": { "diocese": "Oriens", "province": "Phoenice I", "see": "Ptolemais", "metropolis": null, "patriarchal": null, "unlocated": null, "x": 35.07980857, "y": 32.92132003, "batlas": "69 B4 Ake/Ptolemais", "pleiades": "https://pleiades.stoa.org/places/678010", "notes": null, "E431": null, "A445": "Paul", "A448": null, "C448": null, "TB449": null, "C449": null, "E449": null, "Ch": "Paul", "412-35": null, "428-31": null, "431": null, "434-46": null, "445-9": null, "449-51": null, "450": null, "450+": null, "?": null, "Ch; from 457": null, "TB449; end of Ch": null, "after 451": null, "c.440": null, "early 440s": null, "from 451": null, "d. c.443": null, "c.443-7": null }, "geometry": { "type": "Point", "coordinates": [ 35.07980857, 32.92132003 ] } },
{ "type": "Feature", "properties": { "diocese": "Oriens", "province": "Phoenice I", "see": "Sidon", "metropolis": null, "patriarchal": null, "unlocated": null, "x": 35.37300094, "y": 33.56194725, "batlas": "69 B2 Sidon/Col. Aurelia Pia", "pleiades": "https://pleiades.stoa.org/places/678393", "notes": null, "E431": null, "A445": "Damian", "A448": null, "C448": null, "TB449": null, "C449": null, "E449": null, "Ch": "Damian", "412-35": null, "428-31": null, "431": null, "434-46": null, "445-9": null, "449-51": null, "450": null, "450+": null, "?": null, "Ch; from 457": null, "TB449; end of Ch": null, "after 451": null, "c.440": null, "early 440s": null, "from 451": null, "d. c.443": null, "c.443-7": null }, "geometry": { "type": "Point", "coordinates": [ 35.37300094, 33.56194725 ] } },
{ "type": "Feature", "properties": { "diocese": "Oriens", "province": "Phoenice I", "see": "Tripolis", "metropolis": null, "patriarchal": null, "unlocated": null, "x": 35.81205286, "y": 34.44895641, "batlas": "68 A5 Tripolis", "pleiades": "https://pleiades.stoa.org/places/668394", "notes": null, "E431": null, "A445": null, "A448": null, "C448": null, "TB449": null, "C449": null, "E449": null, "Ch": "Theodore", "412-35": null, "428-31": null, "431": null, "434-46": null, "445-9": null, "449-51": null, "450": null, "450+": null, "?": null, "Ch; from 457": null, "TB449; end of Ch": null, "after 451": null, "c.440": null, "early 440s": null, "from 451": null, "d. c.443": null, "c.443-7": null }, "geometry": { "type": "Point", "coordinates": [ 35.81205286, 34.44895641 ] } },
{ "type": "Feature", "properties": { "diocese": "Oriens", "province": "Phoenice I", "see": "Tyre", "metropolis": true, "patriarchal": null, "unlocated": null, "x": 35.201829, "y": 33.26932998, "batlas": "69 B3 Tyrus/Col. Septimia Severa", "pleiades": "https://pleiades.stoa.org/places/678437", "notes": null, "E431": null, "A445": null, "A448": null, "C448": null, "TB449": "Photius", "C449": null, "E449": "Photius", "Ch": "Photius", "412-35": null, "428-31": null, "431": null, "434-46": null, "445-9": null, "449-51": null, "450": null, "450+": null, "?": null, "Ch; from 457": null, "TB449; end of Ch": null, "after 451": null, "c.440": null, "early 440s": null, "from 451": null, "d. c.443": null, "c.443-7": null }, "geometry": { "type": "Point", "coordinates": [ 35.201829, 33.26932998 ] } },
{ "type": "Feature", "properties": { "diocese": "Oriens", "province": "Phoenice Libanensis", "see": "Abila", "metropolis": null, "patriarchal": null, "unlocated": null, "x": 36.1159485, "y": 33.62719603, "batlas": "69 D2 Abila Lysaniou", "pleiades": "https://pleiades.stoa.org/places/677993", "notes": null, "E431": null, "A445": "Jordanes", "A448": null, "C448": null, "TB449": null, "C449": null, "E449": null, "Ch": "Jordanes", "412-35": null, "428-31": null, "431": null, "434-46": null, "445-9": null, "449-51": null, "450": null, "450+": null, "?": null, "Ch; from 457": null, "TB449; end of Ch": null, "after 451": null, "c.440": null, "early 440s": null, "from 451": null, "d. c.443": null, "c.443-7": null }, "geometry": { "type": "Point", "coordinates": [ 36.1159485, 33.62719603 ] } },
{ "type": "Feature", "properties": { "diocese": "Oriens", "province": "Phoenice Libanensis", "see": "Damascus", "metropolis": true, "patriarchal": null, "unlocated": null, "x": 36.309102, "y": 33.511612, "batlas": "69 D2 Damascus", "pleiades": "https://pleiades.stoa.org/places/678106", "notes": null, "E431": null, "A445": "Theodore", "A448": null, "C448": null, "TB449": null, "C449": null, "E449": "Theodore", "Ch": "Theodore", "412-35": null, "428-31": null, "431": null, "434-46": null, "445-9": null, "449-51": null, "450": null, "450+": null, "?": null, "Ch; from 457": null, "TB449; end of Ch": null, "after 451": null, "c.440": null, "early 440s": null, "from 451": null, "d. c.443": null, "c.443-7": null }, "geometry": { "type": "Point", "coordinates": [ 36.309102, 33.511612 ] } },
{ "type": "Feature", "properties": { "diocese": "Oriens", "province": "Phoenice Libanensis", "see": "Emesa", "metropolis": null, "patriarchal": null, "unlocated": null, "x": 36.71921328, "y": 34.7376565, "batlas": "68 C4 (H)Emesa", "pleiades": "https://pleiades.stoa.org/places/668261", "notes": null, "E431": null, "A445": "Pompeianus", "A448": null, "C448": null, "TB449": null, "C449": null, "E449": null, "Ch": "Uranius", "412-35": null, "428-31": null, "431": null, "434-46": null, "445-9": null, "449-51": null, "450": null, "450+": null, "?": null, "Ch; from 457": null, "TB449; end of Ch": null, "after 451": null, "c.440": null, "early 440s": null, "from 451": null, "d. c.443": null, "c.443-7": null }, "geometry": { "type": "Point", "coordinates": [ 36.71921328, 34.7376565 ] } },
{ "type": "Feature", "properties": { "diocese": "Oriens", "province": "Phoenice Libanensis", "see": "Euaria", "metropolis": null, "patriarchal": null, "unlocated": null, "x": 37.100931, "y": 34.3077, "batlas": "68 D5 Aueria/Euareia", "pleiades": "https://pleiades.stoa.org/places/668202", "notes": null, "E431": null, "A445": null, "A448": null, "C448": null, "TB449": null, "C449": null, "E449": null, "Ch": "Thomas", "412-35": null, "428-31": null, "431": null, "434-46": null, "445-9": null, "449-51": null, "450": null, "450+": null, "?": null, "Ch; from 457": null, "TB449; end of Ch": null, "after 451": null, "c.440": null, "early 440s": null, "from 451": null, "d. c.443": null, "c.443-7": null }, "geometry": { "type": "Point", "coordinates": [ 37.100931, 34.3077 ] } },
{ "type": "Feature", "properties": { "diocese": "Oriens", "province": "Phoenice Libanensis", "see": "Heliopolis", "metropolis": null, "patriarchal": null, "unlocated": null, "x": 36.20343185, "y": 34.00637943, "batlas": "69 D1 Heliopolis/Col. Iulia Augusta Felix", "pleiades": "https://pleiades.stoa.org/places/678179", "notes": null, "E431": null, "A445": "Joseph", "A448": null, "C448": null, "TB449": null, "C449": null, "E449": null, "Ch": "Joseph", "412-35": null, "428-31": null, "431": null, "434-46": null, "445-9": null, "449-51": null, "450": null, "450+": null, "?": null, "Ch; from 457": null, "TB449; end of Ch": null, "after 451": null, "c.440": null, "early 440s": null, "from 451": null, "d. c.443": null, "c.443-7": null }, "geometry": { "type": "Point", "coordinates": [ 36.20343185, 34.00637943 ] } },
{ "type": "Feature", "properties": { "diocese": "Oriens", "province": "Phoenice Libanensis", "see": "Laodicea", "metropolis": null, "patriarchal": null, "unlocated": null, "x": 36.51937786, "y": 34.55707494, "batlas": "68 C4 Laodicea ad Libanum", "pleiades": "https://pleiades.stoa.org/places/668291", "notes": null, "E431": null, "A445": "Valerius", "A448": null, "C448": null, "TB449": null, "C449": null, "E449": null, "Ch": "Valerius", "412-35": null, "428-31": null, "431": null, "434-46": null, "445-9": null, "449-51": null, "450": null, "450+": null, "?": null, "Ch; from 457": null, "TB449; end of Ch": null, "after 451": null, "c.440": null, "early 440s": null, "from 451": null, "d. c.443": null, "c.443-7": null }, "geometry": { "type": "Point", "coordinates": [ 36.51937786, 34.55707494 ] } },
{ "type": "Feature", "properties": { "diocese": "Oriens", "province": "Phoenice Libanensis", "see": "The Saracens", "metropolis": null, "patriarchal": null, "unlocated": true, "x": 36.6133, "y": 34.2067, "batlas": null, "pleiades": null, "notes": null, "E431": null, "A445": null, "A448": null, "C448": null, "TB449": null, "C449": null, "E449": null, "Ch": "Eustathius", "412-35": null, "428-31": null, "431": null, "434-46": null, "445-9": null, "449-51": null, "450": null, "450+": null, "?": null, "Ch; from 457": null, "TB449; end of Ch": null, "after 451": null, "c.440": null, "early 440s": null, "from 451": null, "d. c.443": null, "c.443-7": null }, "geometry": { "type": "Point", "coordinates": [ 36.6133, 34.2067 ] } },
{ "type": "Feature", "properties": { "diocese": "Oriens", "province": "Syria I", "see": "Anasartha", "metropolis": null, "patriarchal": null, "unlocated": null, "x": 37.5189607, "y": 35.80987204, "batlas": "68 D2 Anasartha/Theodoroupolis", "pleiades": "https://pleiades.stoa.org/places/668187", "notes": null, "E431": null, "A445": "Maras", "A448": null, "C448": null, "TB449": null, "C449": null, "E449": null, "Ch": "Maras", "412-35": null, "428-31": null, "431": null, "434-46": null, "445-9": null, "449-51": null, "450": null, "450+": null, "?": null, "Ch; from 457": null, "TB449; end of Ch": null, "after 451": null, "c.440": null, "early 440s": null, "from 451": null, "d. c.443": null, "c.443-7": null }, "geometry": { "type": "Point", "coordinates": [ 37.5189607, 35.80987204 ] } },
{ "type": "Feature", "properties": { "diocese": "Oriens", "province": "Syria I", "see": "Antioch", "metropolis": true, "patriarchal": true, "unlocated": null, "x": 36.18322721, "y": 36.22254617, "batlas": "67 C4 Antiochia/Theoupolis", "pleiades": "https://pleiades.stoa.org/places/658381", "notes": null, "E431": null, "A445": "Domnus", "A448": "Domnus", "C448": null, "TB449": null, "C449": null, "E449": "Domnus", "Ch": "Maximus", "412-35": null, "428-31": null, "431": null, "434-46": null, "445-9": null, "449-51": null, "450": null, "450+": null, "?": null, "Ch; from 457": null, "TB449; end of Ch": null, "after 451": null, "c.440": null, "early 440s": null, "from 451": null, "d. c.443": null, "c.443-7": null }, "geometry": { "type": "Point", "coordinates": [ 36.18322721, 36.22254617 ] } },
{ "type": "Feature", "properties": { "diocese": "Oriens", "province": "Syria I", "see": "Beroea", "metropolis": null, "patriarchal": null, "unlocated": null, "x": 37.16292217, "y": 36.19942667, "batlas": "67 E4 Beroia", "pleiades": "https://pleiades.stoa.org/places/658409", "notes": null, "E431": null, "A445": "Theoctistus", "A448": "Theoctistus", "C448": null, "TB449": null, "C449": null, "E449": null, "Ch": "Theoctistus", "412-35": null, "428-31": null, "431": null, "434-46": null, "445-9": null, "449-51": null, "450": null, "450+": null, "?": null, "Ch; from 457": null, "TB449; end of Ch": null, "after 451": null, "c.440": null, "early 440s": null, "from 451": null, "d. c.443": null, "c.443-7": null }, "geometry": { "type": "Point", "coordinates": [ 37.16292217, 36.19942667 ] } },
{ "type": "Feature", "properties": { "diocese": "Oriens", "province": "Syria I", "see": "Chalcis", "metropolis": null, "patriarchal": null, "unlocated": null, "x": 37.00974543, "y": 36.00791324, "batlas": "68 C2 Chalcis ad Belum", "pleiades": "https://pleiades.stoa.org/places/668226", "notes": null, "E431": null, "A445": "Iamblichus", "A448": null, "C448": null, "TB449": null, "C449": null, "E449": null, "Ch": "Romulus", "412-35": null, "428-31": null, "431": null, "434-46": null, "445-9": null, "449-51": null, "450": null, "450+": null, "?": null, "Ch; from 457": null, "TB449; end of Ch": null, "after 451": null, "c.440": null, "early 440s": null, "from 451": null, "d. c.443": null, "c.443-7": null }, "geometry": { "type": "Point", "coordinates": [ 37.00974543, 36.00791324 ] } },
{ "type": "Feature", "properties": { "diocese": "Oriens", "province": "Syria I", "see": "Gabala", "metropolis": null, "patriarchal": null, "unlocated": null, "x": 35.922327, "y": 35.3781051, "batlas": "68 A3 Gabala", "pleiades": "https://pleiades.stoa.org/places/668250", "notes": null, "E431": null, "A445": null, "A448": null, "C448": null, "TB449": null, "C449": null, "E449": null, "Ch": "Uranius", "412-35": null, "428-31": null, "431": null, "434-46": null, "445-9": null, "449-51": null, "450": null, "450+": null, "?": null, "Ch; from 457": null, "TB449; end of Ch": null, "after 451": null, "c.440": null, "early 440s": null, "from 451": null, "d. c.443": null, "c.443-7": null }, "geometry": { "type": "Point", "coordinates": [ 35.922327, 35.3781051 ] } },
{ "type": "Feature", "properties": { "diocese": "Oriens", "province": "Syria I", "see": "Gabbula", "metropolis": null, "patriarchal": null, "unlocated": null, "x": 37.516133, "y": 36.08582794, "batlas": "67 F4 *Gabboula", "pleiades": "https://pleiades.stoa.org/places/658470", "notes": null, "E431": null, "A445": null, "A448": null, "C448": null, "TB449": null, "C449": null, "E449": null, "Ch": "Peter", "412-35": null, "428-31": null, "431": null, "434-46": null, "445-9": null, "449-51": null, "450": null, "450+": null, "?": null, "Ch; from 457": null, "TB449; end of Ch": null, "after 451": null, "c.440": null, "early 440s": null, "from 451": null, "d. c.443": null, "c.443-7": null }, "geometry": { "type": "Point", "coordinates": [ 37.516133, 36.08582794 ] } },
{ "type": "Feature", "properties": { "diocese": "Oriens", "province": "Syria I", "see": "Laodicea", "metropolis": null, "patriarchal": null, "unlocated": null, "x": 35.7766297, "y": 35.51909485, "batlas": "68 A2 Laodicea", "pleiades": "https://pleiades.stoa.org/places/668290", "notes": null, "E431": null, "A445": null, "A448": null, "C448": null, "TB449": null, "C449": null, "E449": null, "Ch": "Macarius", "412-35": null, "428-31": null, "431": null, "434-46": null, "445-9": null, "449-51": null, "450": null, "450+": null, "?": null, "Ch; from 457": null, "TB449; end of Ch": null, "after 451": null, "c.440": null, "early 440s": null, "from 451": null, "d. c.443": null, "c.443-7": null }, "geometry": { "type": "Point", "coordinates": [ 35.7766297, 35.51909485 ] } },
{ "type": "Feature", "properties": { "diocese": "Oriens", "province": "Syria I", "see": "Paltus", "metropolis": null, "patriarchal": null, "unlocated": null, "x": 35.927407, "y": 35.27301224, "batlas": "68 A3 Paltos", "pleiades": "https://pleiades.stoa.org/places/668332", "notes": null, "E431": null, "A445": "Sabas", "A448": null, "C448": "Sabas", "TB449": null, "C449": "Sabas", "E449": null, "Ch": "Sabas", "412-35": null, "428-31": null, "431": null, "434-46": null, "445-9": null, "449-51": null, "450": null, "450+": null, "?": null, "Ch; from 457": null, "TB449; end of Ch": null, "after 451": null, "c.440": null, "early 440s": null, "from 451": null, "d. c.443": null, "c.443-7": null }, "geometry": { "type": "Point", "coordinates": [ 35.927407, 35.27301224 ] } },
{ "type": "Feature", "properties": { "diocese": "Oriens", "province": "Syria I", "see": "Seleucia", "metropolis": null, "patriarchal": null, "unlocated": null, "x": 35.9285965, "y": 36.1212645, "batlas": "67 B4 Hydatos Potamoi/Seleukeia Pieria", "pleiades": "https://pleiades.stoa.org/places/658483", "notes": null, "E431": null, "A445": "Gerontius", "A448": null, "C448": null, "TB449": null, "C449": null, "E449": "Gerontius", "Ch": "Gerontius", "412-35": null, "428-31": null, "431": null, "434-46": null, "445-9": null, "449-51": null, "450": null, "450+": null, "?": null, "Ch; from 457": null, "TB449; end of Ch": null, "after 451": null, "c.440": null, "early 440s": null, "from 451": null, "d. c.443": null, "c.443-7": null }, "geometry": { "type": "Point", "coordinates": [ 35.9285965, 36.1212645 ] } },
{ "type": "Feature", "properties": { "diocese": "Oriens", "province": "Syria II", "see": "Apamea", "metropolis": true, "patriarchal": null, "unlocated": null, "x": 36.40241328, "y": 35.42135561, "batlas": "68 B3 Pella/Apamea", "pleiades": "https://pleiades.stoa.org/places/668335", "notes": null, "E431": null, "A445": null, "A448": null, "C448": null, "TB449": null, "C449": null, "E449": "Domnus", "Ch": "Domnus", "412-35": null, "428-31": null, "431": null, "434-46": null, "445-9": null, "449-51": null, "450": null, "450+": null, "?": null, "Ch; from 457": null, "TB449; end of Ch": null, "after 451": null, "c.440": null, "early 440s": null, "from 451": null, "d. c.443": null, "c.443-7": null }, "geometry": { "type": "Point", "coordinates": [ 36.40241328, 35.42135561 ] } },
{ "type": "Feature", "properties": { "diocese": "Oriens", "province": "Syria II", "see": "Arethusa", "metropolis": null, "patriarchal": null, "unlocated": null, "x": 36.735111, "y": 34.96017442, "batlas": "68 C4 Areth(o)usa", "pleiades": "https://pleiades.stoa.org/places/668199", "notes": null, "E431": null, "A445": null, "A448": null, "C448": null, "TB449": null, "C449": null, "E449": null, "Ch": "Mark", "412-35": null, "428-31": null, "431": null, "434-46": null, "445-9": null, "449-51": null, "450": null, "450+": null, "?": null, "Ch; from 457": null, "TB449; end of Ch": null, "after 451": null, "c.440": null, "early 440s": null, "from 451": null, "d. c.443": null, "c.443-7": null }, "geometry": { "type": "Point", "coordinates": [ 36.735111, 34.96017442 ] } },
{ "type": "Feature", "properties": { "diocese": "Oriens", "province": "Syria II", "see": "Balaneae", "metropolis": null, "patriarchal": null, "unlocated": null, "x": 35.9433145, "y": 35.1747136, "batlas": "68 A3 Balanea/Leukas", "pleiades": "https://pleiades.stoa.org/places/668206", "notes": null, "E431": null, "A445": null, "A448": null, "C448": null, "TB449": null, "C449": null, "E449": "Timothy", "Ch": "Timothy", "412-35": null, "428-31": null, "431": null, "434-46": null, "445-9": null, "449-51": null, "450": null, "450+": null, "?": null, "Ch; from 457": null, "TB449; end of Ch": null, "after 451": null, "c.440": null, "early 440s": null, "from 451": null, "d. c.443": null, "c.443-7": null }, "geometry": { "type": "Point", "coordinates": [ 35.9433145, 35.1747136 ] } },
{ "type": "Feature", "properties": { "diocese": "Oriens", "province": "Syria II", "see": "Epiphaneia", "metropolis": null, "patriarchal": null, "unlocated": null, "x": 36.7488012, "y": 35.13301783, "batlas": "68 C3 Amathe/Epiphaneia", "pleiades": "https://pleiades.stoa.org/places/668182", "notes": null, "E431": null, "A445": "Stephen", "A448": null, "C448": null, "TB449": null, "C449": null, "E449": null, "Ch": "Eutychianus", "412-35": null, "428-31": null, "431": null, "434-46": null, "445-9": null, "449-51": null, "450": null, "450+": null, "?": null, "Ch; from 457": null, "TB449; end of Ch": null, "after 451": null, "c.440": null, "early 440s": null, "from 451": null, "d. c.443": null, "c.443-7": null }, "geometry": { "type": "Point", "coordinates": [ 36.7488012, 35.13301783 ] } },
{ "type": "Feature", "properties": { "diocese": "Oriens", "province": "Syria II", "see": "Larissa", "metropolis": null, "patriarchal": null, "unlocated": null, "x": 36.56647273, "y": 35.2663435, "batlas": "68 C3 Larissa/Sizara", "pleiades": "https://pleiades.stoa.org/places/668292", "notes": null, "E431": null, "A445": null, "A448": null, "C448": null, "TB449": null, "C449": null, "E449": "Meletius", "Ch": "Meletius", "412-35": null, "428-31": null, "431": null, "434-46": null, "445-9": null, "449-51": null, "450": null, "450+": null, "?": null, "Ch; from 457": null, "TB449; end of Ch": null, "after 451": null, "c.440": null, "early 440s": null, "from 451": null, "d. c.443": null, "c.443-7": null }, "geometry": { "type": "Point", "coordinates": [ 36.56647273, 35.2663435 ] } },
{ "type": "Feature", "properties": { "diocese": "Oriens", "province": "Syria II", "see": "Mariamme", "metropolis": null, "patriarchal": null, "unlocated": null, "x": 36.494325, "y": 34.90690658, "batlas": "68 B4 Mariamme", "pleiades": "https://pleiades.stoa.org/places/668308", "notes": null, "E431": null, "A445": null, "A448": null, "C448": null, "TB449": null, "C449": null, "E449": null, "Ch": "Paul", "412-35": null, "428-31": null, "431": null, "434-46": null, "445-9": null, "449-51": null, "450": null, "450+": null, "?": null, "Ch; from 457": null, "TB449; end of Ch": null, "after 451": null, "c.440": null, "early 440s": null, "from 451": null, "d. c.443": null, "c.443-7": null }, "geometry": { "type": "Point", "coordinates": [ 36.494325, 34.90690658 ] } },
{ "type": "Feature", "properties": { "diocese": "Oriens", "province": "Syria II", "see": "Raphaneae", "metropolis": null, "patriarchal": null, "unlocated": null, "x": 36.39299321, "y": 34.96636183, "batlas": "68 B4 Raphaneai", "pleiades": "https://pleiades.stoa.org/places/668350", "notes": null, "E431": null, "A445": null, "A448": null, "C448": null, "TB449": null, "C449": null, "E449": null, "Ch": "Lampadius", "412-35": null, "428-31": null, "431": null, "434-46": null, "445-9": null, "449-51": null, "450": null, "450+": null, "?": null, "Ch; from 457": null, "TB449; end of Ch": null, "after 451": null, "c.440": null, "early 440s": null, "from 451": null, "d. c.443": null, "c.443-7": null }, "geometry": { "type": "Point", "coordinates": [ 36.39299321, 34.96636183 ] } },
{ "type": "Feature", "properties": { "diocese": "Oriens", "province": "Syria II", "see": "Seleucia ad Belum", "metropolis": null, "patriarchal": null, "unlocated": null, "x": 36.328006, "y": 35.83691, "batlas": "68 B2 Seleukobelos?", "pleiades": "https://pleiades.stoa.org/places/668364", "notes": "Unsure. Point is a little far from where it is in The Acts…", "E431": null, "A445": null, "A448": null, "C448": null, "TB449": null, "C449": null, "E449": null, "Ch": "Eusebius", "412-35": null, "428-31": null, "431": null, "434-46": null, "445-9": null, "449-51": null, "450": null, "450+": null, "?": null, "Ch; from 457": null, "TB449; end of Ch": null, "after 451": null, "c.440": null, "early 440s": null, "from 451": null, "d. c.443": null, "c.443-7": null }, "geometry": { "type": "Point", "coordinates": [ 36.328006, 35.83691 ] } },
{ "type": "Feature", "properties": { "diocese": "Other", "province": "Chersonesus Taurica", "see": "Bosporus", "metropolis": null, "patriarchal": null, "unlocated": null, "x": 36.46857968, "y": 45.35105767, "batlas": "87 K2 Pantikapaion/Bosp(h)orus", "pleiades": "https://pleiades.stoa.org/places/854719", "notes": null, "E431": null, "A445": null, "A448": null, "C448": "Eudoxius", "TB449": null, "C449": "Eudoxius", "E449": "Eudoxius", "Ch": null, "412-35": null, "428-31": null, "431": null, "434-46": null, "445-9": null, "449-51": null, "450": null, "450+": null, "?": null, "Ch; from 457": null, "TB449; end of Ch": null, "after 451": null, "c.440": null, "early 440s": null, "from 451": null, "d. c.443": null, "c.443-7": null }, "geometry": { "type": "Point", "coordinates": [ 36.46857968, 45.35105767 ] } },
{ "type": "Feature", "properties": { "diocese": "Other", "province": "Chersonesus Taurica", "see": "Chersonesus", "metropolis": null, "patriarchal": null, "unlocated": null, "x": 33.49236372, "y": 44.61109288, "batlas": "23 G4 Chersonesos", "pleiades": "https://pleiades.stoa.org/places/226564", "notes": null, "E431": null, "A445": null, "A448": null, "C448": "Longinus", "TB449": null, "C449": "Longinus", "E449": "Longinus", "Ch": null, "412-35": null, "428-31": null, "431": null, "434-46": null, "445-9": null, "449-51": null, "450": null, "450+": null, "?": null, "Ch; from 457": null, "TB449; end of Ch": null, "after 451": null, "c.440": null, "early 440s": null, "from 451": null, "d. c.443": null, "c.443-7": null }, "geometry": { "type": "Point", "coordinates": [ 33.49236372, 44.61109288 ] } },
{ "type": "Feature", "properties": { "diocese": "Other", "province": "Ethiopia", "see": "Aduli", "metropolis": null, "patriarchal": null, "unlocated": null, "x": 39.6606, "y": 15.26400796, "batlas": "4 A2 Adouli", "pleiades": "https://pleiades.stoa.org/places/39271", "notes": null, "E431": null, "A445": null, "A448": null, "C448": null, "TB449": null, "C449": null, "E449": null, "Ch": "Sabinus", "412-35": null, "428-31": null, "431": null, "434-46": null, "445-9": null, "449-51": null, "450": null, "450+": null, "?": null, "Ch; from 457": null, "TB449; end of Ch": null, "after 451": null, "c.440": null, "early 440s": null, "from 451": null, "d. c.443": null, "c.443-7": null }, "geometry": { "type": "Point", "coordinates": [ 39.6606, 15.26400796 ] } },
{ "type": "Feature", "properties": { "diocese": "Pontica", "province": "Armenia I", "see": "Nicopolis", "metropolis": null, "patriarchal": null, "unlocated": null, "x": 38.14353355, "y": 40.1485567, "batlas": "87 D4 Nicopolis", "pleiades": "https://pleiades.stoa.org/places/857248", "notes": null, "E431": null, "A445": null, "A448": null, "C448": null, "TB449": null, "C449": null, "E449": "John", "Ch": "John", "412-35": null, "428-31": null, "431": null, "434-46": null, "445-9": null, "449-51": null, "450": null, "450+": null, "?": null, "Ch; from 457": null, "TB449; end of Ch": null, "after 451": null, "c.440": null, "early 440s": null, "from 451": null, "d. c.443": null, "c.443-7": null }, "geometry": { "type": "Point", "coordinates": [ 38.14353355, 40.1485567 ] } },
{ "type": "Feature", "properties": { "diocese": "Pontica", "province": "Armenia I", "see": "Satala", "metropolis": null, "patriarchal": null, "unlocated": null, "x": 39.59790514, "y": 40.02789515, "batlas": "89 B1 Satala", "pleiades": "https://pleiades.stoa.org/places/874684", "notes": null, "E431": null, "A445": null, "A448": null, "C448": null, "TB449": null, "C449": null, "E449": null, "Ch": "Anatolius", "412-35": null, "428-31": null, "431": null, "434-46": null, "445-9": null, "449-51": null, "450": null, "450+": null, "?": null, "Ch; from 457": null, "TB449; end of Ch": null, "after 451": null, "c.440": null, "early 440s": null, "from 451": null, "d. c.443": null, "c.443-7": null }, "geometry": { "type": "Point", "coordinates": [ 39.59790514, 40.02789515 ] } },
{ "type": "Feature", "properties": { "diocese": "Pontica", "province": "Armenia I", "see": "Sebasteia", "metropolis": true, "patriarchal": null, "unlocated": null, "x": 37.016607, "y": 39.74899918, "batlas": "64 E1 Sebasteia/Megalopolis?/Talaura?", "pleiades": "https://pleiades.stoa.org/places/629075", "notes": null, "E431": null, "A445": null, "A448": null, "C448": null, "TB449": null, "C449": null, "E449": "John", "Ch": "John", "412-35": null, "428-31": null, "431": null, "434-46": null, "445-9": null, "449-51": null, "450": null, "450+": null, "?": null, "Ch; from 457": null, "TB449; end of Ch": null, "after 451": null, "c.440": null, "early 440s": null, "from 451": null, "d. c.443": null, "c.443-7": null }, "geometry": { "type": "Point", "coordinates": [ 37.016607, 39.74899918 ] } },
{ "type": "Feature", "properties": { "diocese": "Pontica", "province": "Armenia I", "see": "Sebastopolis", "metropolis": null, "patriarchal": null, "unlocated": null, "x": 36.08338269, "y": 39.99738093, "batlas": "64 C1 Sebastopolis/Herakleopolis/Karana?", "pleiades": "https://pleiades.stoa.org/places/629076", "notes": null, "E431": null, "A445": null, "A448": null, "C448": "Cecropius", "TB449": null, "C449": null, "E449": null, "Ch": "Cecropius", "412-35": null, "428-31": null, "431": null, "434-46": null, "445-9": null, "449-51": null, "450": null, "450+": null, "?": null, "Ch; from 457": null, "TB449; end of Ch": null, "after 451": null, "c.440": null, "early 440s": null, "from 451": null, "d. c.443": null, "c.443-7": null }, "geometry": { "type": "Point", "coordinates": [ 36.08338269, 39.99738093 ] } },
{ "type": "Feature", "properties": { "diocese": "Pontica", "province": "Armenia II", "see": "Arabissus", "metropolis": null, "patriarchal": null, "unlocated": null, "x": 36.91172586, "y": 38.24605451, "batlas": "64 D4 Arabissos/Tripotamos", "pleiades": "https://pleiades.stoa.org/places/628925", "notes": null, "E431": null, "A445": null, "A448": null, "C448": null, "TB449": null, "C449": null, "E449": null, "Ch": "Adolius", "412-35": null, "428-31": null, "431": null, "434-46": null, "445-9": null, "449-51": null, "450": null, "450+": null, "?": null, "Ch; from 457": null, "TB449; end of Ch": null, "after 451": null, "c.440": null, "early 440s": null, "from 451": null, "d. c.443": null, "c.443-7": null }, "geometry": { "type": "Point", "coordinates": [ 36.91172586, 38.24605451 ] } },
{ "type": "Feature", "properties": { "diocese": "Pontica", "province": "Armenia II", "see": "Arca", "metropolis": null, "patriarchal": null, "unlocated": null, "x": 37.97109186, "y": 38.33448817, "batlas": "64 F4 Arca", "pleiades": "https://pleiades.stoa.org/places/628929", "notes": null, "E431": null, "A445": null, "A448": null, "C448": null, "TB449": null, "C449": null, "E449": null, "Ch": "John", "412-35": null, "428-31": null, "431": null, "434-46": null, "445-9": null, "449-51": null, "450": null, "450+": null, "?": null, "Ch; from 457": null, "TB449; end of Ch": null, "after 451": null, "c.440": null, "early 440s": null, "from 451": null, "d. c.443": null, "c.443-7": null }, "geometry": { "type": "Point", "coordinates": [ 37.97109186, 38.33448817 ] } },
{ "type": "Feature", "properties": { "diocese": "Pontica", "province": "Armenia II", "see": "Ariaratheia", "metropolis": null, "patriarchal": null, "unlocated": null, "x": 36.39236924, "y": 38.72351387, "batlas": "64 C3 Ariaratheia", "pleiades": "https://pleiades.stoa.org/places/628934", "notes": null, "E431": null, "A445": null, "A448": null, "C448": null, "TB449": null, "C449": "Acacius", "E449": "Acacius", "Ch": "Acacius", "412-35": null, "428-31": null, "431": null, "434-46": null, "445-9": null, "449-51": null, "450": null, "450+": null, "?": null, "Ch; from 457": null, "TB449; end of Ch": null, "after 451": null, "c.440": null, "early 440s": null, "from 451": null, "d. c.443": null, "c.443-7": null }, "geometry": { "type": "Point", "coordinates": [ 36.39236924, 38.72351387 ] } },
{ "type": "Feature", "properties": { "diocese": "Pontica", "province": "Armenia II", "see": "Comana", "metropolis": null, "patriarchal": null, "unlocated": null, "x": 36.32391436, "y": 38.33126995, "batlas": "64 C4 Comana/Hierapolis/Chryse", "pleiades": "https://pleiades.stoa.org/places/628959", "notes": null, "E431": null, "A445": null, "A448": null, "C448": null, "TB449": null, "C449": null, "E449": null, "Ch": "Heraclius", "412-35": null, "428-31": null, "431": null, "434-46": null, "445-9": null, "449-51": null, "450": null, "450+": null, "?": null, "Ch; from 457": null, "TB449; end of Ch": null, "after 451": null, "c.440": null, "early 440s": null, "from 451": null, "d. c.443": null, "c.443-7": null }, "geometry": { "type": "Point", "coordinates": [ 36.32391436, 38.33126995 ] } },
{ "type": "Feature", "properties": { "diocese": "Pontica", "province": "Armenia II", "see": "Cucusus", "metropolis": null, "patriarchal": null, "unlocated": null, "x": 36.49820354, "y": 38.031581, "batlas": "64 C4 Kokousos", "pleiades": "https://pleiades.stoa.org/places/629013", "notes": null, "E431": null, "A445": null, "A448": null, "C448": null, "TB449": null, "C449": null, "E449": null, "Ch": "Domnus", "412-35": null, "428-31": null, "431": null, "434-46": null, "445-9": null, "449-51": null, "450": null, "450+": null, "?": null, "Ch; from 457": null, "TB449; end of Ch": null, "after 451": null, "c.440": null, "early 440s": null, "from 451": null, "d. c.443": null, "c.443-7": null }, "geometry": { "type": "Point", "coordinates": [ 36.49820354, 38.031581 ] } },
{ "type": "Feature", "properties": { "diocese": "Pontica", "province": "Armenia II", "see": "Melitene", "metropolis": true, "patriarchal": null, "unlocated": null, "x": 38.36171584, "y": 38.382217, "batlas": "64 G4 Melitene", "pleiades": "https://pleiades.stoa.org/places/629040", "notes": null, "E431": "Acacius", "A445": null, "A448": null, "C448": null, "TB449": null, "C449": "Constantine", "E449": "Constantine", "Ch": "Constantine", "412-35": null, "428-31": null, "431": null, "434-46": null, "445-9": null, "449-51": null, "450": null, "450+": null, "?": null, "Ch; from 457": null, "TB449; end of Ch": null, "after 451": null, "c.440": null, "early 440s": null, "from 451": null, "d. c.443": null, "c.443-7": null }, "geometry": { "type": "Point", "coordinates": [ 38.36171584, 38.382217 ] } },
{ "type": "Feature", "properties": { "diocese": "Pontica", "province": "Bithynia", "see": "Apamea", "metropolis": null, "patriarchal": null, "unlocated": null, "x": 28.88302467, "y": 40.37557275, "batlas": "52 D4 Brylleion/Myrleia/Apamea/Col. Iulia Concordia", "pleiades": "https://pleiades.stoa.org/places/511194", "notes": null, "E431": "Callinicus", "A445": null, "A448": null, "C448": "Callinicus", "TB449": null, "C449": null, "E449": null, "Ch": "Callinicus", "412-35": null, "428-31": null, "431": null, "434-46": null, "445-9": null, "449-51": null, "450": null, "450+": null, "?": null, "Ch; from 457": null, "TB449; end of Ch": null, "after 451": null, "c.440": null, "early 440s": null, "from 451": null, "d. c.443": null, "c.443-7": null }, "geometry": { "type": "Point", "coordinates": [ 28.88302467, 40.37557275 ] } },
{ "type": "Feature", "properties": { "diocese": "Pontica", "province": "Bithynia", "see": "Apollonia", "metropolis": null, "patriarchal": null, "unlocated": null, "x": 28.68110304, "y": 40.17538309, "batlas": "52 D4 Apollonia ad Rhyndacum", "pleiades": "https://pleiades.stoa.org/places/511151", "notes": null, "E431": "Eugenius", "A445": null, "A448": null, "C448": "Paul", "TB449": null, "C449": "Paul", "E449": null, "Ch": null, "412-35": null, "428-31": null, "431": null, "434-46": null, "445-9": null, "449-51": null, "450": null, "450+": null, "?": null, "Ch; from 457": null, "TB449; end of Ch": null, "after 451": null, "c.440": null, "early 440s": null, "from 451": null, "d. c.443": null, "c.443-7": null }, "geometry": { "type": "Point", "coordinates": [ 28.68110304, 40.17538309 ] } },
{ "type": "Feature", "properties": { "diocese": "Pontica", "province": "Bithynia", "see": "Basilinopolis", "metropolis": null, "patriarchal": null, "unlocated": null, "x": 29.558621, "y": 40.60693397, "batlas": "52 F3 Basilinoupolis", "pleiades": "https://pleiades.stoa.org/places/511180", "notes": null, "E431": null, "A445": null, "A448": null, "C448": null, "TB449": null, "C449": "Gerontius", "E449": null, "Ch": "Gerontius", "412-35": null, "428-31": null, "431": null, "434-46": null, "445-9": null, "449-51": null, "450": null, "450+": null, "?": null, "Ch; from 457": null, "TB449; end of Ch": null, "after 451": null, "c.440": null, "early 440s": null, "from 451": null, "d. c.443": null, "c.443-7": null }, "geometry": { "type": "Point", "coordinates": [ 29.558621, 40.60693397 ] } },
{ "type": "Feature", "properties": { "diocese": "Pontica", "province": "Bithynia", "see": "Chalcedon", "metropolis": null, "patriarchal": null, "unlocated": null, "x": 29.02592996, "y": 40.98349941, "batlas": "53 B3 Chalcedon", "pleiades": "https://pleiades.stoa.org/places/520988", "notes": null, "E431": null, "A445": null, "A448": null, "C448": "Eulalius", "TB449": null, "C449": null, "E449": null, "Ch": "Eleutherius", "412-35": null, "428-31": null, "431": null, "434-46": null, "445-9": null, "449-51": null, "450": null, "450+": null, "?": null, "Ch; from 457": null, "TB449; end of Ch": null, "after 451": null, "c.440": null, "early 440s": null, "from 451": null, "d. c.443": null, "c.443-7": null }, "geometry": { "type": "Point", "coordinates": [ 29.02592996, 40.98349941 ] } },
{ "type": "Feature", "properties": { "diocese": "Pontica", "province": "Bithynia", "see": "Nicaea", "metropolis": null, "patriarchal": null, "unlocated": null, "x": 29.71461119, "y": 40.42909367, "batlas": "52 F4 Helikore/Nicaea", "pleiades": "https://pleiades.stoa.org/places/511268", "notes": null, "E431": null, "A445": null, "A448": null, "C448": null, "TB449": null, "C449": null, "E449": null, "Ch": "Anastasius", "412-35": null, "428-31": null, "431": null, "434-46": null, "445-9": null, "449-51": null, "450": null, "450+": null, "?": null, "Ch; from 457": null, "TB449; end of Ch": null, "after 451": null, "c.440": null, "early 440s": null, "from 451": null, "d. c.443": null, "c.443-7": null }, "geometry": { "type": "Point", "coordinates": [ 29.71461119, 40.42909367 ] } },
{ "type": "Feature", "properties": { "diocese": "Pontica", "province": "Bithynia", "see": "Nicomedia", "metropolis": true, "patriarchal": null, "unlocated": null, "x": 29.919887, "y": 40.7651905, "batlas": "52 F3 Nicomedia", "pleiades": "https://pleiades.stoa.org/places/511337", "notes": null, "E431": null, "A445": null, "A448": null, "C448": null, "TB449": null, "C449": null, "E449": "Eunomius", "Ch": "Eunomius", "412-35": null, "428-31": null, "431": null, "434-46": null, "445-9": null, "449-51": null, "450": null, "450+": null, "?": null, "Ch; from 457": null, "TB449; end of Ch": null, "after 451": null, "c.440": null, "early 440s": null, "from 451": null, "d. c.443": null, "c.443-7": null }, "geometry": { "type": "Point", "coordinates": [ 29.919887, 40.7651905 ] } },
{ "type": "Feature", "properties": { "diocese": "Pontica", "province": "Bithynia", "see": "Prusa", "metropolis": null, "patriarchal": null, "unlocated": null, "x": 29.06385374, "y": 40.1828985, "batlas": "52 E4 Prusa", "pleiades": "https://pleiades.stoa.org/places/511384", "notes": null, "E431": "Peter", "A445": null, "A448": null, "C448": null, "TB449": null, "C449": null, "E449": null, "Ch": null, "412-35": null, "428-31": null, "431": null, "434-46": null, "445-9": null, "449-51": null, "450": null, "450+": null, "?": null, "Ch; from 457": null, "TB449; end of Ch": null, "after 451": null, "c.440": null, "early 440s": null, "from 451": null, "d. c.443": null, "c.443-7": null }, "geometry": { "type": "Point", "coordinates": [ 29.06385374, 40.1828985 ] } },
{ "type": "Feature", "properties": { "diocese": "Pontica", "province": "Capadocia I", "see": "Caesarea", "metropolis": true, "patriarchal": null, "unlocated": null, "x": 35.47436951, "y": 38.72640055, "batlas": "64 A3 Mazaka/Eusebeia/Caesarea", "pleiades": "https://pleiades.stoa.org/places/629035", "notes": null, "E431": "Firmus", "A445": null, "A448": null, "C448": null, "TB449": null, "C449": "Thalassius", "E449": "Thalassius", "Ch": "Thalassius", "412-35": null, "428-31": null, "431": null, "434-46": null, "445-9": null, "449-51": null, "450": null, "450+": null, "?": null, "Ch; from 457": null, "TB449; end of Ch": null, "after 451": null, "c.440": null, "early 440s": null, "from 451": null, "d. c.443": null, "c.443-7": null }, "geometry": { "type": "Point", "coordinates": [ 35.47436951, 38.72640055 ] } },
{ "type": "Feature", "properties": { "diocese": "Pontica", "province": "Capadocia I", "see": "Nyssa", "metropolis": null, "patriarchal": null, "unlocated": null, "x": 33.95189881, "y": 38.932743, "batlas": "63 D3 Nys(s)a", "pleiades": "https://pleiades.stoa.org/places/619222", "notes": null, "E431": null, "A445": null, "A448": null, "C448": null, "TB449": null, "C449": null, "E449": "Musonius", "Ch": "Musonius", "412-35": null, "428-31": null, "431": null, "434-46": null, "445-9": null, "449-51": null, "450": null, "450+": null, "?": null, "Ch; from 457": null, "TB449; end of Ch": null, "after 451": null, "c.440": null, "early 440s": null, "from 451": null, "d. c.443": null, "c.443-7": null }, "geometry": { "type": "Point", "coordinates": [ 33.95189881, 38.932743 ] } },
{ "type": "Feature", "properties": { "diocese": "Pontica", "province": "Capadocia I", "see": "Therma", "metropolis": null, "patriarchal": null, "unlocated": null, "x": 35.2411795, "y": 39.499305, "batlas": "63 G2 Basilika Therma", "pleiades": "https://pleiades.stoa.org/places/619125", "notes": null, "E431": null, "A445": null, "A448": null, "C448": null, "TB449": null, "C449": null, "E449": null, "Ch": "Firminus", "412-35": null, "428-31": null, "431": null, "434-46": null, "445-9": null, "449-51": null, "450": null, "450+": null, "?": null, "Ch; from 457": null, "TB449; end of Ch": null, "after 451": null, "c.440": null, "early 440s": null, "from 451": null, "d. c.443": null, "c.443-7": null }, "geometry": { "type": "Point", "coordinates": [ 35.2411795, 39.499305 ] } },
{ "type": "Feature", "properties": { "diocese": "Pontica", "province": "Capadocia II", "see": "Colonia", "metropolis": null, "patriarchal": null, "unlocated": null, "x": 34.02676604, "y": 38.3705416, "batlas": "63 E4 Garsaura/Col. Claudia Archelais/Koloneia", "pleiades": "https://pleiades.stoa.org/places/619164", "notes": null, "E431": "Daniel", "A445": null, "A448": null, "C448": null, "TB449": null, "C449": null, "E449": null, "Ch": "Aristomachus", "412-35": null, "428-31": null, "431": null, "434-46": null, "445-9": null, "449-51": null, "450": null, "450+": null, "?": null, "Ch; from 457": null, "TB449; end of Ch": null, "after 451": null, "c.440": null, "early 440s": null, "from 451": null, "d. c.443": null, "c.443-7": null }, "geometry": { "type": "Point", "coordinates": [ 34.02676604, 38.3705416 ] } },
{ "type": "Feature", "properties": { "diocese": "Pontica", "province": "Capadocia II", "see": "Cybistra", "metropolis": null, "patriarchal": null, "unlocated": null, "x": 34.1527925, "y": 37.5933052, "batlas": "66 E1 Cybistra", "pleiades": "https://pleiades.stoa.org/places/648614", "notes": null, "E431": null, "A445": null, "A448": null, "C448": null, "TB449": null, "C449": null, "E449": null, "Ch": "Cyrus", "412-35": null, "428-31": null, "431": null, "434-46": null, "445-9": null, "449-51": null, "450": null, "450+": null, "?": null, "Ch; from 457": null, "TB449; end of Ch": null, "after 451": null, "c.440": null, "early 440s": null, "from 451": null, "d. c.443": null, "c.443-7": null }, "geometry": { "type": "Point", "coordinates": [ 34.1527925, 37.5933052 ] } },
{ "type": "Feature", "properties": { "diocese": "Pontica", "province": "Capadocia II", "see": "Nazianzus", "metropolis": null, "patriarchal": null, "unlocated": null, "x": 34.3497935, "y": 38.398047, "batlas": "63 E4 Nandianulus/Nazianzos", "pleiades": "https://pleiades.stoa.org/places/619218", "notes": null, "E431": null, "A445": null, "A448": null, "C448": null, "TB449": null, "C449": null, "E449": null, "Ch": "Theodosius", "412-35": null, "428-31": null, "431": null, "434-46": null, "445-9": null, "449-51": null, "450": null, "450+": null, "?": null, "Ch; from 457": null, "TB449; end of Ch": null, "after 451": null, "c.440": null, "early 440s": null, "from 451": null, "d. c.443": null, "c.443-7": null }, "geometry": { "type": "Point", "coordinates": [ 34.3497935, 38.398047 ] } },
{ "type": "Feature", "properties": { "diocese": "Pontica", "province": "Capadocia II", "see": "Parnassus", "metropolis": null, "patriarchal": null, "unlocated": null, "x": 33.570111, "y": 38.99094202, "batlas": "63 D2 Parnassos", "pleiades": "https://pleiades.stoa.org/places/619235", "notes": null, "E431": null, "A445": null, "A448": null, "C448": null, "TB449": null, "C449": "Eustathius", "E449": null, "Ch": null, "412-35": null, "428-31": null, "431": null, "434-46": null, "445-9": null, "449-51": null, "450": null, "450+": null, "?": null, "Ch; from 457": null, "TB449; end of Ch": null, "after 451": null, "c.440": null, "early 440s": null, "from 451": null, "d. c.443": null, "c.443-7": null }, "geometry": { "type": "Point", "coordinates": [ 33.570111, 38.99094202 ] } },
{ "type": "Feature", "properties": { "diocese": "Pontica", "province": "Capadocia II", "see": "Tyana", "metropolis": true, "patriarchal": null, "unlocated": null, "x": 34.5736203, "y": 37.82607472, "batlas": "66 F1 Tyana/Col. Aurelia Antoniniana", "pleiades": "https://pleiades.stoa.org/places/648801", "notes": null, "E431": null, "A445": null, "A448": null, "C448": null, "TB449": null, "C449": "Patricius", "E449": "Patricius", "Ch": "Patricius", "412-35": null, "428-31": null, "431": null, "434-46": null, "445-9": null, "449-51": null, "450": null, "450+": null, "?": null, "Ch; from 457": null, "TB449; end of Ch": null, "after 451": null, "c.440": null, "early 440s": null, "from 451": null, "d. c.443": null, "c.443-7": null }, "geometry": { "type": "Point", "coordinates": [ 34.5736203, 37.82607472 ] } },
{ "type": "Feature", "properties": { "diocese": "Pontica", "province": "Galatia I", "see": "Ancyra", "metropolis": true, "patriarchal": null, "unlocated": null, "x": 32.859333, "y": 39.9437925, "batlas": "63 B1 Ancyra", "pleiades": "https://pleiades.stoa.org/places/619103", "notes": null, "E431": "Theodotus", "A445": null, "A448": null, "C448": null, "TB449": null, "C449": "Eusebius", "E449": "Eusebius", "Ch": "Eusebius", "412-35": null, "428-31": null, "431": null, "434-46": null, "445-9": null, "449-51": null, "450": null, "450+": null, "?": null, "Ch; from 457": null, "TB449; end of Ch": null, "after 451": null, "c.440": null, "early 440s": null, "from 451": null, "d. c.443": null, "c.443-7": null }, "geometry": { "type": "Point", "coordinates": [ 32.859333, 39.9437925 ] } },
{ "type": "Feature", "properties": { "diocese": "Pontica", "province": "Galatia I", "see": "Aspona", "metropolis": null, "patriarchal": null, "unlocated": null, "x": 33.307757, "y": 39.302241, "batlas": "63 C2 Aspona", "pleiades": "https://pleiades.stoa.org/places/619118", "notes": null, "E431": "Eusebius", "A445": null, "A448": null, "C448": null, "TB449": null, "C449": null, "E449": null, "Ch": "Hyperechius", "412-35": null, "428-31": null, "431": null, "434-46": null, "445-9": null, "449-51": null, "450": null, "450+": null, "?": null, "Ch; from 457": null, "TB449; end of Ch": null, "after 451": null, "c.440": null, "early 440s": null, "from 451": null, "d. c.443": null, "c.443-7": null }, "geometry": { "type": "Point", "coordinates": [ 33.307757, 39.302241 ] } },
{ "type": "Feature", "properties": { "diocese": "Pontica", "province": "Galatia I", "see": "Cinna", "metropolis": null, "patriarchal": null, "unlocated": null, "x": 33.033014, "y": 39.22512887, "batlas": "63 C2 Kinna", "pleiades": "https://pleiades.stoa.org/places/619188", "notes": null, "E431": "Philumenus", "A445": null, "A448": null, "C448": null, "TB449": null, "C449": null, "E449": null, "Ch": "Acacius", "412-35": null, "428-31": null, "431": null, "434-46": null, "445-9": null, "449-51": null, "450": null, "450+": null, "?": null, "Ch; from 457": null, "TB449; end of Ch": null, "after 451": null, "c.440": null, "early 440s": null, "from 451": null, "d. c.443": null, "c.443-7": null }, "geometry": { "type": "Point", "coordinates": [ 33.033014, 39.22512887 ] } },
{ "type": "Feature", "properties": { "diocese": "Pontica", "province": "Galatia I", "see": "Juliopolis", "metropolis": null, "patriarchal": null, "unlocated": null, "x": 31.64507298, "y": 40.10700809, "batlas": "86 B3 Gordioukome/Iuliopolis", "pleiades": "https://pleiades.stoa.org/places/844935", "notes": null, "E431": null, "A445": null, "A448": null, "C448": "Meliphthongus", "TB449": null, "C449": "Meliphthongus", "E449": "Meliphthongus", "Ch": "Meliphthongus", "412-35": null, "428-31": null, "431": null, "434-46": null, "445-9": null, "449-51": null, "450": null, "450+": null, "?": null, "Ch; from 457": null, "TB449; end of Ch": null, "after 451": null, "c.440": null, "early 440s": null, "from 451": null, "d. c.443": null, "c.443-7": null }, "geometry": { "type": "Point", "coordinates": [ 31.64507298, 40.10700809 ] } },
{ "type": "Feature", "properties": { "diocese": "Pontica", "province": "Galatia I", "see": "Lagania", "metropolis": null, "patriarchal": null, "unlocated": null, "x": 31.9622515, "y": 40.0219715, "batlas": "62 H2 Lagania/Anastasioupolis", "pleiades": "https://pleiades.stoa.org/places/609447", "notes": null, "E431": null, "A445": null, "A448": null, "C448": null, "TB449": null, "C449": null, "E449": null, "Ch": "Euphrasius", "412-35": null, "428-31": null, "431": null, "434-46": null, "445-9": null, "449-51": null, "450": null, "450+": null, "?": null, "Ch; from 457": null, "TB449; end of Ch": null, "after 451": null, "c.440": null, "early 440s": null, "from 451": null, "d. c.443": null, "c.443-7": null }, "geometry": { "type": "Point", "coordinates": [ 31.9622515, 40.0219715 ] } },
{ "type": "Feature", "properties": { "diocese": "Pontica", "province": "Galatia I", "see": "Mnizus", "metropolis": null, "patriarchal": null, "unlocated": null, "x": 32.24784382, "y": 40.04529328, "batlas": "86 C3 Mnizos", "pleiades": "https://pleiades.stoa.org/places/845020", "notes": null, "E431": null, "A445": null, "A448": null, "C448": null, "TB449": null, "C449": null, "E449": null, "Ch": "Leucadius", "412-35": null, "428-31": null, "431": null, "434-46": null, "445-9": null, "449-51": null, "450": null, "450+": null, "?": null, "Ch; from 457": null, "TB449; end of Ch": null, "after 451": null, "c.440": null, "early 440s": null, "from 451": null, "d. c.443": null, "c.443-7": null }, "geometry": { "type": "Point", "coordinates": [ 32.24784382, 40.04529328 ] } },
{ "type": "Feature", "properties": { "diocese": "Pontica", "province": "Galatia I", "see": "Tavium", "metropolis": null, "patriarchal": null, "unlocated": null, "x": 34.51945768, "y": 39.85746435, "batlas": "63 F1 Taouion/Tabia", "pleiades": "https://pleiades.stoa.org/places/619267", "notes": null, "E431": null, "A445": null, "A448": null, "C448": null, "TB449": null, "C449": null, "E449": "Julian", "Ch": "Julian", "412-35": null, "428-31": null, "431": null, "434-46": null, "445-9": null, "449-51": null, "450": null, "450+": null, "?": null, "Ch; from 457": null, "TB449; end of Ch": null, "after 451": null, "c.440": null, "early 440s": null, "from 451": null, "d. c.443": null, "c.443-7": null }, "geometry": { "type": "Point", "coordinates": [ 34.51945768, 39.85746435 ] } },
{ "type": "Feature", "properties": { "diocese": "Pontica", "province": "Galatia II", "see": "Amorium", "metropolis": null, "patriarchal": null, "unlocated": null, "x": 31.2955626, "y": 39.01843061, "batlas": "62 F3 Amorion", "pleiades": "https://pleiades.stoa.org/places/609302", "notes": null, "E431": "Ablabius", "A445": null, "A448": null, "C448": null, "TB449": null, "C449": null, "E449": null, "Ch": "Mysterius", "412-35": null, "428-31": null, "431": null, "434-46": null, "445-9": null, "449-51": null, "450": null, "450+": null, "?": null, "Ch; from 457": null, "TB449; end of Ch": null, "after 451": null, "c.440": null, "early 440s": null, "from 451": null, "d. c.443": null, "c.443-7": null }, "geometry": { "type": "Point", "coordinates": [ 31.2955626, 39.01843061 ] } },
{ "type": "Feature", "properties": { "diocese": "Pontica", "province": "Galatia II", "see": "Eudoxias", "metropolis": null, "patriarchal": null, "unlocated": null, "x": 31.746248, "y": 39.455074, "batlas": "62 G3 Eudoxias?", "pleiades": "https://pleiades.stoa.org/places/609377", "notes": null, "E431": null, "A445": null, "A448": null, "C448": null, "TB449": null, "C449": null, "E449": null, "Ch": "Aquila", "412-35": null, "428-31": null, "431": null, "434-46": null, "445-9": null, "449-51": null, "450": null, "450+": null, "?": null, "Ch; from 457": null, "TB449; end of Ch": null, "after 451": null, "c.440": null, "early 440s": null, "from 451": null, "d. c.443": null, "c.443-7": null }, "geometry": { "type": "Point", "coordinates": [ 31.746248, 39.455074 ] } },
{ "type": "Feature", "properties": { "diocese": "Pontica", "province": "Galatia II", "see": "Orcistus", "metropolis": null, "patriarchal": null, "unlocated": null, "x": 31.257318, "y": 39.25731737, "batlas": "62 F3 Orkistos", "pleiades": "https://pleiades.stoa.org/places/609488", "notes": null, "E431": "Domnus", "A445": null, "A448": null, "C448": null, "TB449": null, "C449": null, "E449": null, "Ch": "Longinus", "412-35": null, "428-31": null, "431": null, "434-46": null, "445-9": null, "449-51": null, "450": null, "450+": null, "?": null, "Ch; from 457": null, "TB449; end of Ch": null, "after 451": null, "c.440": null, "early 440s": null, "from 451": null, "d. c.443": null, "c.443-7": null }, "geometry": { "type": "Point", "coordinates": [ 31.257318, 39.25731737 ] } },
{ "type": "Feature", "properties": { "diocese": "Pontica", "province": "Galatia II", "see": "Pessinus", "metropolis": true, "patriarchal": null, "unlocated": null, "x": 31.58356062, "y": 39.33286824, "batlas": "62 G3 Pessinous/Iustinianoupolis", "pleiades": "https://pleiades.stoa.org/places/609500", "notes": null, "E431": "Pius", "A445": null, "A448": null, "C448": null, "TB449": null, "C449": null, "E449": "Theoctistus", "Ch": "Theoctistus", "412-35": null, "428-31": null, "431": null, "434-46": null, "445-9": null, "449-51": null, "450": null, "450+": null, "?": null, "Ch; from 457": null, "TB449; end of Ch": null, "after 451": null, "c.440": null, "early 440s": null, "from 451": null, "d. c.443": null, "c.443-7": null }, "geometry": { "type": "Point", "coordinates": [ 31.58356062, 39.33286824 ] } },
{ "type": "Feature", "properties": { "diocese": "Pontica", "province": "Galatia II", "see": "Petnissus", "metropolis": null, "patriarchal": null, "unlocated": true, "x": 31.6895, "y": 39.2877, "batlas": null, "pleiades": null, "notes": "Found in The Acts … but not in Pleiades or Batlas.", "E431": null, "A445": null, "A448": null, "C448": null, "TB449": null, "C449": null, "E449": null, "Ch": "Pius", "412-35": null, "428-31": null, "431": null, "434-46": null, "445-9": null, "449-51": null, "450": null, "450+": null, "?": null, "Ch; from 457": null, "TB449; end of Ch": null, "after 451": null, "c.440": null, "early 440s": null, "from 451": null, "d. c.443": null, "c.443-7": null }, "geometry": { "type": "Point", "coordinates": [ 31.6895, 39.2877 ] } },
{ "type": "Feature", "properties": { "diocese": "Pontica", "province": "Galatia II", "see": "Thermae", "metropolis": null, "patriarchal": null, "unlocated": null, "x": 32.50832331, "y": 39.475327, "batlas": "63 A2 Myrikion/Therma", "pleiades": "https://pleiades.stoa.org/places/619216", "notes": null, "E431": null, "A445": null, "A448": null, "C448": null, "TB449": null, "C449": null, "E449": null, "Ch": "Helpidius", "412-35": null, "428-31": null, "431": null, "434-46": null, "445-9": null, "449-51": null, "450": null, "450+": null, "?": null, "Ch; from 457": null, "TB449; end of Ch": null, "after 451": null, "c.440": null, "early 440s": null, "from 451": null, "d. c.443": null, "c.443-7": null }, "geometry": { "type": "Point", "coordinates": [ 32.50832331, 39.475327 ] } },
{ "type": "Feature", "properties": { "diocese": "Pontica", "province": "Galatia II", "see": "Trocnades", "metropolis": null, "patriarchal": null, "unlocated": null, "x": 31.18008296, "y": 39.51750474, "batlas": "62 F2 *Trokna", "pleiades": "https://pleiades.stoa.org/places/609561", "notes": null, "E431": null, "A445": null, "A448": null, "C448": null, "TB449": null, "C449": null, "E449": "Cyriacus", "Ch": "Cyriacus", "412-35": null, "428-31": null, "431": null, "434-46": null, "445-9": null, "449-51": null, "450": null, "450+": null, "?": null, "Ch; from 457": null, "TB449; end of Ch": null, "after 451": null, "c.440": null, "early 440s": null, "from 451": null, "d. c.443": null, "c.443-7": null }, "geometry": { "type": "Point", "coordinates": [ 31.18008296, 39.51750474 ] } },
{ "type": "Feature", "properties": { "diocese": "Pontica", "province": "Helenopontus", "see": "Amaseia", "metropolis": true, "patriarchal": null, "unlocated": null, "x": 35.82801433, "y": 40.66675489, "batlas": "87 A4 Amaseia", "pleiades": "https://pleiades.stoa.org/places/857018", "notes": null, "E431": "Palladius", "A445": null, "A448": null, "C448": "Seleucus", "TB449": null, "C449": "Seleucus", "E449": "Seleucus", "Ch": "Seleucus", "412-35": null, "428-31": null, "431": null, "434-46": null, "445-9": null, "449-51": null, "450": null, "450+": null, "?": null, "Ch; from 457": null, "TB449; end of Ch": null, "after 451": null, "c.440": null, "early 440s": null, "from 451": null, "d. c.443": null, "c.443-7": null }, "geometry": { "type": "Point", "coordinates": [ 35.82801433, 40.66675489 ] } },
{ "type": "Feature", "properties": { "diocese": "Pontica", "province": "Helenopontus", "see": "Amisus", "metropolis": null, "patriarchal": null, "unlocated": null, "x": 36.3313, "y": 41.29282691, "batlas": "87 B3 Amisus/Peiraieus", "pleiades": "https://pleiades.stoa.org/places/857024", "notes": null, "E431": null, "A445": null, "A448": null, "C448": null, "TB449": null, "C449": null, "E449": null, "Ch": "Antonianus", "412-35": null, "428-31": null, "431": null, "434-46": null, "445-9": null, "449-51": null, "450": null, "450+": null, "?": null, "Ch; from 457": null, "TB449; end of Ch": null, "after 451": null, "c.440": null, "early 440s": null, "from 451": null, "d. c.443": null, "c.443-7": null }, "geometry": { "type": "Point", "coordinates": [ 36.3313, 41.29282691 ] } },
{ "type": "Feature", "properties": { "diocese": "Pontica", "province": "Helenopontus", "see": "Andrapa", "metropolis": null, "patriarchal": null, "unlocated": null, "x": 35.46216548, "y": 41.15368207, "batlas": "87 A3 Andrapa/Neapolis/Neoklaudiopolis", "pleiades": "https://pleiades.stoa.org/places/857028", "notes": null, "E431": "Paralius", "A445": null, "A448": null, "C448": null, "TB449": null, "C449": null, "E449": null, "Ch": "Paralius", "412-35": null, "428-31": null, "431": null, "434-46": null, "445-9": null, "449-51": null, "450": null, "450+": null, "?": null, "Ch; from 457": null, "TB449; end of Ch": null, "after 451": null, "c.440": null, "early 440s": null, "from 451": null, "d. c.443": null, "c.443-7": null }, "geometry": { "type": "Point", "coordinates": [ 35.46216548, 41.15368207 ] } },
{ "type": "Feature", "properties": { "diocese": "Pontica", "province": "Helenopontus", "see": "Ibora", "metropolis": null, "patriarchal": null, "unlocated": null, "x": 36.59330881, "y": 40.61689, "batlas": "87 B4 Ibora", "pleiades": "https://pleiades.stoa.org/places/857169", "notes": null, "E431": null, "A445": null, "A448": null, "C448": null, "TB449": null, "C449": null, "E449": null, "Ch": "Uranius", "412-35": null, "428-31": null, "431": null, "434-46": null, "445-9": null, "449-51": null, "450": null, "450+": null, "?": null, "Ch; from 457": null, "TB449; end of Ch": null, "after 451": null, "c.440": null, "early 440s": null, "from 451": null, "d. c.443": null, "c.443-7": null }, "geometry": { "type": "Point", "coordinates": [ 36.59330881, 40.61689 ] } },
{ "type": "Feature", "properties": { "diocese": "Pontica", "province": "Helenopontus", "see": "Sinope", "metropolis": null, "patriarchal": null, "unlocated": null, "x": 35.14310748, "y": 42.02582836, "batlas": "87 A2 Sinope", "pleiades": "https://pleiades.stoa.org/places/857321", "notes": null, "E431": null, "A445": null, "A448": null, "C448": null, "TB449": null, "C449": null, "E449": null, "Ch": "Antiochus", "412-35": null, "428-31": null, "431": null, "434-46": null, "445-9": null, "449-51": null, "450": null, "450+": null, "?": null, "Ch; from 457": null, "TB449; end of Ch": null, "after 451": null, "c.440": null, "early 440s": null, "from 451": null, "d. c.443": null, "c.443-7": null }, "geometry": { "type": "Point", "coordinates": [ 35.14310748, 42.02582836 ] } },
{ "type": "Feature", "properties": { "diocese": "Pontica", "province": "Helenopontus", "see": "Zela", "metropolis": null, "patriarchal": null, "unlocated": null, "x": 35.89018843, "y": 40.30388309, "batlas": "87 A4 Zela", "pleiades": "https://pleiades.stoa.org/places/857382", "notes": null, "E431": null, "A445": null, "A448": null, "C448": null, "TB449": null, "C449": null, "E449": null, "Ch": "Atticus", "412-35": null, "428-31": null, "431": null, "434-46": null, "445-9": null, "449-51": null, "450": null, "450+": null, "?": null, "Ch; from 457": null, "TB449; end of Ch": null, "after 451": null, "c.440": null, "early 440s": null, "from 451": null, "d. c.443": null, "c.443-7": null }, "geometry": { "type": "Point", "coordinates": [ 35.89018843, 40.30388309 ] } },
{ "type": "Feature", "properties": { "diocese": "Pontica", "province": "Honorias", "see": "Claudiopolis", "metropolis": true, "patriarchal": null, "unlocated": null, "x": 31.5858576, "y": 40.7561925, "batlas": "86 B3 Bithynion/Claudiopolis/Hadriana", "pleiades": "https://pleiades.stoa.org/places/844879", "notes": null, "E431": "Olympius", "A445": null, "A448": null, "C448": null, "TB449": null, "C449": null, "E449": "Calogerus", "Ch": "Calogerus", "412-35": null, "428-31": null, "431": null, "434-46": null, "445-9": null, "449-51": null, "450": null, "450+": null, "?": null, "Ch; from 457": null, "TB449; end of Ch": null, "after 451": null, "c.440": null, "early 440s": null, "from 451": null, "d. c.443": null, "c.443-7": null }, "geometry": { "type": "Point", "coordinates": [ 31.5858576, 40.7561925 ] } },
{ "type": "Feature", "properties": { "diocese": "Pontica", "province": "Honorias", "see": "Creteia", "metropolis": null, "patriarchal": null, "unlocated": null, "x": 32.16490969, "y": 40.81209533, "batlas": "86 C3 Krateia/Flaviopolis/*Agrippeia?", "pleiades": "https://pleiades.stoa.org/places/844991", "notes": null, "E431": "Epiphanius", "A445": null, "A448": null, "C448": null, "TB449": null, "C449": null, "E449": null, "Ch": "Genethlius", "412-35": null, "428-31": null, "431": null, "434-46": null, "445-9": null, "449-51": null, "450": null, "450+": null, "?": null, "Ch; from 457": null, "TB449; end of Ch": null, "after 451": null, "c.440": null, "early 440s": null, "from 451": null, "d. c.443": null, "c.443-7": null }, "geometry": { "type": "Point", "coordinates": [ 32.16490969, 40.81209533 ] } },
{ "type": "Feature", "properties": { "diocese": "Pontica", "province": "Honorias", "see": "Hadrianopolis", "metropolis": null, "patriarchal": null, "unlocated": null, "x": 32.4913771, "y": 40.9259818, "batlas": "86 C3 Kaisareia/Hadrianopolis/Proseilemmene", "pleiades": "https://pleiades.stoa.org/places/844959", "notes": null, "E431": null, "A445": null, "A448": null, "C448": null, "TB449": null, "C449": null, "E449": null, "Ch": "Theophilus", "412-35": null, "428-31": null, "431": null, "434-46": null, "445-9": null, "449-51": null, "450": null, "450+": null, "?": null, "Ch; from 457": null, "TB449; end of Ch": null, "after 451": null, "c.440": null, "early 440s": null, "from 451": null, "d. c.443": null, "c.443-7": null }, "geometry": { "type": "Point", "coordinates": [ 32.4913771, 40.9259818 ] } },
{ "type": "Feature", "properties": { "diocese": "Pontica", "province": "Honorias", "see": "Heraclea", "metropolis": null, "patriarchal": null, "unlocated": null, "x": 31.41748415, "y": 41.28325533, "batlas": "86 B2 Heraclea", "pleiades": "https://pleiades.stoa.org/places/844944", "notes": null, "E431": "Eusebius", "A445": null, "A448": null, "C448": null, "TB449": null, "C449": null, "E449": null, "Ch": "Theodore", "412-35": null, "428-31": null, "431": null, "434-46": null, "445-9": null, "449-51": null, "450": null, "450+": null, "?": null, "Ch; from 457": null, "TB449; end of Ch": null, "after 451": null, "c.440": null, "early 440s": null, "from 451": null, "d. c.443": null, "c.443-7": null }, "geometry": { "type": "Point", "coordinates": [ 31.41748415, 41.28325533 ] } },
{ "type": "Feature", "properties": { "diocese": "Pontica", "province": "Honorias", "see": "Prusias", "metropolis": null, "patriarchal": null, "unlocated": null, "x": 31.12069059, "y": 40.91419133, "batlas": "86 B3 Prusias ad Hypium/Kieros", "pleiades": "https://pleiades.stoa.org/places/845049", "notes": null, "E431": null, "A445": null, "A448": null, "C448": null, "TB449": null, "C449": null, "E449": null, "Ch": "Olympius", "412-35": null, "428-31": null, "431": null, "434-46": null, "445-9": null, "449-51": null, "450": null, "450+": null, "?": null, "Ch; from 457": null, "TB449; end of Ch": null, "after 451": null, "c.440": null, "early 440s": null, "from 451": null, "d. c.443": null, "c.443-7": null }, "geometry": { "type": "Point", "coordinates": [ 31.12069059, 40.91419133 ] } },
{ "type": "Feature", "properties": { "diocese": "Pontica", "province": "Honorias", "see": "Tieum", "metropolis": null, "patriarchal": null, "unlocated": null, "x": 32.03150954, "y": 41.57117437, "batlas": "86 C2 Tios/Tieion", "pleiades": "https://pleiades.stoa.org/places/845084", "notes": null, "E431": null, "A445": null, "A448": null, "C448": null, "TB449": null, "C449": null, "E449": null, "Ch": "Apragmonius", "412-35": null, "428-31": null, "431": null, "434-46": null, "445-9": null, "449-51": null, "450": null, "450+": null, "?": null, "Ch; from 457": null, "TB449; end of Ch": null, "after 451": null, "c.440": null, "early 440s": null, "from 451": null, "d. c.443": null, "c.443-7": null }, "geometry": { "type": "Point", "coordinates": [ 32.03150954, 41.57117437 ] } },
{ "type": "Feature", "properties": { "diocese": "Pontica", "province": "Paphlagonia", "see": "Amastris", "metropolis": null, "patriarchal": null, "unlocated": null, "x": 32.385648, "y": 41.74696024, "batlas": "86 C2 Amastris/Sesamos", "pleiades": "https://pleiades.stoa.org/places/844856", "notes": null, "E431": null, "A445": null, "A448": null, "C448": null, "TB449": null, "C449": null, "E449": null, "Ch": "Themistius", "412-35": null, "428-31": null, "431": null, "434-46": null, "445-9": null, "449-51": null, "450": null, "450+": null, "?": null, "Ch; from 457": null, "TB449; end of Ch": null, "after 451": null, "c.440": null, "early 440s": null, "from 451": null, "d. c.443": null, "c.443-7": null }, "geometry": { "type": "Point", "coordinates": [ 32.385648, 41.74696024 ] } },
{ "type": "Feature", "properties": { "diocese": "Pontica", "province": "Paphlagonia", "see": "Dadybra", "metropolis": null, "patriarchal": null, "unlocated": null, "x": 31.94553897, "y": 41.2230875, "batlas": "86 B2 Dadybra", "pleiades": "https://pleiades.stoa.org/places/844903", "notes": null, "E431": null, "A445": null, "A448": null, "C448": null, "TB449": null, "C449": null, "E449": null, "Ch": "Polychronius", "412-35": null, "428-31": null, "431": null, "434-46": null, "445-9": null, "449-51": null, "450": null, "450+": null, "?": null, "Ch; from 457": null, "TB449; end of Ch": null, "after 451": null, "c.440": null, "early 440s": null, "from 451": null, "d. c.443": null, "c.443-7": null }, "geometry": { "type": "Point", "coordinates": [ 31.94553897, 41.2230875 ] } },
{ "type": "Feature", "properties": { "diocese": "Pontica", "province": "Paphlagonia", "see": "Gangra", "metropolis": true, "patriarchal": null, "unlocated": null, "x": 33.61332733, "y": 40.60127145, "batlas": "86 D3 Gangra/Germanicopolis", "pleiades": "https://pleiades.stoa.org/places/844926", "notes": null, "E431": null, "A445": null, "A448": null, "C448": null, "TB449": null, "C449": null, "E449": "Peter", "Ch": "Peter", "412-35": null, "428-31": null, "431": null, "434-46": null, "445-9": null, "449-51": null, "450": null, "450+": null, "?": null, "Ch; from 457": null, "TB449; end of Ch": null, "after 451": null, "c.440": "Callinicus", "early 440s": null, "from 451": null, "d. c.443": null, "c.443-7": null }, "geometry": { "type": "Point", "coordinates": [ 33.61332733, 40.60127145 ] } },
{ "type": "Feature", "properties": { "diocese": "Pontica", "province": "Paphlagonia", "see": "Ionopolis", "metropolis": null, "patriarchal": null, "unlocated": null, "x": 33.76576558, "y": 41.97381591, "batlas": "86 D2 Abonouteichos/Ionopolis", "pleiades": "https://pleiades.stoa.org/places/844847", "notes": null, "E431": null, "A445": null, "A448": null, "C448": null, "TB449": null, "C449": null, "E449": null, "Ch": "Rhenus", "412-35": null, "428-31": null, "431": null, "434-46": null, "445-9": null, "449-51": null, "450": null, "450+": null, "?": null, "Ch; from 457": null, "TB449; end of Ch": null, "after 451": null, "c.440": null, "early 440s": null, "from 451": null, "d. c.443": null, "c.443-7": null }, "geometry": { "type": "Point", "coordinates": [ 33.76576558, 41.97381591 ] } },
{ "type": "Feature", "properties": { "diocese": "Pontica", "province": "Paphlagonia", "see": "Pompeiopolis", "metropolis": null, "patriarchal": null, "unlocated": null, "x": 34.18954561, "y": 41.5145101, "batlas": "86 E2 Pompeiopolis/Sebaste", "pleiades": "https://pleiades.stoa.org/places/845041", "notes": null, "E431": null, "A445": null, "A448": null, "C448": null, "TB449": null, "C449": null, "E449": null, "Ch": "Aetherius", "412-35": null, "428-31": null, "431": null, "434-46": null, "445-9": null, "449-51": null, "450": null, "450+": null, "?": null, "Ch; from 457": null, "TB449; end of Ch": null, "after 451": null, "c.440": null, "early 440s": null, "from 451": null, "d. c.443": null, "c.443-7": null }, "geometry": { "type": "Point", "coordinates": [ 34.18954561, 41.5145101 ] } },
{ "type": "Feature", "properties": { "diocese": "Pontica", "province": "Paphlagonia", "see": "Sora", "metropolis": null, "patriarchal": null, "unlocated": null, "x": 32.6224, "y": 41.139609, "batlas": "86 C2 Sora", "pleiades": "https://pleiades.stoa.org/places/845067", "notes": null, "E431": null, "A445": null, "A448": null, "C448": null, "TB449": null, "C449": null, "E449": null, "Ch": "Theodore", "412-35": null, "428-31": null, "431": null, "434-46": null, "445-9": null, "449-51": null, "450": null, "450+": null, "?": null, "Ch; from 457": null, "TB449; end of Ch": null, "after 451": null, "c.440": null, "early 440s": null, "from 451": null, "d. c.443": null, "c.443-7": null }, "geometry": { "type": "Point", "coordinates": [ 32.6224, 41.139609 ] } },
{ "type": "Feature", "properties": { "diocese": "Pontica", "province": "Pontus Polemoniacus", "see": "Cerasus", "metropolis": null, "patriarchal": null, "unlocated": null, "x": 38.39589883, "y": 40.91794458, "batlas": "87 D4 Kerasous/Pharnakeia", "pleiades": "https://pleiades.stoa.org/places/857185", "notes": null, "E431": "Gregory", "A445": null, "A448": null, "C448": null, "TB449": null, "C449": null, "E449": null, "Ch": "Gratidianus", "412-35": null, "428-31": null, "431": null, "434-46": null, "445-9": null, "449-51": null, "450": null, "450+": null, "?": null, "Ch; from 457": null, "TB449; end of Ch": null, "after 451": null, "c.440": null, "early 440s": null, "from 451": null, "d. c.443": null, "c.443-7": null }, "geometry": { "type": "Point", "coordinates": [ 38.39589883, 40.91794458 ] } },
{ "type": "Feature", "properties": { "diocese": "Pontica", "province": "Pontus Polemoniacus", "see": "Comana", "metropolis": null, "patriarchal": null, "unlocated": null, "x": 36.63887702, "y": 40.35775069, "batlas": "87 B4 Comana Pontica/Hierocaesarea", "pleiades": "https://pleiades.stoa.org/places/857095", "notes": null, "E431": "Prothymius", "A445": null, "A448": null, "C448": null, "TB449": null, "C449": null, "E449": null, "Ch": null, "412-35": null, "428-31": null, "431": null, "434-46": null, "445-9": null, "449-51": null, "450": null, "450+": null, "?": null, "Ch; from 457": null, "TB449; end of Ch": null, "after 451": null, "c.440": null, "early 440s": null, "from 451": null, "d. c.443": null, "c.443-7": null }, "geometry": { "type": "Point", "coordinates": [ 36.63887702, 40.35775069 ] } },
{ "type": "Feature", "properties": { "diocese": "Pontica", "province": "Pontus Polemoniacus", "see": "Neocaesarea", "metropolis": true, "patriarchal": null, "unlocated": null, "x": 37.0201215, "y": 40.5892125, "batlas": "87 B4 Kabeira/Neocaesarea/Diospolis/Sebaste/Hadriane", "pleiades": "https://pleiades.stoa.org/places/857177", "notes": null, "E431": null, "A445": null, "A448": null, "C448": "Dorotheus", "TB449": null, "C449": null, "E449": "Dorotheus", "Ch": "Dorotheus", "412-35": null, "428-31": null, "431": null, "434-46": null, "445-9": null, "449-51": null, "450": null, "450+": null, "?": null, "Ch; from 457": null, "TB449; end of Ch": null, "after 451": null, "c.440": null, "early 440s": null, "from 451": null, "d. c.443": null, "c.443-7": null }, "geometry": { "type": "Point", "coordinates": [ 37.0201215, 40.5892125 ] } },
{ "type": "Feature", "properties": { "diocese": "Pontica", "province": "Pontus Polemoniacus", "see": "Polemonium", "metropolis": null, "patriarchal": null, "unlocated": null, "x": 37.50003305, "y": 41.03109347, "batlas": "87 C3 Polemonion/Side", "pleiades": "https://pleiades.stoa.org/places/857285", "notes": null, "E431": null, "A445": null, "A448": null, "C448": null, "TB449": null, "C449": null, "E449": null, "Ch": "John", "412-35": null, "428-31": null, "431": null, "434-46": null, "445-9": null, "449-51": null, "450": null, "450+": null, "?": null, "Ch; from 457": null, "TB449; end of Ch": null, "after 451": null, "c.440": null, "early 440s": null, "from 451": null, "d. c.443": null, "c.443-7": null }, "geometry": { "type": "Point", "coordinates": [ 37.50003305, 41.03109347 ] } },
{ "type": "Feature", "properties": { "diocese": "Pontica", "province": "Pontus Polemoniacus", "see": "Trapezus", "metropolis": null, "patriarchal": null, "unlocated": null, "x": 39.72368739, "y": 41.00455317, "batlas": "87 E4 Trapezus", "pleiades": "https://pleiades.stoa.org/places/857359", "notes": null, "E431": null, "A445": null, "A448": null, "C448": null, "TB449": null, "C449": null, "E449": null, "Ch": "Atarbius", "412-35": null, "428-31": null, "431": null, "434-46": null, "445-9": null, "449-51": null, "450": null, "450+": null, "?": null, "Ch; from 457": null, "TB449; end of Ch": null, "after 451": null, "c.440": null, "early 440s": null, "from 451": null, "d. c.443": null, "c.443-7": null }, "geometry": { "type": "Point", "coordinates": [ 39.72368739, 41.00455317 ] } },
{ "type": "Feature", "properties": { "diocese": "Special", "province": "Constantinople", "see": "Constantinople", "metropolis": null, "patriarchal": true, "unlocated": null, "x": 28.96539012, "y": 41.00720091, "batlas": "53 A2 Constantinopolis", "pleiades": "https://pleiades.stoa.org/places/520998", "notes": null, "E431": null, "A445": null, "A448": null, "C448": "Flavian", "TB449": null, "C449": "Flavian", "E449": "Flavian", "Ch": "Anatolius", "412-35": null, "428-31": "Nestorius", "431": null, "434-46": "Proclus", "445-9": null, "449-51": null, "450": null, "450+": null, "?": null, "Ch; from 457": null, "TB449; end of Ch": null, "after 451": null, "c.440": null, "early 440s": null, "from 451": null, "d. c.443": null, "c.443-7": null }, "geometry": { "type": "Point", "coordinates": [ 28.96539012, 41.00720091 ] } },
{ "type": "Feature", "properties": { "diocese": "Thrace", "province": "Europa", "see": "Bizye", "metropolis": null, "patriarchal": null, "unlocated": null, "x": 27.76378543, "y": 41.572702, "batlas": "52 B1 Bizye", "pleiades": "https://pleiades.stoa.org/places/511190", "notes": null, "E431": "Euprepius", "A445": null, "A448": null, "C448": null, "TB449": null, "C449": null, "E449": null, "Ch": "Lucian", "412-35": null, "428-31": null, "431": null, "434-46": null, "445-9": null, "449-51": null, "450": null, "450+": null, "?": null, "Ch; from 457": null, "TB449; end of Ch": null, "after 451": null, "c.440": null, "early 440s": null, "from 451": null, "d. c.443": null, "c.443-7": null }, "geometry": { "type": "Point", "coordinates": [ 27.76378543, 41.572702 ] } },
{ "type": "Feature", "properties": { "diocese": "Thrace", "province": "Europa", "see": "Chersonesus", "metropolis": null, "patriarchal": null, "unlocated": true, "x": 26.8441252, "y": 40.67598336, "batlas": "51 G4 Chersonesus", "pleiades": "https://pleiades.stoa.org/places/501386", "notes": null, "E431": null, "A445": null, "A448": null, "C448": null, "TB449": null, "C449": null, "E449": "Peter", "Ch": null, "412-35": null, "428-31": null, "431": null, "434-46": null, "445-9": null, "449-51": null, "450": null, "450+": null, "?": null, "Ch; from 457": null, "TB449; end of Ch": null, "after 451": null, "c.440": null, "early 440s": null, "from 451": null, "d. c.443": null, "c.443-7": null }, "geometry": { "type": "Point", "coordinates": [ 26.8441252, 40.67598336 ] } },
{ "type": "Feature", "properties": { "diocese": "Thrace", "province": "Europa", "see": "Coela", "metropolis": null, "patriarchal": null, "unlocated": null, "x": 26.36837414, "y": 40.207121, "batlas": "51 G4 Koila", "pleiades": "https://pleiades.stoa.org/places/501471", "notes": null, "E431": "Cyril", "A445": null, "A448": null, "C448": null, "TB449": null, "C449": null, "E449": null, "Ch": null, "412-35": null, "428-31": null, "431": null, "434-46": null, "445-9": null, "449-51": null, "450": null, "450+": null, "?": null, "Ch; from 457": null, "TB449; end of Ch": null, "after 451": null, "c.440": null, "early 440s": null, "from 451": null, "d. c.443": null, "c.443-7": null }, "geometry": { "type": "Point", "coordinates": [ 26.36837414, 40.207121 ] } },
{ "type": "Feature", "properties": { "diocese": "Thrace", "province": "Europa", "see": "Eudoxiopolis", "metropolis": null, "patriarchal": null, "unlocated": null, "x": 28.24777977, "y": 41.078496, "batlas": "52 C2 Sely(m)bria/Eudoxiopolis", "pleiades": "https://pleiades.stoa.org/places/511414", "notes": null, "E431": null, "A445": null, "A448": null, "C448": "Romanus", "TB449": null, "C449": null, "E449": null, "Ch": "Romanus", "412-35": null, "428-31": null, "431": null, "434-46": null, "445-9": null, "449-51": null, "450": null, "450+": null, "?": null, "Ch; from 457": null, "TB449; end of Ch": null, "after 451": null, "c.440": null, "early 440s": null, "from 451": null, "d. c.443": null, "c.443-7": null }, "geometry": { "type": "Point", "coordinates": [ 28.24777977, 41.078496 ] } },
{ "type": "Feature", "properties": { "diocese": "Thrace", "province": "Europa", "see": "Heraclea", "metropolis": true, "patriarchal": null, "unlocated": null, "x": 27.95307577, "y": 40.97109059, "batlas": "52 B3 Perinthus/Heraclea", "pleiades": "https://pleiades.stoa.org/places/511357", "notes": null, "E431": null, "A445": null, "A448": null, "C448": null, "TB449": null, "C449": null, "E449": "Cyriacus", "Ch": "Cyriacus", "412-35": null, "428-31": null, "431": null, "434-46": null, "445-9": null, "449-51": null, "450": null, "450+": null, "?": null, "Ch; from 457": null, "TB449; end of Ch": null, "after 451": null, "c.440": null, "early 440s": null, "from 451": null, "d. c.443": null, "c.443-7": null }, "geometry": { "type": "Point", "coordinates": [ 27.95307577, 40.97109059 ] } },
{ "type": "Feature", "properties": { "diocese": "Thrace", "province": "Haemimontus", "see": "Deultum", "metropolis": null, "patriarchal": null, "unlocated": null, "x": 27.28086864, "y": 42.38863396, "batlas": "22 E6 Deultum", "pleiades": "https://pleiades.stoa.org/places/216788", "notes": null, "E431": null, "A445": null, "A448": null, "C448": "Jovian", "TB449": null, "C449": null, "E449": null, "Ch": "Jovian", "412-35": null, "428-31": null, "431": null, "434-46": null, "445-9": null, "449-51": null, "450": null, "450+": null, "?": null, "Ch; from 457": null, "TB449; end of Ch": null, "after 451": null, "c.440": null, "early 440s": null, "from 451": null, "d. c.443": null, "c.443-7": null }, "geometry": { "type": "Point", "coordinates": [ 27.28086864, 42.38863396 ] } },
{ "type": "Feature", "properties": { "diocese": "Thrace", "province": "Haemimontus", "see": "Hadrianopolis", "metropolis": true, "patriarchal": null, "unlocated": null, "x": 26.56371314, "y": 41.676459, "batlas": "51 H1 Hadrianoupolis", "pleiades": "https://pleiades.stoa.org/places/501428", "notes": null, "E431": null, "A445": null, "A448": null, "C448": null, "TB449": null, "C449": null, "E449": null, "Ch": "Gregory", "412-35": null, "428-31": null, "431": null, "434-46": null, "445-9": null, "449-51": null, "450": null, "450+": null, "?": null, "Ch; from 457": null, "TB449; end of Ch": null, "after 451": null, "c.440": null, "early 440s": null, "from 451": null, "d. c.443": null, "c.443-7": null }, "geometry": { "type": "Point", "coordinates": [ 26.56371314, 41.676459 ] } },
{ "type": "Feature", "properties": { "diocese": "Thrace", "province": "Moesia II", "see": "Marcianopolis", "metropolis": true, "patriarchal": null, "unlocated": null, "x": 27.585033, "y": 43.22504, "batlas": "22 E5 Marcianopolis", "pleiades": "https://pleiades.stoa.org/places/216878", "notes": null, "E431": null, "A445": null, "A448": null, "C448": "Saturninus", "TB449": null, "C449": "Saturninus", "E449": null, "Ch": null, "412-35": null, "428-31": null, "431": null, "434-46": null, "445-9": null, "449-51": null, "450": null, "450+": null, "?": null, "Ch; from 457": null, "TB449; end of Ch": null, "after 451": null, "c.440": null, "early 440s": null, "from 451": null, "d. c.443": null, "c.443-7": null }, "geometry": { "type": "Point", "coordinates": [ 27.585033, 43.22504 ] } },
{ "type": "Feature", "properties": { "diocese": "Thrace", "province": "Moesia II", "see": "Novae", "metropolis": null, "patriarchal": null, "unlocated": null, "x": 25.39403901, "y": 43.61303438, "batlas": "22 C5 Novae", "pleiades": "https://pleiades.stoa.org/places/216899", "notes": null, "E431": null, "A445": null, "A448": null, "C448": null, "TB449": null, "C449": "Secundinus", "E449": null, "Ch": null, "412-35": null, "428-31": null, "431": null, "434-46": null, "445-9": null, "449-51": null, "450": null, "450+": null, "?": null, "Ch; from 457": null, "TB449; end of Ch": null, "after 451": null, "c.440": null, "early 440s": null, "from 451": null, "d. c.443": null, "c.443-7": null }, "geometry": { "type": "Point", "coordinates": [ 25.39403901, 43.61303438 ] } },
{ "type": "Feature", "properties": { "diocese": "Thrace", "province": "Rhodope", "see": "Aenus", "metropolis": null, "patriarchal": null, "unlocated": null, "x": 26.08575469, "y": 40.7248985, "batlas": "51 G3 Ainos", "pleiades": "https://pleiades.stoa.org/places/501337", "notes": null, "E431": null, "A445": null, "A448": null, "C448": null, "TB449": null, "C449": null, "E449": null, "Ch": "Macarius", "412-35": null, "428-31": null, "431": null, "434-46": null, "445-9": null, "449-51": null, "450": null, "450+": null, "?": null, "Ch; from 457": null, "TB449; end of Ch": null, "after 451": null, "c.440": null, "early 440s": null, "from 451": null, "d. c.443": null, "c.443-7": null }, "geometry": { "type": "Point", "coordinates": [ 26.08575469, 40.7248985 ] } },
{ "type": "Feature", "properties": { "diocese": "Thrace", "province": "Rhodope", "see": "Maronea", "metropolis": null, "patriarchal": null, "unlocated": null, "x": 25.51152877, "y": 40.873751, "batlas": "51 F3 Maroneia", "pleiades": "https://pleiades.stoa.org/places/501507", "notes": null, "E431": "Docimasius", "A445": null, "A448": null, "C448": null, "TB449": null, "C449": null, "E449": "Docimasius", "Ch": "Docimasius", "412-35": null, "428-31": null, "431": null, "434-46": null, "445-9": null, "449-51": null, "450": null, "450+": null, "?": null, "Ch; from 457": null, "TB449; end of Ch": null, "after 451": null, "c.440": null, "early 440s": null, "from 451": null, "d. c.443": null, "c.443-7": null }, "geometry": { "type": "Point", "coordinates": [ 25.51152877, 40.873751 ] } },
{ "type": "Feature", "properties": { "diocese": "Thrace", "province": "Rhodope", "see": "Maximianopolis", "metropolis": null, "patriarchal": null, "unlocated": null, "x": 25.32539314, "y": 41.12725122, "batlas": "51 E2 *Porsulae/Maximianopolis", "pleiades": "https://pleiades.stoa.org/places/501574", "notes": null, "E431": "Ennepius", "A445": null, "A448": null, "C448": null, "TB449": null, "C449": null, "E449": null, "Ch": "Serenus", "412-35": null, "428-31": null, "431": null, "434-46": null, "445-9": null, "449-51": null, "450": null, "450+": null, "?": null, "Ch; from 457": null, "TB449; end of Ch": null, "after 451": null, "c.440": null, "early 440s": null, "from 451": null, "d. c.443": null, "c.443-7": null }, "geometry": { "type": "Point", "coordinates": [ 25.32539314, 41.12725122 ] } },
{ "type": "Feature", "properties": { "diocese": "Thrace", "province": "Rhodope", "see": "Topirus", "metropolis": null, "patriarchal": null, "unlocated": null, "x": 24.773105, "y": 41.07963347, "batlas": "51 D2 Topeiros", "pleiades": "https://pleiades.stoa.org/places/501645", "notes": null, "E431": "Lucian", "A445": null, "A448": null, "C448": null, "TB449": null, "C449": null, "E449": null, "Ch": null, "412-35": null, "428-31": null, "431": null, "434-46": null, "445-9": null, "449-51": null, "450": null, "450+": null, "?": null, "Ch; from 457": null, "TB449; end of Ch": null, "after 451": null, "c.440": null, "early 440s": null, "from 451": null, "d. c.443": null, "c.443-7": null }, "geometry": { "type": "Point", "coordinates": [ 24.773105, 41.07963347 ] } },
{ "type": "Feature", "properties": { "diocese": "Thrace", "province": "Rhodope", "see": "Trajanopolis", "metropolis": true, "patriarchal": null, "unlocated": null, "x": 26.05724697, "y": 40.85876082, "batlas": "51 G3 Traianoupolis", "pleiades": "https://pleiades.stoa.org/places/501649", "notes": null, "E431": null, "A445": null, "A448": null, "C448": null, "TB449": null, "C449": null, "E449": "Basil", "Ch": "Basil", "412-35": null, "428-31": null, "431": null, "434-46": null, "445-9": null, "449-51": null, "450": null, "450+": null, "?": null, "Ch; from 457": null, "TB449; end of Ch": null, "after 451": null, "c.440": null, "early 440s": null, "from 451": null, "d. c.443": null, "c.443-7": null }, "geometry": { "type": "Point", "coordinates": [ 26.05724697, 40.85876082 ] } },
{ "type": "Feature", "properties": { "diocese": "Thrace", "province": "Scythia", "see": "Tomi", "metropolis": true, "patriarchal": null, "unlocated": null, "x": 28.64984256, "y": 44.1728565, "batlas": "22 F4 Tomis", "pleiades": "https://pleiades.stoa.org/places/217016", "notes": null, "E431": "Timothy", "A445": null, "A448": null, "C448": null, "TB449": null, "C449": "Alexander", "E449": null, "Ch": "Alexander", "412-35": null, "428-31": null, "431": null, "434-46": null, "445-9": null, "449-51": null, "450": null, "450+": null, "?": null, "Ch; from 457": null, "TB449; end of Ch": null, "after 451": null, "c.440": null, "early 440s": null, "from 451": null, "d. c.443": null, "c.443-7": null }, "geometry": { "type": "Point", "coordinates": [ 28.64984256, 44.1728565 ] } },
{ "type": "Feature", "properties": { "diocese": "Thrace", "province": "Thrace", "see": "Beroe", "metropolis": null, "patriarchal": null, "unlocated": null, "x": 25.624862, "y": 42.4252474, "batlas": "22 C6 Beroe/Augusta Traiana", "pleiades": "https://pleiades.stoa.org/places/216731", "notes": null, "E431": null, "A445": null, "A448": null, "C448": null, "TB449": null, "C449": null, "E449": null, "Ch": "Sebastian", "412-35": null, "428-31": null, "431": null, "434-46": null, "445-9": null, "449-51": null, "450": null, "450+": null, "?": null, "Ch; from 457": null, "TB449; end of Ch": null, "after 451": null, "c.440": null, "early 440s": null, "from 451": null, "d. c.443": null, "c.443-7": null }, "geometry": { "type": "Point", "coordinates": [ 25.624862, 42.4252474 ] } },
{ "type": "Feature", "properties": { "diocese": "Thrace", "province": "Thrace", "see": "Diocletianopolis", "metropolis": null, "patriarchal": null, "unlocated": null, "x": 24.70457855, "y": 42.50154857, "batlas": "22 B6 Diocletianopolis", "pleiades": "https://pleiades.stoa.org/places/216792", "notes": null, "E431": null, "A445": null, "A448": null, "C448": null, "TB449": null, "C449": null, "E449": null, "Ch": "Epictetus", "412-35": null, "428-31": null, "431": null, "434-46": null, "445-9": null, "449-51": null, "450": null, "450+": null, "?": null, "Ch; from 457": null, "TB449; end of Ch": null, "after 451": null, "c.440": null, "early 440s": null, "from 451": null, "d. c.443": null, "c.443-7": null }, "geometry": { "type": "Point", "coordinates": [ 24.70457855, 42.50154857 ] } },
{ "type": "Feature", "properties": { "diocese": "Thrace", "province": "Thrace", "see": "Philippopolis", "metropolis": true, "patriarchal": null, "unlocated": null, "x": 24.749474, "y": 42.14560257, "batlas": "22 B6 Philippopolis/Trimontium", "pleiades": "https://pleiades.stoa.org/places/216927", "notes": null, "E431": null, "A445": null, "A448": null, "C448": null, "TB449": null, "C449": null, "E449": null, "Ch": "Francion", "412-35": null, "428-31": null, "431": null, "434-46": null, "445-9": null, "449-51": null, "450": null, "450+": null, "?": null, "Ch; from 457": null, "TB449; end of Ch": null, "after 451": null, "c.440": null, "early 440s": null, "from 451": null, "d. c.443": null, "c.443-7": null }, "geometry": { "type": "Point", "coordinates": [ 24.749474, 42.14560257 ] } }
]
}
